NatDex,Especie,Const,Geracao,ExisteNoRepo,Habilitada,Obtivel,Classificacao,MetodoLocal,Evidencia
1,Bulbasaur,SPECIES_BULBASAUR,1,Sim,Sim,Sim,Obtível normalmente,Game Corner gacha @ MAUVILLE_CITY_GAME_CORNER,src/game_corner_gacha.c (MAP_MAUVILLE_CITY_GAME_CORNER)
2,Ivysaur,SPECIES_IVYSAUR,1,Sim,Sim,Sim,Obtível normalmente,Game Corner gacha @ MAUVILLE_CITY_GAME_CORNER,src/game_corner_gacha.c (MAP_MAUVILLE_CITY_GAME_CORNER)
3,Venusaur,SPECIES_VENUSAUR,1,Sim,Sim,Sim,Obtível normalmente,Game Corner gacha @ MAUVILLE_CITY_GAME_CORNER,src/game_corner_gacha.c (MAP_MAUVILLE_CITY_GAME_CORNER)
4,Charmander,SPECIES_CHARMANDER,1,Sim,Sim,Sim,Obtível normalmente,Game Corner gacha @ MAUVILLE_CITY_GAME_CORNER,src/game_corner_gacha.c (MAP_MAUVILLE_CITY_GAME_CORNER)
5,Charmeleon,SPECIES_CHARMELEON,1,Sim,Sim,Sim,Obtível normalmente,Game Corner gacha @ MAUVILLE_CITY_GAME_CORNER,src/game_corner_gacha.c (MAP_MAUVILLE_CITY_GAME_CORNER)
6,Charizard,SPECIES_CHARIZARD,1,Sim,Sim,Sim,Obtível normalmente,Game Corner gacha @ MAUVILLE_CITY_GAME_CORNER,src/game_corner_gacha.c (MAP_MAUVILLE_CITY_GAME_CORNER)
7,Squirtle,SPECIES_SQUIRTLE,1,Sim,Sim,Sim,Obtível normalmente,Game Corner gacha @ MAUVILLE_CITY_GAME_CORNER,src/game_corner_gacha.c (MAP_MAUVILLE_CITY_GAME_CORNER)
8,Wartortle,SPECIES_WARTORTLE,1,Sim,Sim,Sim,Obtível normalmente,Game Corner gacha @ MAUVILLE_CITY_GAME_CORNER,src/game_corner_gacha.c (MAP_MAUVILLE_CITY_GAME_CORNER)
9,Blastoise,SPECIES_BLASTOISE,1,Sim,Sim,Sim,Obtível normalmente,Game Corner gacha @ MAUVILLE_CITY_GAME_CORNER,src/game_corner_gacha.c (MAP_MAUVILLE_CITY_GAME_CORNER)
10,Caterpie,SPECIES_CATERPIE,1,Sim,Sim,Sim,Obtível normalmente,Game Corner gacha @ MAUVILLE_CITY_GAME_CORNER; Wild encounter @ NATIONAL_PARK_BUG_CONTEST; Wild encounter @ ROUTE30; Wild encounter @ ROUTE31,src/data/wild_encounters.json (MAP_ROUTE30)
11,Metapod,SPECIES_METAPOD,1,Sim,Sim,Sim,Obtível normalmente,Game Corner gacha @ MAUVILLE_CITY_GAME_CORNER; Wild encounter @ ILEX_FOREST; Wild encounter @ NATIONAL_PARK_BUG_CONTEST; Wild encounter @ NATIONAL_PARK_NORMAL,src/data/wild_encounters.json (MAP_ILEX_FOREST)
12,Butterfree,SPECIES_BUTTERFREE,1,Sim,Sim,Sim,Obtível normalmente,Game Corner gacha @ MAUVILLE_CITY_GAME_CORNER; Wild encounter @ NATIONAL_PARK_BUG_CONTEST,src/data/wild_encounters.json (MAP_NATIONAL_PARK_BUG_CONTEST)
13,Weedle,SPECIES_WEEDLE,1,Sim,Sim,Sim,Obtível normalmente,Wild encounter @ NATIONAL_PARK_BUG_CONTEST; Wild encounter @ ROUTE30,src/data/wild_encounters.json (MAP_ROUTE30)
14,Kakuna,SPECIES_KAKUNA,1,Sim,Sim,Sim,Obtível normalmente,Game Corner gacha @ MAUVILLE_CITY_GAME_CORNER; Wild encounter @ ILEX_FOREST; Wild encounter @ NATIONAL_PARK_BUG_CONTEST; Wild encounter @ NATIONAL_PARK_NORMAL,src/data/wild_encounters.json (MAP_ILEX_FOREST)
15,Beedrill,SPECIES_BEEDRILL,1,Sim,Sim,Sim,Obtível normalmente,Game Corner gacha @ MAUVILLE_CITY_GAME_CORNER; Wild encounter @ NATIONAL_PARK_BUG_CONTEST,src/data/wild_encounters.json (MAP_NATIONAL_PARK_BUG_CONTEST)
16,Pidgey,SPECIES_PIDGEY,1,Sim,Sim,Sim,Obtível normalmente,Game Corner gacha @ MAUVILLE_CITY_GAME_CORNER; Wild encounter @ ROUTE29; Wild encounter @ ROUTE30,src/data/wild_encounters.json (MAP_ROUTE29)
17,Pidgeotto,SPECIES_PIDGEOTTO,1,Sim,Sim,Sim,Obtível normalmente,Game Corner gacha @ MAUVILLE_CITY_GAME_CORNER,src/game_corner_gacha.c (MAP_MAUVILLE_CITY_GAME_CORNER)
18,Pidgeot,SPECIES_PIDGEOT,1,Sim,Sim,Sim,Obtível normalmente,Game Corner gacha @ MAUVILLE_CITY_GAME_CORNER,src/game_corner_gacha.c (MAP_MAUVILLE_CITY_GAME_CORNER)
19,Rattata,SPECIES_RATTATA,1,Sim,Sim,Sim,Obtível normalmente,Game Corner gacha @ MAUVILLE_CITY_GAME_CORNER; Wild encounter @ ROUTE29; Wild encounter @ SPROUT_TOWER_2F; Wild encounter @ SPROUT_TOWER_3F,src/data/wild_encounters.json (MAP_ROUTE29)
20,Raticate,SPECIES_RATICATE,1,Sim,Sim,Sim,Obtível normalmente,Game Corner gacha @ MAUVILLE_CITY_GAME_CORNER; Wild encounter @ TIN_TOWER_3F; Wild encounter @ TIN_TOWER_4F; Wild encounter @ TIN_TOWER_5F; Wild encounter @ TIN_TOWER_6F; Wild encounter @ TIN_TOWER_7F; Wild encounter @ TIN_TOWER_8F; Wild encounter @ TIN_TOWER_9F,src/data/wild_encounters.json (MAP_TIN_TOWER_3F)
21,Spearow,SPECIES_SPEAROW,1,Sim,Nao,Nao,Desabilitado por configuração,"NPC gift (script, var) @ GATE_GOLDENROD_CITY_ROUTE35",data/maps/Gate_GoldenrodCity_Route35/scripts.inc:36 (MAP_GATE_GOLDENROD_CITY_ROUTE35)
22,Fearow,SPECIES_FEAROW,1,Sim,Nao,Nao,Desabilitado por configuração,,src/data/pokemon/species_info/gen_1_families.h:2657
23,Ekans,SPECIES_EKANS,1,Sim,Sim,Sim,Obtível normalmente,Game Corner gacha @ MAUVILLE_CITY_GAME_CORNER; Wild encounter @ ROUTE32; Wild encounter @ ROUTE33,src/data/wild_encounters.json (MAP_ROUTE32)
24,Arbok,SPECIES_ARBOK,1,Sim,Sim,Sim,Obtível normalmente,Game Corner gacha @ MAUVILLE_CITY_GAME_CORNER; Wild encounter @ ROUTE28,src/data/wild_encounters.json (MAP_ROUTE28)
25,Pikachu,SPECIES_PIKACHU,1,Sim,Sim,Sim,Obtível normalmente,Game Corner gacha @ MAUVILLE_CITY_GAME_CORNER; Hidden Grotto @ HIDDEN_GROTTO_ROUTE35; Wild encounter @ RAILWAY_CAVE; Wild encounter @ RAILWAY_CAVE_2F; Wild encounter @ RAILWAY_CAVE_3F,src/data/wild_encounters.json (MAP_RAILWAY_CAVE)
26,Raichu,SPECIES_RAICHU,1,Sim,Sim,Sim,Obtível normalmente,Game Corner gacha @ MAUVILLE_CITY_GAME_CORNER,src/game_corner_gacha.c (MAP_MAUVILLE_CITY_GAME_CORNER)
27,Sandshrew,SPECIES_SANDSHREW,1,Sim,Sim,Sim,Obtível normalmente,Game Corner gacha @ MAUVILLE_CITY_GAME_CORNER; Wild encounter @ SLOWPOKE_WELL_B1F; Wild encounter @ SLOWPOKE_WELL_B2F; Wild encounter @ UNION_CAVE_1F; Wild encounter @ UNION_CAVE_B1F,src/data/wild_encounters.json (MAP_UNION_CAVE_1F)
28,Sandslash,SPECIES_SANDSLASH,1,Sim,Sim,Sim,Obtível normalmente,Game Corner gacha @ MAUVILLE_CITY_GAME_CORNER,src/game_corner_gacha.c (MAP_MAUVILLE_CITY_GAME_CORNER)
29,Nidoran♀,SPECIES_NIDORAN_F,1,Sim,Sim,Sim,Obtível normalmente,Game Corner gacha @ MAUVILLE_CITY_GAME_CORNER; Wild encounter @ ROUTE46,src/data/wild_encounters.json (MAP_ROUTE46)
30,Nidorina,SPECIES_NIDORINA,1,Sim,Sim,Sim,Obtível normalmente,Game Corner gacha @ MAUVILLE_CITY_GAME_CORNER; Wild encounter @ ROUTE42,src/data/wild_encounters.json (MAP_ROUTE42)
31,Nidoqueen,SPECIES_NIDOQUEEN,1,Sim,Sim,Sim,Obtível normalmente,Game Corner gacha @ MAUVILLE_CITY_GAME_CORNER; Wild encounter @ VAJRA_DESERT_EAST_CAVE,src/data/wild_encounters.json (MAP_VAJRA_DESERT_EAST_CAVE)
32,Nidoran♂,SPECIES_NIDORAN_M,1,Sim,Sim,Sim,Obtível normalmente,Game Corner gacha @ MAUVILLE_CITY_GAME_CORNER; Wild encounter @ ROUTE46,src/data/wild_encounters.json (MAP_ROUTE46)
33,Nidorino,SPECIES_NIDORINO,1,Sim,Sim,Sim,Obtível normalmente,Game Corner gacha @ MAUVILLE_CITY_GAME_CORNER; Wild encounter @ ROUTE42,src/data/wild_encounters.json (MAP_ROUTE42)
34,Nidoking,SPECIES_NIDOKING,1,Sim,Sim,Sim,Obtível normalmente,Game Corner gacha @ MAUVILLE_CITY_GAME_CORNER; Wild encounter @ VAJRA_DESERT_EAST,src/data/wild_encounters.json (MAP_VAJRA_DESERT_EAST)
35,Clefairy,SPECIES_CLEFAIRY,1,Sim,Sim,Sim,Obtível normalmente,Game Corner gacha @ MAUVILLE_CITY_GAME_CORNER; Wild encounter @ ROUTE34,src/data/wild_encounters.json (MAP_ROUTE34)
36,Clefable,SPECIES_CLEFABLE,1,Sim,Sim,Sim,Obtível normalmente,Game Corner gacha @ MAUVILLE_CITY_GAME_CORNER,src/game_corner_gacha.c (MAP_MAUVILLE_CITY_GAME_CORNER)
37,Vulpix,SPECIES_VULPIX,1,Sim,Sim,Sim,Obtível normalmente,Game Corner gacha @ MAUVILLE_CITY_GAME_CORNER; Wild encounter @ ROUTE33,src/data/wild_encounters.json (MAP_ROUTE33)
38,Ninetales,SPECIES_NINETALES,1,Sim,Sim,Sim,Obtível normalmente,Game Corner gacha @ MAUVILLE_CITY_GAME_CORNER; Wild encounter @ ROUTE28,src/data/wild_encounters.json (MAP_ROUTE28)
39,Jigglypuff,SPECIES_JIGGLYPUFF,1,Sim,Sim,Sim,Obtível normalmente,Game Corner gacha @ MAUVILLE_CITY_GAME_CORNER; Wild encounter @ ROUTE35,src/data/wild_encounters.json (MAP_ROUTE35)
40,Wigglytuff,SPECIES_WIGGLYTUFF,1,Sim,Sim,Sim,Obtível normalmente,Game Corner gacha @ MAUVILLE_CITY_GAME_CORNER,src/game_corner_gacha.c (MAP_MAUVILLE_CITY_GAME_CORNER)
41,Zubat,SPECIES_ZUBAT,1,Sim,Sim,Sim,Obtível normalmente,Game Corner gacha @ MAUVILLE_CITY_GAME_CORNER; Wild encounter @ DARK_CAVE_SOUTH_SIDE; Wild encounter @ UNION_CAVE_1F; Wild encounter @ UNION_CAVE_B1F,src/data/wild_encounters.json (MAP_DARK_CAVE_SOUTH_SIDE)
42,Golbat,SPECIES_GOLBAT,1,Sim,Sim,Sim,Obtível normalmente,Game Corner gacha @ MAUVILLE_CITY_GAME_CORNER; Wild encounter @ CLIFF_EDGE_CAVE; Wild encounter @ DARK_CAVE_NORTH_SIDE; Wild encounter @ MT_MORTAR_1F_NORTH; Wild encounter @ MT_MORTAR_1F_SOUTH; Wild encounter @ MT_MORTAR_B1F; Wild encounter @ MT_SILVER_3F; Wild encounter @ UNION_CAVE_B2F; Wild encou,src/data/wild_encounters.json (MAP_UNION_CAVE_B2F)
43,Oddish,SPECIES_ODDISH,1,Sim,Sim,Sim,Obtível normalmente,Game Corner gacha @ MAUVILLE_CITY_GAME_CORNER; Hidden Grotto @ HIDDEN_GROTTO_ILEX; Wild encounter @ ILEX_FOREST,src/data/wild_encounters.json (MAP_ILEX_FOREST)
44,Gloom,SPECIES_GLOOM,1,Sim,Sim,Sim,Obtível normalmente,Game Corner gacha @ MAUVILLE_CITY_GAME_CORNER; Wild encounter @ ROUTE48,src/data/wild_encounters.json (MAP_ROUTE48)
45,Vileplume,SPECIES_VILEPLUME,1,Sim,Sim,Sim,Obtível normalmente,Game Corner gacha @ MAUVILLE_CITY_GAME_CORNER,src/game_corner_gacha.c (MAP_MAUVILLE_CITY_GAME_CORNER)
46,Paras,SPECIES_PARAS,1,Sim,Nao,Nao,Desabilitado por configuração,,src/data/pokemon/species_info/gen_1_families.h:6701
47,Parasect,SPECIES_PARASECT,1,Sim,Nao,Nao,Desabilitado por configuração,,src/data/pokemon/species_info/gen_1_families.h:6793
48,Venonat,SPECIES_VENONAT,1,Sim,Nao,Nao,Desabilitado por configuração,,src/data/pokemon/species_info/gen_1_families.h:6876
49,Venomoth,SPECIES_VENOMOTH,1,Sim,Nao,Nao,Desabilitado por configuração,,src/data/pokemon/species_info/gen_1_families.h:6956
50,Diglett,SPECIES_DIGLETT,1,Sim,Sim,Sim,Obtível normalmente,Game Corner gacha @ MAUVILLE_CITY_GAME_CORNER; Wild encounter @ UNION_CAVE_B2F,src/data/wild_encounters.json (MAP_UNION_CAVE_B2F)
51,Dugtrio,SPECIES_DUGTRIO,1,Sim,Sim,Sim,Obtível normalmente,Game Corner gacha @ MAUVILLE_CITY_GAME_CORNER; Wild encounter @ CLIFF_EDGE_CAVE; Wild encounter @ KITAKAMI_WELL_B1F,src/data/wild_encounters.json (MAP_CLIFF_EDGE_CAVE)
52,Meowth,SPECIES_MEOWTH,1,Sim,Sim,Sim,Obtível normalmente,Game Corner gacha @ MAUVILLE_CITY_GAME_CORNER; In-game trade; Wild encounter @ ROUTE31,src/data/wild_encounters.json (MAP_ROUTE31)
53,Persian,SPECIES_PERSIAN,1,Sim,Sim,Sim,Obtível normalmente,Game Corner gacha @ MAUVILLE_CITY_GAME_CORNER,src/game_corner_gacha.c (MAP_MAUVILLE_CITY_GAME_CORNER)
54,Psyduck,SPECIES_PSYDUCK,1,Sim,Nao,Nao,Desabilitado por configuração,,src/data/pokemon/species_info/gen_1_families.h:7887
55,Golduck,SPECIES_GOLDUCK,1,Sim,Nao,Nao,Desabilitado por configuração,,src/data/pokemon/species_info/gen_1_families.h:7961
56,Mankey,SPECIES_MANKEY,1,Sim,Sim,Sim,Obtível normalmente,Game Corner gacha @ MAUVILLE_CITY_GAME_CORNER; Wild encounter @ ROUTE36; Wild encounter @ RUINS_OF_ALPH_OUTSIDE,src/data/wild_encounters.json (MAP_ROUTE36)
57,Primeape,SPECIES_PRIMEAPE,1,Sim,Sim,Sim,Obtível normalmente,Game Corner gacha @ MAUVILLE_CITY_GAME_CORNER,src/game_corner_gacha.c (MAP_MAUVILLE_CITY_GAME_CORNER)
58,Growlithe,SPECIES_GROWLITHE,1,Sim,Sim,Sim,Obtível normalmente,Game Corner gacha @ MAUVILLE_CITY_GAME_CORNER; NPC gift (script) @ ROUTE25_BILLS_HOUSE; Wild encounter @ ROUTE36; Wild encounter @ ROUTE46,src/data/wild_encounters.json (MAP_ROUTE46)
59,Arcanine,SPECIES_ARCANINE,1,Sim,Sim,Sim,Obtível normalmente,Game Corner gacha @ MAUVILLE_CITY_GAME_CORNER; Wild encounter @ MT_SILVER_OUTSIDE,src/data/wild_encounters.json (MAP_MT_SILVER_OUTSIDE)
60,Poliwag,SPECIES_POLIWAG,1,Sim,Sim,Sim,Obtível normalmente,Game Corner gacha @ MAUVILLE_CITY_GAME_CORNER; Wild encounter @ BLACKTHORN_CITY; Wild encounter @ ECRUTEAK_CITY; Wild encounter @ ILEX_FOREST; Wild encounter @ KITAKAMI_WELL_B1F; Wild encounter @ MT_SILVER_1F_ITEM_ROOM; Wild encounter @ MT_SILVER_OUTSIDE; Wild encounter @ ROUTE28; Wild encounter @ R,src/data/wild_encounters.json (MAP_ROUTE30)
61,Poliwhirl,SPECIES_POLIWHIRL,1,Sim,Sim,Sim,Obtível normalmente,Game Corner gacha @ MAUVILLE_CITY_GAME_CORNER; Wild encounter @ BLACKTHORN_CITY; Wild encounter @ ECRUTEAK_CITY; Wild encounter @ ILEX_FOREST; Wild encounter @ KITAKAMI_WELL_B1F; Wild encounter @ MT_SILVER_1F_ITEM_ROOM; Wild encounter @ MT_SILVER_OUTSIDE; Wild encounter @ ROUTE28; Wild encounter @ R,src/data/wild_encounters.json (MAP_ROUTE30)
62,Poliwrath,SPECIES_POLIWRATH,1,Sim,Sim,Sim,Obtível normalmente,Game Corner gacha @ MAUVILLE_CITY_GAME_CORNER; Wild encounter @ KITAKAMI_WELL_B1F; Wild encounter @ MT_SILVER_OUTSIDE; Wild encounter @ ROUTE28,src/data/wild_encounters.json (MAP_MT_SILVER_OUTSIDE)
63,Abra,SPECIES_ABRA,1,Sim,Sim,Sim,Obtível normalmente,Game Corner gacha @ MAUVILLE_CITY_GAME_CORNER; Wild encounter @ ROUTE34,src/data/wild_encounters.json (MAP_ROUTE34)
64,Kadabra,SPECIES_KADABRA,1,Sim,Sim,Sim,Obtível normalmente,Game Corner gacha @ MAUVILLE_CITY_GAME_CORNER,src/game_corner_gacha.c (MAP_MAUVILLE_CITY_GAME_CORNER)
65,Alakazam,SPECIES_ALAKAZAM,1,Sim,Sim,Sim,Obtível normalmente,Game Corner gacha @ MAUVILLE_CITY_GAME_CORNER,src/game_corner_gacha.c (MAP_MAUVILLE_CITY_GAME_CORNER)
66,Machop,SPECIES_MACHOP,1,Sim,Sim,Sim,Obtível normalmente,Game Corner gacha @ MAUVILLE_CITY_GAME_CORNER; Wild encounter @ ROUTE33,src/data/wild_encounters.json (MAP_ROUTE33)
67,Machoke,SPECIES_MACHOKE,1,Sim,Sim,Sim,Obtível normalmente,Game Corner gacha @ MAUVILLE_CITY_GAME_CORNER; Wild encounter @ MT_MORTAR_1F_NORTH; Wild encounter @ MT_MORTAR_1F_SOUTH; Wild encounter @ MT_MORTAR_B1F; Wild encounter @ MT_SILVER_3F,src/data/wild_encounters.json (MAP_MT_MORTAR_1F_SOUTH)
68,Machamp,SPECIES_MACHAMP,1,Sim,Sim,Sim,Obtível normalmente,Game Corner gacha @ MAUVILLE_CITY_GAME_CORNER; Wild encounter @ MT_SILVER_2F,src/data/wild_encounters.json (MAP_MT_SILVER_2F)
69,Bellsprout,SPECIES_BELLSPROUT,1,Sim,Sim,Sim,Obtível normalmente,Game Corner gacha @ MAUVILLE_CITY_GAME_CORNER; Wild encounter @ ROUTE31; Wild encounter @ ROUTE36,src/data/wild_encounters.json (MAP_ROUTE31)
70,Weepinbell,SPECIES_WEEPINBELL,1,Sim,Sim,Sim,Obtível normalmente,Game Corner gacha @ MAUVILLE_CITY_GAME_CORNER; Wild encounter @ LAKE_OF_RAGE,src/data/wild_encounters.json (MAP_LAKE_OF_RAGE)
71,Victreebel,SPECIES_VICTREEBEL,1,Sim,Sim,Sim,Obtível normalmente,Game Corner gacha @ MAUVILLE_CITY_GAME_CORNER,src/game_corner_gacha.c (MAP_MAUVILLE_CITY_GAME_CORNER)
72,Tentacool,SPECIES_TENTACOOL,1,Sim,Sim,Sim,Obtível normalmente,"Game Corner gacha @ MAUVILLE_CITY_GAME_CORNER; NPC gift (script) @ CIANWOOD_POKECENTER; NPC gift (script, var) @ CIANWOOD_POKECENTER; Wild encounter @ CHERRYGROVE_CITY; Wild encounter @ NEW_BARK_TOWN; Wild encounter @ OLIVINE_CITY_PORT_OUTSIDE; Wild encounter @ ROUTE26; Wild encounter @ ROUTE27; Wil",src/data/wild_encounters.json (MAP_ROUTE32)
73,Tentacruel,SPECIES_TENTACRUEL,1,Sim,Sim,Sim,Obtível normalmente,Game Corner gacha @ MAUVILLE_CITY_GAME_CORNER; Static battle @ ROUTE41; Wild encounter @ CHERRYGROVE_CITY; Wild encounter @ NEW_BARK_TOWN; Wild encounter @ OLIVINE_CITY_PORT_OUTSIDE; Wild encounter @ ROUTE26; Wild encounter @ ROUTE27; Wild encounter @ ROUTE32; Wild encounter @ ROUTE41; Wild encounte,src/data/wild_encounters.json (MAP_ROUTE32)
74,Geodude,SPECIES_GEODUDE,1,Sim,Sim,Sim,Obtível normalmente,Game Corner gacha @ MAUVILLE_CITY_GAME_CORNER; Wild encounter @ DARK_CAVE_SOUTH_SIDE; Wild encounter @ ROCKET_HIDEOUT_B1F; Wild encounter @ ROUTE46; Wild encounter @ RUINS_OF_ALPH_OUTSIDE; Wild encounter @ UNION_CAVE_1F; Wild encounter @ UNION_CAVE_B1F,src/data/wild_encounters.json (MAP_ROUTE46)
75,Graveler,SPECIES_GRAVELER,1,Sim,Sim,Sim,Obtível normalmente,Game Corner gacha @ MAUVILLE_CITY_GAME_CORNER; Wild encounter @ DARK_CAVE_NORTH_SIDE; Wild encounter @ MT_MORTAR_1F_NORTH; Wild encounter @ MT_MORTAR_1F_SOUTH; Wild encounter @ MT_MORTAR_B1F,src/data/wild_encounters.json (MAP_MT_MORTAR_1F_SOUTH)
76,Golem,SPECIES_GOLEM,1,Sim,Sim,Sim,Obtível normalmente,Game Corner gacha @ MAUVILLE_CITY_GAME_CORNER; Wild encounter @ MT_SILVER_3F; Wild encounter @ VICTORY_ROAD_KANTO_1F; Wild encounter @ VICTORY_ROAD_KANTO_B1F; Wild encounter @ VICTORY_ROAD_KANTO_B2F,src/data/wild_encounters.json (MAP_VICTORY_ROAD_KANTO_B2F)
77,Ponyta,SPECIES_PONYTA,1,Sim,Sim,Sim,Obtível normalmente,Game Corner gacha @ MAUVILLE_CITY_GAME_CORNER; Wild encounter @ ROUTE39,src/data/wild_encounters.json (MAP_ROUTE39)
78,Rapidash,SPECIES_RAPIDASH,1,Sim,Sim,Sim,Obtível normalmente,Game Corner gacha @ MAUVILLE_CITY_GAME_CORNER; Wild encounter @ ROUTE28,src/data/wild_encounters.json (MAP_ROUTE28)
79,Slowpoke,SPECIES_SLOWPOKE,1,Sim,Sim,Sim,Obtível normalmente,Game Corner gacha @ MAUVILLE_CITY_GAME_CORNER; Wild encounter @ SLOWPOKE_WELL_B1F; Wild encounter @ SLOWPOKE_WELL_B2F; Wild encounter @ TOHJO_FALLS_CAVERN; Wild encounter @ UNION_CAVE_B1F,src/data/wild_encounters.json (MAP_UNION_CAVE_B1F)
80,Slowbro,SPECIES_SLOWBRO,1,Sim,Sim,Sim,Obtível normalmente,Game Corner gacha @ MAUVILLE_CITY_GAME_CORNER; Wild encounter @ SLOWPOKE_WELL_B1F; Wild encounter @ SLOWPOKE_WELL_B2F; Wild encounter @ TOHJO_FALLS_CAVERN; Wild encounter @ UNION_CAVE_1F; Wild encounter @ UNION_CAVE_B1F,src/data/wild_encounters.json (MAP_UNION_CAVE_1F)
81,Magnemite,SPECIES_MAGNEMITE,1,Sim,Sim,Sim,Obtível normalmente,Game Corner gacha @ MAUVILLE_CITY_GAME_CORNER; Wild encounter @ RAILWAY_CAVE; Wild encounter @ RAILWAY_CAVE_2F; Wild encounter @ RAILWAY_CAVE_3F; Wild encounter @ ROUTE38; Wild encounter @ ROUTE39,src/data/wild_encounters.json (MAP_ROUTE38)
82,Magneton,SPECIES_MAGNETON,1,Sim,Sim,Sim,Obtível normalmente,Game Corner gacha @ MAUVILLE_CITY_GAME_CORNER; In-game trade,src/game_corner_gacha.c (MAP_MAUVILLE_CITY_GAME_CORNER)
83,Farfetch'd,SPECIES_FARFETCHD,1,Sim,Sim,Sim,Obtível normalmente,Game Corner gacha @ MAUVILLE_CITY_GAME_CORNER; Wild encounter @ ROUTE43,src/data/wild_encounters.json (MAP_ROUTE43)
84,Doduo,SPECIES_DODUO,1,Sim,Nao,Nao,Desabilitado por configuração,,src/data/pokemon/species_info/gen_1_families.h:11768
85,Dodrio,SPECIES_DODRIO,1,Sim,Nao,Nao,Desabilitado por configuração,,src/data/pokemon/species_info/gen_1_families.h:11857
86,Seel,SPECIES_SEEL,1,Sim,Sim,Sim,Obtível normalmente,Game Corner gacha @ MAUVILLE_CITY_GAME_CORNER; Wild encounter @ ROUTE47; Wild encounter @ WHIRL_ISLANDS_1F; Wild encounter @ WHIRL_ISLANDS_B1F; Wild encounter @ WHIRL_ISLANDS_B2F,src/data/wild_encounters.json (MAP_WHIRL_ISLANDS_1F)
87,Dewgong,SPECIES_DEWGONG,1,Sim,Sim,Sim,Obtível normalmente,Game Corner gacha @ MAUVILLE_CITY_GAME_CORNER; Wild encounter @ WHIRL_ISLANDS_DESCENT,src/data/wild_encounters.json (MAP_WHIRL_ISLANDS_DESCENT)
88,Grimer,SPECIES_GRIMER,1,Sim,Sim,Sim,Obtível normalmente,Game Corner gacha @ MAUVILLE_CITY_GAME_CORNER; Wild encounter @ ROUTE34,src/data/wild_encounters.json (MAP_ROUTE34)
89,Muk,SPECIES_MUK,1,Sim,Sim,Sim,Obtível normalmente,Game Corner gacha @ MAUVILLE_CITY_GAME_CORNER; Wild encounter @ CLIFF_EDGE_CAVE,src/data/wild_encounters.json (MAP_CLIFF_EDGE_CAVE)
90,Shellder,SPECIES_SHELLDER,1,Sim,Sim,Sim,Obtível normalmente,Game Corner gacha @ MAUVILLE_CITY_GAME_CORNER; Wild encounter @ CHERRYGROVE_CITY; Wild encounter @ OLIVINE_CITY_PORT_OUTSIDE; Wild encounter @ ROUTE28; Wild encounter @ ROUTE32; Wild encounter @ ROUTE41; Wild encounter @ ROUTE47; Wild encounter @ RUINS_OF_ALPH_OUTSIDE; Wild encounter @ UNION_CAVE_B2,src/data/wild_encounters.json (MAP_RUINS_OF_ALPH_OUTSIDE)
91,Cloyster,SPECIES_CLOYSTER,1,Sim,Sim,Sim,Obtível normalmente,Game Corner gacha @ MAUVILLE_CITY_GAME_CORNER; Wild encounter @ ROUTE28; Wild encounter @ RUINS_OF_ALPH_OUTSIDE; Wild encounter @ UNION_CAVE_B2F; Wild encounter @ VICTORY_ROAD_KANTO_B1F,src/data/wild_encounters.json (MAP_RUINS_OF_ALPH_OUTSIDE)
92,Gastly,SPECIES_GASTLY,1,Sim,Sim,Sim,Obtível normalmente,Game Corner gacha @ MAUVILLE_CITY_GAME_CORNER; Wild encounter @ SPROUT_TOWER_2F; Wild encounter @ SPROUT_TOWER_3F,src/data/wild_encounters.json (MAP_SPROUT_TOWER_2F)
93,Haunter,SPECIES_HAUNTER,1,Sim,Sim,Sim,Obtível normalmente,Game Corner gacha @ MAUVILLE_CITY_GAME_CORNER; In-game trade; Wild encounter @ TIN_TOWER_3F; Wild encounter @ TIN_TOWER_4F; Wild encounter @ TIN_TOWER_5F; Wild encounter @ TIN_TOWER_6F; Wild encounter @ TIN_TOWER_7F; Wild encounter @ TIN_TOWER_8F; Wild encounter @ TIN_TOWER_9F,src/data/wild_encounters.json (MAP_TIN_TOWER_3F)
94,Gengar,SPECIES_GENGAR,1,Sim,Sim,Sim,Obtível normalmente,Game Corner gacha @ MAUVILLE_CITY_GAME_CORNER; Wild encounter @ VAJRA_PYRAMID_FLOOR1; Wild encounter @ VAJRA_PYRAMID_FLOOR2; Wild encounter @ VAJRA_PYRAMID_FLOOR3; Wild encounter @ VAJRA_PYRAMID_FLOOR4,src/data/wild_encounters.json (MAP_VAJRA_PYRAMID_FLOOR1)
95,Onix,SPECIES_ONIX,1,Sim,Sim,Sim,Obtível normalmente,Game Corner gacha @ MAUVILLE_CITY_GAME_CORNER; Wild encounter @ CLIFF_EDGE_CAVE; Wild encounter @ MT_SILVER_3F; Wild encounter @ UNION_CAVE_1F; Wild encounter @ UNION_CAVE_B1F,src/data/wild_encounters.json (MAP_UNION_CAVE_1F)
96,Drowzee,SPECIES_DROWZEE,1,Sim,Nao,Nao,Desabilitado por configuração,,src/data/pokemon/species_info/gen_1_families.h:13200
97,Hypno,SPECIES_HYPNO,1,Sim,Nao,Nao,Desabilitado por configuração,,src/data/pokemon/species_info/gen_1_families.h:13280
98,Krabby,SPECIES_KRABBY,1,Sim,Nao,Nao,Desabilitado por configuração,,src/data/pokemon/species_info/gen_1_families.h:13374
99,Kingler,SPECIES_KINGLER,1,Sim,Nao,Nao,Desabilitado por configuração,,src/data/pokemon/species_info/gen_1_families.h:13449
100,Voltorb,SPECIES_VOLTORB,1,Sim,Sim,Sim,Obtível normalmente,Game Corner gacha @ MAUVILLE_CITY_GAME_CORNER; Wild encounter @ ROCKET_HIDEOUT_B1F,src/data/wild_encounters.json (MAP_ROCKET_HIDEOUT_B1F)
101,Electrode,SPECIES_ELECTRODE,1,Sim,Sim,Sim,Obtível normalmente,Game Corner gacha @ MAUVILLE_CITY_GAME_CORNER; Static battle @ ROCKET_HIDEOUT_B2F,src/game_corner_gacha.c (MAP_MAUVILLE_CITY_GAME_CORNER)
102,Exeggcute,SPECIES_EXEGGCUTE,1,Sim,Sim,Sim,Obtível normalmente,Game Corner gacha @ MAUVILLE_CITY_GAME_CORNER; Hidden Grotto @ HIDDEN_GROTTO_ILEX; Wild encounter @ ROUTE44,src/data/wild_encounters.json (MAP_ROUTE44)
103,Exeggutor,SPECIES_EXEGGUTOR,1,Sim,Sim,Sim,Obtível normalmente,Game Corner gacha @ MAUVILLE_CITY_GAME_CORNER,src/game_corner_gacha.c (MAP_MAUVILLE_CITY_GAME_CORNER)
104,Cubone,SPECIES_CUBONE,1,Sim,Sim,Sim,Obtível normalmente,Game Corner gacha @ MAUVILLE_CITY_GAME_CORNER; Wild encounter @ MT_MORTAR_1F_NORTH; Wild encounter @ MT_MORTAR_1F_SOUTH; Wild encounter @ UNION_CAVE_1F; Wild encounter @ UNION_CAVE_B2F,src/data/wild_encounters.json (MAP_UNION_CAVE_1F)
105,Marowak,SPECIES_MAROWAK,1,Sim,Sim,Sim,Obtível normalmente,Game Corner gacha @ MAUVILLE_CITY_GAME_CORNER; Wild encounter @ ROUTE49,src/data/wild_encounters.json (MAP_ROUTE49)
106,Hitmonlee,SPECIES_HITMONLEE,1,Sim,Sim,Sim,Obtível normalmente,Game Corner gacha @ MAUVILLE_CITY_GAME_CORNER,src/game_corner_gacha.c (MAP_MAUVILLE_CITY_GAME_CORNER)
107,Hitmonchan,SPECIES_HITMONCHAN,1,Sim,Sim,Sim,Obtível normalmente,Game Corner gacha @ MAUVILLE_CITY_GAME_CORNER,src/game_corner_gacha.c (MAP_MAUVILLE_CITY_GAME_CORNER)
108,Lickitung,SPECIES_LICKITUNG,1,Sim,Sim,Sim,Obtível normalmente,Game Corner gacha @ MAUVILLE_CITY_GAME_CORNER; Wild encounter @ ROUTE44,src/data/wild_encounters.json (MAP_ROUTE44)
109,Koffing,SPECIES_KOFFING,1,Sim,Sim,Sim,Obtível normalmente,Game Corner gacha @ MAUVILLE_CITY_GAME_CORNER; Wild encounter @ BURNED_TOWER_1F; Wild encounter @ BURNED_TOWER_B1F; Wild encounter @ ROCKET_HIDEOUT_B1F,src/data/wild_encounters.json (MAP_BURNED_TOWER_1F)
110,Weezing,SPECIES_WEEZING,1,Sim,Sim,Sim,Obtível normalmente,Game Corner gacha @ MAUVILLE_CITY_GAME_CORNER,src/game_corner_gacha.c (MAP_MAUVILLE_CITY_GAME_CORNER)
111,Rhyhorn,SPECIES_RHYHORN,1,Sim,Sim,Sim,Obtível normalmente,Game Corner gacha @ MAUVILLE_CITY_GAME_CORNER; Wild encounter @ MT_MORTAR_1F_SOUTH; Wild encounter @ MT_MORTAR_2F; Wild encounter @ MT_MORTAR_B1F; Wild encounter @ UNION_CAVE_1F,src/data/wild_encounters.json (MAP_UNION_CAVE_1F)
112,Rhydon,SPECIES_RHYDON,1,Sim,Sim,Sim,Obtível normalmente,Game Corner gacha @ MAUVILLE_CITY_GAME_CORNER; Wild encounter @ VICTORY_ROAD_KANTO_1F; Wild encounter @ VICTORY_ROAD_KANTO_B1F; Wild encounter @ VICTORY_ROAD_KANTO_B2F,src/data/wild_encounters.json (MAP_VICTORY_ROAD_KANTO_B2F)
113,Chansey,SPECIES_CHANSEY,1,Sim,Sim,Sim,Obtível normalmente,Game Corner gacha @ MAUVILLE_CITY_GAME_CORNER; Hidden Grotto @ HIDDEN_GROTTO_ROUTE47; Wild encounter @ ROUTE47,src/data/wild_encounters.json (MAP_ROUTE47)
114,Tangela,SPECIES_TANGELA,1,Sim,Sim,Sim,Obtível normalmente,Game Corner gacha @ MAUVILLE_CITY_GAME_CORNER; Wild encounter @ ROUTE36,src/data/wild_encounters.json (MAP_ROUTE36)
115,Kangaskhan,SPECIES_KANGASKHAN,1,Sim,Sim,Sim,Obtível normalmente,Game Corner gacha @ MAUVILLE_CITY_GAME_CORNER; Wild encounter @ UNION_CAVE_B2F,src/data/wild_encounters.json (MAP_UNION_CAVE_B2F)
116,Horsea,SPECIES_HORSEA,1,Sim,Sim,Sim,Obtível normalmente,Game Corner gacha @ MAUVILLE_CITY_GAME_CORNER; In-game trade; Wild encounter @ CIANWOOD_CITY; Wild encounter @ DRAGONS_DEN_CAVERN; Wild encounter @ ROUTE41; Wild encounter @ VIOLET_CITY; Wild encounter @ WHIRL_ISLANDS_1F; Wild encounter @ WHIRL_ISLANDS_B1F; Wild encounter @ WHIRL_ISLANDS_B2F,src/data/wild_encounters.json (MAP_ROUTE41)
117,Seadra,SPECIES_SEADRA,1,Sim,Sim,Sim,Obtível normalmente,Game Corner gacha @ MAUVILLE_CITY_GAME_CORNER; Wild encounter @ DRAGONS_DEN_CAVERN; Wild encounter @ VIOLET_CITY; Wild encounter @ WHIRL_ISLANDS_1F; Wild encounter @ WHIRL_ISLANDS_B1F; Wild encounter @ WHIRL_ISLANDS_B2F; Wild encounter @ WHIRL_ISLANDS_DESCENT,src/data/wild_encounters.json (MAP_WHIRL_ISLANDS_1F)
118,Goldeen,SPECIES_GOLDEEN,1,Sim,Nao,Nao,Desabilitado por configuração,,src/data/pokemon/species_info/gen_1_families.h:16196
119,Seaking,SPECIES_SEAKING,1,Sim,Nao,Nao,Desabilitado por configuração,,src/data/pokemon/species_info/gen_1_families.h:16288
120,Staryu,SPECIES_STARYU,1,Sim,Sim,Sim,Obtível normalmente,Game Corner gacha @ MAUVILLE_CITY_GAME_CORNER; Wild encounter @ CHERRYGROVE_CITY; Wild encounter @ CIANWOOD_CITY; Wild encounter @ FOGGY_SHORE; Wild encounter @ FOGGY_SHORE2; Wild encounter @ OLIVINE_CITY; Wild encounter @ ROUTE33; Wild encounter @ ROUTE34; Wild encounter @ ROUTE40; Wild encounter @,src/data/wild_encounters.json (MAP_ROUTE33)
121,Starmie,SPECIES_STARMIE,1,Sim,Sim,Sim,Obtível normalmente,Game Corner gacha @ MAUVILLE_CITY_GAME_CORNER; Wild encounter @ ROUTE33; Wild encounter @ ROUTE50; Wild encounter @ VAJRA_DESERT_EAST,src/data/wild_encounters.json (MAP_ROUTE33)
122,Mr. Mime,SPECIES_MR_MIME,1,Sim,Sim,Sim,Obtível normalmente,Game Corner gacha @ MAUVILLE_CITY_GAME_CORNER; Wild encounter @ LAKE_OF_RAGE,src/data/wild_encounters.json (MAP_LAKE_OF_RAGE)
123,Scyther,SPECIES_SCYTHER,1,Sim,Sim,Sim,Obtível normalmente,Game Corner gacha @ MAUVILLE_CITY_GAME_CORNER; Wild encounter @ NATIONAL_PARK_BUG_CONTEST; Wild encounter @ NATIONAL_PARK_NORMAL,src/data/wild_encounters.json (MAP_NATIONAL_PARK_NORMAL)
124,Jynx,SPECIES_JYNX,1,Sim,Nao,Nao,Desabilitado por configuração,,src/data/pokemon/species_info/gen_1_families.h:17326
125,Electabuzz,SPECIES_ELECTABUZZ,1,Sim,Sim,Sim,Obtível normalmente,Game Corner gacha @ MAUVILLE_CITY_GAME_CORNER; Wild encounter @ ROUTE44,src/data/wild_encounters.json (MAP_ROUTE44)
126,Magmar,SPECIES_MAGMAR,1,Sim,Sim,Sim,Obtível normalmente,Game Corner gacha @ MAUVILLE_CITY_GAME_CORNER; Wild encounter @ BURNED_TOWER_B1F; Wild encounter @ MT_MORTAR_DEPTHS_1; Wild encounter @ ROUTE44,src/data/wild_encounters.json (MAP_BURNED_TOWER_B1F)
127,Pinsir,SPECIES_PINSIR,1,Sim,Sim,Sim,Obtível normalmente,Game Corner gacha @ MAUVILLE_CITY_GAME_CORNER; Wild encounter @ NATIONAL_PARK_BUG_CONTEST; Wild encounter @ NATIONAL_PARK_NORMAL,src/data/wild_encounters.json (MAP_NATIONAL_PARK_NORMAL)
128,Tauros,SPECIES_TAUROS,1,Sim,Sim,Sim,Obtível normalmente,Game Corner gacha @ MAUVILLE_CITY_GAME_CORNER; Wild encounter @ ROUTE38; Wild encounter @ ROUTE39,src/data/wild_encounters.json (MAP_ROUTE38)
129,Magikarp,SPECIES_MAGIKARP,1,Sim,Sim,Sim,Obtível normalmente,Game Corner gacha @ MAUVILLE_CITY_GAME_CORNER; Wild encounter @ BLACKTHORN_CITY; Wild encounter @ CHERRYGROVE_CITY; Wild encounter @ CIANWOOD_CITY; Wild encounter @ DARK_CAVE_NORTH_SIDE; Wild encounter @ DARK_CAVE_SOUTH_SIDE; Wild encounter @ DRAGONS_DEN_CAVERN; Wild encounter @ ECRUTEAK_CITY; Wild ,src/data/wild_encounters.json (MAP_ROUTE30)
130,Gyarados,SPECIES_GYARADOS,1,Sim,Sim,Sim,Obtível normalmente,Game Corner gacha @ MAUVILLE_CITY_GAME_CORNER; Static battle @ LAKE_OF_RAGE; Wild encounter @ LAKE_OF_RAGE; Wild encounter @ ROUTE30; Wild encounter @ ROUTE33; Wild encounter @ ROUTE33SOUTH; Wild encounter @ ROUTE38; Wild encounter @ SOUTHERN_PASSAGE; Wild encounter @ SOUTH_PASSAGE_END; Wild encount,src/data/wild_encounters.json (MAP_ROUTE30)
131,Lapras,SPECIES_LAPRAS,1,Sim,Sim,Sim,Obtível normalmente,Game Corner gacha @ MAUVILLE_CITY_GAME_CORNER; Static battle @ UNION_CAVE_B2F; Wild encounter @ MT_SILVER_1F_WATERFALL_ROOM; Wild encounter @ MT_SILVER_2F,src/data/wild_encounters.json (MAP_MT_SILVER_1F_WATERFALL_ROOM)
132,Ditto,SPECIES_DITTO,1,Sim,Sim,Sim,Obtível normalmente,Game Corner gacha @ MAUVILLE_CITY_GAME_CORNER; Hidden Grotto @ HIDDEN_GROTTO_ROUTE47; Wild encounter @ ROUTE34,src/data/wild_encounters.json (MAP_ROUTE34)
133,Eevee,SPECIES_EEVEE,1,Sim,Sim,Sim,Obtível normalmente,Game Corner gacha @ MAUVILLE_CITY_GAME_CORNER; Hidden Grotto @ HIDDEN_GROTTO_ROUTE35; Wild encounter @ ROUTE48,src/data/wild_encounters.json (MAP_ROUTE48)
134,Vaporeon,SPECIES_VAPOREON,1,Sim,Sim,Sim,Obtível normalmente,Game Corner gacha @ MAUVILLE_CITY_GAME_CORNER; Wild encounter @ KITAKAMI_WELL_B1F,src/data/wild_encounters.json (MAP_KITAKAMI_WELL_B1F)
135,Jolteon,SPECIES_JOLTEON,1,Sim,Sim,Sim,Obtível normalmente,Game Corner gacha @ MAUVILLE_CITY_GAME_CORNER; NPC gift (script),src/game_corner_gacha.c (MAP_MAUVILLE_CITY_GAME_CORNER)
136,Flareon,SPECIES_FLAREON,1,Sim,Sim,Sim,Obtível normalmente,Game Corner gacha @ MAUVILLE_CITY_GAME_CORNER,src/game_corner_gacha.c (MAP_MAUVILLE_CITY_GAME_CORNER)
137,Porygon,SPECIES_PORYGON,1,Sim,Sim,Sim,Obtível normalmente,Game Corner gacha @ MAUVILLE_CITY_GAME_CORNER,src/game_corner_gacha.c (MAP_MAUVILLE_CITY_GAME_CORNER)
138,Omanyte,SPECIES_OMANYTE,1,Sim,Nao,Nao,Desabilitado por configuração,"NPC gift (script) @ RUINS_OF_ALPH_LAB; NPC gift (script, var) @ RUINS_OF_ALPH_LAB",data/maps/RuinsOfAlph_Lab/scripts.inc:538 (MAP_RUINS_OF_ALPH_LAB)
139,Omastar,SPECIES_OMASTAR,1,Sim,Nao,Nao,Desabilitado por configuração,,src/data/pokemon/species_info/gen_1_families.h:19926
140,Kabuto,SPECIES_KABUTO,1,Sim,Sim,Sim,Obtível normalmente,"Game Corner gacha @ MAUVILLE_CITY_GAME_CORNER; NPC gift (script) @ RUINS_OF_ALPH_LAB; NPC gift (script, var) @ RUINS_OF_ALPH_LAB; Wild encounter @ WHIRL_ISLANDS_DESCENT",src/data/wild_encounters.json (MAP_WHIRL_ISLANDS_DESCENT)
141,Kabutops,SPECIES_KABUTOPS,1,Sim,Sim,Sim,Obtível normalmente,Game Corner gacha @ MAUVILLE_CITY_GAME_CORNER; Wild encounter @ FARAWAY_ISLAND_JUNGLE,src/data/wild_encounters.json (MAP_FARAWAY_ISLAND_JUNGLE)
142,Aerodactyl,SPECIES_AERODACTYL,1,Sim,Sim,Sim,Obtível normalmente,"Game Corner gacha @ MAUVILLE_CITY_GAME_CORNER; NPC gift (script) @ RUINS_OF_ALPH_LAB; NPC gift (script, var) @ RUINS_OF_ALPH_LAB; Wild encounter @ FARAWAY_ISLAND_JUNGLE",src/data/wild_encounters.json (MAP_FARAWAY_ISLAND_JUNGLE)
143,Snorlax,SPECIES_SNORLAX,1,Sim,Sim,Sim,Obtível normalmente,Game Corner gacha @ MAUVILLE_CITY_GAME_CORNER; Static battle @ VERMILION_CITY; Wild encounter @ CERULEAN_CAVE_B2F,src/data/wild_encounters.json (MAP_CERULEAN_CAVE_B2F)
144,Articuno,SPECIES_ARTICUNO,1,Sim,Sim,Sim,Obtível normalmente,Scripted event battle @ SEAFOAM_ISLANDS_B1F; Static legendary battle @ SNOWTOP_MOUNTAIN_OUTSIDE,data/maps/SnowtopMountainOutside/scripts.inc:34 (MAP_SNOWTOP_MOUNTAIN_OUTSIDE)
145,Zapdos,SPECIES_ZAPDOS,1,Sim,Sim,Sim,Obtível normalmente,Scripted event battle @ ROUTE10; Static legendary battle @ OLIVINE_CITY_LIGHTHOUSE_TOP,data/maps/Route10/scripts.inc:71 (MAP_ROUTE10)
146,Moltres,SPECIES_MOLTRES,1,Sim,Sim,Sim,Obtível normalmente,Static legendary battle @ VICTORY_ROAD_KANTO_B1F,data/maps/VictoryRoadKanto_B1F/scripts.inc:36 (MAP_VICTORY_ROAD_KANTO_B1F)
147,Dratini,SPECIES_DRATINI,1,Sim,Sim,Sim,Obtível normalmente,"Game Corner gacha @ MAUVILLE_CITY_GAME_CORNER; NPC gift (script) @ DRAGONS_DEN_SHRINE; NPC gift (script, var) @ DRAGONS_DEN_SHRINE; Wild encounter @ DRAGONS_DEN_CAVERN; Wild encounter @ ROUTE45",src/data/wild_encounters.json (MAP_DRAGONS_DEN_CAVERN)
148,Dragonair,SPECIES_DRAGONAIR,1,Sim,Sim,Sim,Obtível normalmente,Game Corner gacha @ MAUVILLE_CITY_GAME_CORNER; Wild encounter @ DRAGONS_DEN_CAVERN; Wild encounter @ ROUTE45,src/data/wild_encounters.json (MAP_DRAGONS_DEN_CAVERN)
149,Dragonite,SPECIES_DRAGONITE,1,Sim,Sim,Sim,Obtível normalmente,Game Corner gacha @ MAUVILLE_CITY_GAME_CORNER,src/game_corner_gacha.c (MAP_MAUVILLE_CITY_GAME_CORNER)
150,Mewtwo,SPECIES_MEWTWO,1,Sim,Sim,Sim,Obtível normalmente,Boss legendary battle @ CERULEAN_CAVE_B2F; Scripted event battle @ CERULEAN_CAVE_B2F,data/maps/CeruleanCave_B2F/scripts.inc:20 (MAP_CERULEAN_CAVE_B2F)
151,Mew,SPECIES_MEW,1,Sim,Sim,Sim,Obtível normalmente,Static legendary battle @ FARAWAY_ISLAND_DEPTHS,data/maps/FarawayIslandDepths/scripts.inc:11 (MAP_FARAWAY_ISLAND_DEPTHS)
152,Chikorita,SPECIES_CHIKORITA,2,Sim,Sim,Sim,Obtível normalmente,Game Corner gacha @ MAUVILLE_CITY_GAME_CORNER; Starter choice,src/game_corner_gacha.c (MAP_MAUVILLE_CITY_GAME_CORNER)
153,Bayleef,SPECIES_BAYLEEF,2,Sim,Sim,Sim,Obtível normalmente,Game Corner gacha @ MAUVILLE_CITY_GAME_CORNER,src/game_corner_gacha.c (MAP_MAUVILLE_CITY_GAME_CORNER)
154,Meganium,SPECIES_MEGANIUM,2,Sim,Sim,Sim,Obtível normalmente,Game Corner gacha @ MAUVILLE_CITY_GAME_CORNER; NPC gift (script),src/game_corner_gacha.c (MAP_MAUVILLE_CITY_GAME_CORNER)
155,Cyndaquil,SPECIES_CYNDAQUIL,2,Sim,Sim,Sim,Obtível normalmente,Game Corner gacha @ MAUVILLE_CITY_GAME_CORNER; Starter choice,src/game_corner_gacha.c (MAP_MAUVILLE_CITY_GAME_CORNER)
156,Quilava,SPECIES_QUILAVA,2,Sim,Sim,Sim,Obtível normalmente,Game Corner gacha @ MAUVILLE_CITY_GAME_CORNER,src/game_corner_gacha.c (MAP_MAUVILLE_CITY_GAME_CORNER)
157,Typhlosion,SPECIES_TYPHLOSION,2,Sim,Sim,Sim,Obtível normalmente,Game Corner gacha @ MAUVILLE_CITY_GAME_CORNER; NPC gift (script),src/game_corner_gacha.c (MAP_MAUVILLE_CITY_GAME_CORNER)
158,Totodile,SPECIES_TOTODILE,2,Sim,Sim,Sim,Obtível normalmente,Game Corner gacha @ MAUVILLE_CITY_GAME_CORNER; Starter choice,src/game_corner_gacha.c (MAP_MAUVILLE_CITY_GAME_CORNER)
159,Croconaw,SPECIES_CROCONAW,2,Sim,Sim,Sim,Obtível normalmente,Game Corner gacha @ MAUVILLE_CITY_GAME_CORNER,src/game_corner_gacha.c (MAP_MAUVILLE_CITY_GAME_CORNER)
160,Feraligatr,SPECIES_FERALIGATR,2,Sim,Sim,Sim,Obtível normalmente,Game Corner gacha @ MAUVILLE_CITY_GAME_CORNER; NPC gift (script),src/game_corner_gacha.c (MAP_MAUVILLE_CITY_GAME_CORNER)
161,Sentret,SPECIES_SENTRET,2,Sim,Nao,Nao,Desabilitado por configuração,Game Corner gacha @ MAUVILLE_CITY_GAME_CORNER,src/game_corner_gacha.c (MAP_MAUVILLE_CITY_GAME_CORNER)
162,Furret,SPECIES_FURRET,2,Sim,Nao,Nao,Desabilitado por configuração,Game Corner gacha @ MAUVILLE_CITY_GAME_CORNER,src/game_corner_gacha.c (MAP_MAUVILLE_CITY_GAME_CORNER)
163,Hoothoot,SPECIES_HOOTHOOT,2,Sim,Sim,Sim,Obtível normalmente,Game Corner gacha @ MAUVILLE_CITY_GAME_CORNER; Wild encounter @ ROUTE29,src/data/wild_encounters.json (MAP_ROUTE29)
164,Noctowl,SPECIES_NOCTOWL,2,Sim,Sim,Sim,Obtível normalmente,Game Corner gacha @ MAUVILLE_CITY_GAME_CORNER,src/game_corner_gacha.c (MAP_MAUVILLE_CITY_GAME_CORNER)
165,Ledyba,SPECIES_LEDYBA,2,Sim,Nao,Nao,Desabilitado por configuração,,src/data/pokemon/species_info/gen_2_families.h:1254
166,Ledian,SPECIES_LEDIAN,2,Sim,Nao,Nao,Desabilitado por configuração,,src/data/pokemon/species_info/gen_2_families.h:1340
167,Spinarak,SPECIES_SPINARAK,2,Sim,Sim,Sim,Obtível normalmente,Game Corner gacha @ MAUVILLE_CITY_GAME_CORNER; Wild encounter @ ROUTE30,src/data/wild_encounters.json (MAP_ROUTE30)
168,Ariados,SPECIES_ARIADOS,2,Sim,Sim,Sim,Obtível normalmente,Game Corner gacha @ MAUVILLE_CITY_GAME_CORNER; Wild encounter @ ROUTE48,src/data/wild_encounters.json (MAP_ROUTE48)
169,Crobat,SPECIES_CROBAT,2,Sim,Sim,Sim,Obtível normalmente,Game Corner gacha @ MAUVILLE_CITY_GAME_CORNER; Wild encounter @ MT_SILVER_3F,src/data/wild_encounters.json (MAP_MT_SILVER_3F)
170,Chinchou,SPECIES_CHINCHOU,2,Sim,Sim,Sim,Obtível normalmente,Game Corner gacha @ MAUVILLE_CITY_GAME_CORNER; Wild encounter @ BATTLE_FACTORY_GROUNDS; Wild encounter @ CIANWOOD_CITY; Wild encounter @ NEW_BARK_TOWN; Wild encounter @ OLIVINE_CITY_PORT_OUTSIDE; Wild encounter @ ROUTE26; Wild encounter @ ROUTE27; Wild encounter @ ROUTE33SOUTH_UNDERWATER; Wild encou,src/data/wild_encounters.json (MAP_UNION_CAVE_1F)
171,Lanturn,SPECIES_LANTURN,2,Sim,Sim,Sim,Obtível normalmente,Game Corner gacha @ MAUVILLE_CITY_GAME_CORNER; Wild encounter @ BATTLE_FACTORY_GROUNDS; Wild encounter @ CIANWOOD_CITY; Wild encounter @ NEW_BARK_TOWN; Wild encounter @ OLIVINE_CITY_PORT_OUTSIDE; Wild encounter @ RAILWAY_CAVE_2F; Wild encounter @ ROUTE26; Wild encounter @ ROUTE27; Wild encounter @ R,src/data/wild_encounters.json (MAP_UNION_CAVE_1F)
172,Pichu,SPECIES_PICHU,2,Sim,Sim,Sim,Obtível normalmente,Game Corner gacha @ MAUVILLE_CITY_GAME_CORNER; Gift Egg; NPC gift (script) @ ROUTE25_BILLS_HOUSE; Wild encounter @ ROUTE31,src/data/wild_encounters.json (MAP_ROUTE31)
173,Cleffa,SPECIES_CLEFFA,2,Sim,Sim,Sim,Obtível normalmente,Game Corner gacha @ MAUVILLE_CITY_GAME_CORNER,src/game_corner_gacha.c (MAP_MAUVILLE_CITY_GAME_CORNER)
174,Igglybuff,SPECIES_IGGLYBUFF,2,Sim,Sim,Sim,Obtível normalmente,Game Corner gacha @ MAUVILLE_CITY_GAME_CORNER,src/game_corner_gacha.c (MAP_MAUVILLE_CITY_GAME_CORNER)
175,Togepi,SPECIES_TOGEPI,2,Sim,Sim,Sim,Obtível normalmente,Game Corner gacha @ MAUVILLE_CITY_GAME_CORNER; Gift Egg @ VIOLET_CITY_POKEMON_CENTER,src/game_corner_gacha.c (MAP_MAUVILLE_CITY_GAME_CORNER)
176,Togetic,SPECIES_TOGETIC,2,Sim,Sim,Sim,Obtível normalmente,Game Corner gacha @ MAUVILLE_CITY_GAME_CORNER,src/game_corner_gacha.c (MAP_MAUVILLE_CITY_GAME_CORNER)
177,Natu,SPECIES_NATU,2,Sim,Sim,Sim,Obtível normalmente,Game Corner gacha @ MAUVILLE_CITY_GAME_CORNER; Wild encounter @ RUINS_OF_ALPH_OUTSIDE,src/data/wild_encounters.json (MAP_RUINS_OF_ALPH_OUTSIDE)
178,Xatu,SPECIES_XATU,2,Sim,Sim,Sim,Obtível normalmente,Game Corner gacha @ MAUVILLE_CITY_GAME_CORNER,src/game_corner_gacha.c (MAP_MAUVILLE_CITY_GAME_CORNER)
179,Mareep,SPECIES_MAREEP,2,Sim,Sim,Sim,Obtível normalmente,Game Corner gacha @ MAUVILLE_CITY_GAME_CORNER; Hidden Grotto @ HIDDEN_GROTTO_ROUTE32; Wild encounter @ ROUTE32,src/data/wild_encounters.json (MAP_ROUTE32)
180,Flaaffy,SPECIES_FLAAFFY,2,Sim,Sim,Sim,Obtível normalmente,Game Corner gacha @ MAUVILLE_CITY_GAME_CORNER; Wild encounter @ ROUTE43,src/data/wild_encounters.json (MAP_ROUTE43)
181,Ampharos,SPECIES_AMPHAROS,2,Sim,Sim,Sim,Obtível normalmente,Game Corner gacha @ MAUVILLE_CITY_GAME_CORNER,src/game_corner_gacha.c (MAP_MAUVILLE_CITY_GAME_CORNER)
182,Bellossom,SPECIES_BELLOSSOM,2,Sim,Sim,Sim,Obtível normalmente,Game Corner gacha @ MAUVILLE_CITY_GAME_CORNER,src/game_corner_gacha.c (MAP_MAUVILLE_CITY_GAME_CORNER)
183,Marill,SPECIES_MARILL,2,Sim,Sim,Sim,Obtível normalmente,Game Corner gacha @ MAUVILLE_CITY_GAME_CORNER; Wild encounter @ ILEX_FOREST; Wild encounter @ MT_MORTAR_1F_NORTH; Wild encounter @ MT_MORTAR_1F_SOUTH; Wild encounter @ MT_MORTAR_2F; Wild encounter @ MT_MORTAR_B1F; Wild encounter @ NATIONAL_PARK_NORMAL; Wild encounter @ RUINS_OF_ALPH_OUTSIDE; Wild en,src/data/wild_encounters.json (MAP_RUINS_OF_ALPH_OUTSIDE)
184,Azumarill,SPECIES_AZUMARILL,2,Sim,Sim,Sim,Obtível normalmente,Game Corner gacha @ MAUVILLE_CITY_GAME_CORNER; Wild encounter @ ILEX_FOREST; Wild encounter @ MT_MORTAR_1F_NORTH; Wild encounter @ MT_MORTAR_1F_SOUTH; Wild encounter @ MT_MORTAR_2F; Wild encounter @ MT_MORTAR_B1F; Wild encounter @ NATIONAL_PARK_NORMAL,src/data/wild_encounters.json (MAP_ILEX_FOREST)
185,Sudowoodo,SPECIES_SUDOWOODO,2,Sim,Sim,Sim,Obtível normalmente,Game Corner gacha @ MAUVILLE_CITY_GAME_CORNER; Static battle @ ROUTE36,src/game_corner_gacha.c (MAP_MAUVILLE_CITY_GAME_CORNER)
186,Politoed,SPECIES_POLITOED,2,Sim,Sim,Sim,Obtível normalmente,Game Corner gacha @ MAUVILLE_CITY_GAME_CORNER; Wild encounter @ KITAKAMI_WELL_B1F; Wild encounter @ MT_SILVER_OUTSIDE; Wild encounter @ ROUTE28,src/data/wild_encounters.json (MAP_MT_SILVER_OUTSIDE)
187,Hoppip,SPECIES_HOPPIP,2,Sim,Sim,Sim,Obtível normalmente,Game Corner gacha @ MAUVILLE_CITY_GAME_CORNER; Wild encounter @ ROUTE29,src/data/wild_encounters.json (MAP_ROUTE29)
188,Skiploom,SPECIES_SKIPLOOM,2,Sim,Sim,Sim,Obtível normalmente,Game Corner gacha @ MAUVILLE_CITY_GAME_CORNER; Wild encounter @ ROUTE48,src/data/wild_encounters.json (MAP_ROUTE48)
189,Jumpluff,SPECIES_JUMPLUFF,2,Sim,Sim,Sim,Obtível normalmente,Game Corner gacha @ MAUVILLE_CITY_GAME_CORNER,src/game_corner_gacha.c (MAP_MAUVILLE_CITY_GAME_CORNER)
190,Aipom,SPECIES_AIPOM,2,Sim,Sim,Sim,Obtível normalmente,Game Corner gacha @ MAUVILLE_CITY_GAME_CORNER; Wild encounter @ ROUTE39,src/data/wild_encounters.json (MAP_ROUTE39)
191,Sunkern,SPECIES_SUNKERN,2,Sim,Nao,Nao,Desabilitado por configuração,,src/data/pokemon/species_info/gen_2_families.h:3271
192,Sunflora,SPECIES_SUNFLORA,2,Sim,Nao,Nao,Desabilitado por configuração,,src/data/pokemon/species_info/gen_2_families.h:3350
193,Yanma,SPECIES_YANMA,2,Sim,Sim,Sim,Obtível normalmente,Game Corner gacha @ MAUVILLE_CITY_GAME_CORNER; Wild encounter @ ROUTE35,src/data/wild_encounters.json (MAP_ROUTE35)
194,Wooper,SPECIES_WOOPER,2,Sim,Sim,Sim,Obtível normalmente,Game Corner gacha @ MAUVILLE_CITY_GAME_CORNER; Wild encounter @ CLIFF_EDGE_GATE; Wild encounter @ ROUTE32; Wild encounter @ RUINS_OF_ALPH_OUTSIDE; Wild encounter @ UNION_CAVE_1F; Wild encounter @ UNION_CAVE_B1F; Wild encounter @ VICTORY_ROAD_KANTO_B1F,src/data/wild_encounters.json (MAP_RUINS_OF_ALPH_OUTSIDE)
195,Quagsire,SPECIES_QUAGSIRE,2,Sim,Sim,Sim,Obtível normalmente,Game Corner gacha @ MAUVILLE_CITY_GAME_CORNER; Wild encounter @ CLIFF_EDGE_GATE; Wild encounter @ MT_SILVER_2F; Wild encounter @ ROUTE32; Wild encounter @ RUINS_OF_ALPH_OUTSIDE; Wild encounter @ UNION_CAVE_1F; Wild encounter @ UNION_CAVE_B1F; Wild encounter @ UNION_CAVE_B2F; Wild encounter @ VICTORY,src/data/wild_encounters.json (MAP_RUINS_OF_ALPH_OUTSIDE)
196,Espeon,SPECIES_ESPEON,2,Sim,Sim,Sim,Obtível normalmente,Game Corner gacha @ MAUVILLE_CITY_GAME_CORNER,src/game_corner_gacha.c (MAP_MAUVILLE_CITY_GAME_CORNER)
197,Umbreon,SPECIES_UMBREON,2,Sim,Sim,Sim,Obtível normalmente,Game Corner gacha @ MAUVILLE_CITY_GAME_CORNER; NPC gift (script),src/game_corner_gacha.c (MAP_MAUVILLE_CITY_GAME_CORNER)
198,Murkrow,SPECIES_MURKROW,2,Sim,Sim,Sim,Obtível normalmente,Game Corner gacha @ MAUVILLE_CITY_GAME_CORNER; Wild encounter @ FOGGY_FOREST; Wild encounter @ ROUTE43; Wild encounter @ ROUTE49,src/data/wild_encounters.json (MAP_ROUTE43)
199,Slowking,SPECIES_SLOWKING,2,Sim,Sim,Sim,Obtível normalmente,Game Corner gacha @ MAUVILLE_CITY_GAME_CORNER,src/game_corner_gacha.c (MAP_MAUVILLE_CITY_GAME_CORNER)
200,Misdreavus,SPECIES_MISDREAVUS,2,Sim,Sim,Sim,Obtível normalmente,Game Corner gacha @ MAUVILLE_CITY_GAME_CORNER; Hidden Grotto @ HIDDEN_GROTTO_ROUTE32; Wild encounter @ SPROUT_TOWER_2F; Wild encounter @ SPROUT_TOWER_3F,src/data/wild_encounters.json (MAP_SPROUT_TOWER_2F)
201,Unown,SPECIES_UNOWN,2,Sim,Sim,Sim,Obtível normalmente,Wild encounter @ RUINS_OF_ALPH_B1F,src/data/wild_encounters.json (MAP_RUINS_OF_ALPH_B1F)
202,Wobbuffet,SPECIES_WOBBUFFET,2,Sim,Sim,Sim,Obtível normalmente,Game Corner gacha @ MAUVILLE_CITY_GAME_CORNER; Wild encounter @ DARK_CAVE_NORTH_SIDE,src/data/wild_encounters.json (MAP_DARK_CAVE_NORTH_SIDE)
203,Girafarig,SPECIES_GIRAFARIG,2,Sim,Sim,Sim,Obtível normalmente,Wild encounter @ ROUTE37,src/data/wild_encounters.json (MAP_ROUTE37)
204,Pineco,SPECIES_PINECO,2,Sim,Nao,Nao,Desabilitado por configuração,,src/data/pokemon/species_info/gen_2_families.h:4675
205,Forretress,SPECIES_FORRETRESS,2,Sim,Nao,Nao,Desabilitado por configuração,,src/data/pokemon/species_info/gen_2_families.h:4752
206,Dunsparce,SPECIES_DUNSPARCE,2,Sim,Sim,Sim,Obtível normalmente,Game Corner gacha @ MAUVILLE_CITY_GAME_CORNER; Wild encounter @ DARK_CAVE_NORTH_SIDE; Wild encounter @ DARK_CAVE_SOUTH_SIDE,src/data/wild_encounters.json (MAP_DARK_CAVE_SOUTH_SIDE)
207,Gligar,SPECIES_GLIGAR,2,Sim,Sim,Sim,Obtível normalmente,Game Corner gacha @ MAUVILLE_CITY_GAME_CORNER; Wild encounter @ ROUTE45,src/data/wild_encounters.json (MAP_ROUTE45)
208,Steelix,SPECIES_STEELIX,2,Sim,Sim,Sim,Obtível normalmente,Game Corner gacha @ MAUVILLE_CITY_GAME_CORNER; In-game trade; Wild encounter @ MT_SILVER_2F; Wild encounter @ VICTORY_ROAD_KANTO_1F; Wild encounter @ VICTORY_ROAD_KANTO_B1F,src/data/wild_encounters.json (MAP_VICTORY_ROAD_KANTO_B1F)
209,Snubbull,SPECIES_SNUBBULL,2,Sim,Nao,Nao,Desabilitado por configuração,,src/data/pokemon/species_info/gen_2_families.h:5207
210,Granbull,SPECIES_GRANBULL,2,Sim,Nao,Nao,Desabilitado por configuração,,src/data/pokemon/species_info/gen_2_families.h:5282
211,Qwilfish,SPECIES_QWILFISH,2,Sim,Sim,Sim,Obtível normalmente,Game Corner gacha @ MAUVILLE_CITY_GAME_CORNER; Wild encounter @ CHERRYGROVE_CITY; Wild encounter @ ECRUTEAK_CITY; Wild encounter @ ROUTE32; Wild encounter @ ROUTE38,src/data/wild_encounters.json (MAP_ROUTE32)
212,Scizor,SPECIES_SCIZOR,2,Sim,Sim,Sim,Obtível normalmente,Game Corner gacha @ MAUVILLE_CITY_GAME_CORNER; Wild encounter @ CERULEAN_CAVE_B2F,src/data/wild_encounters.json (MAP_CERULEAN_CAVE_B2F)
213,Shuckle,SPECIES_SHUCKLE,2,Sim,Nao,Nao,Desabilitado por configuração,"NPC gift (script, var) @ CIANWOOD_HOUSE3",data/maps/CianwoodHouse3/scripts.inc:30 (MAP_CIANWOOD_HOUSE3)
214,Heracross,SPECIES_HERACROSS,2,Sim,Sim,Sim,Obtível normalmente,Game Corner gacha @ MAUVILLE_CITY_GAME_CORNER; Hidden Grotto @ HIDDEN_GROTTO_GOLDENROD_SHORE; Wild encounter @ ROUTE48,src/data/wild_encounters.json (MAP_ROUTE48)
215,Sneasel,SPECIES_SNEASEL,2,Sim,Sim,Sim,Obtível normalmente,Game Corner gacha @ MAUVILLE_CITY_GAME_CORNER; Wild encounter @ ICE_PATH_1F; Wild encounter @ ICE_PATH_B2F; Wild encounter @ ICE_PATH_B3F; Wild encounter @ ICE_PATH_B4F; Wild encounter @ ICE_PATH_DEPTHS,src/data/wild_encounters.json (MAP_ICE_PATH_1F)
216,Teddiursa,SPECIES_TEDDIURSA,2,Sim,Sim,Sim,Obtível normalmente,Game Corner gacha @ MAUVILLE_CITY_GAME_CORNER; Wild encounter @ DARK_CAVE_SOUTH_SIDE,src/data/wild_encounters.json (MAP_DARK_CAVE_SOUTH_SIDE)
217,Ursaring,SPECIES_URSARING,2,Sim,Sim,Sim,Obtível normalmente,Game Corner gacha @ MAUVILLE_CITY_GAME_CORNER; Wild encounter @ DARK_CAVE_NORTH_SIDE; Wild encounter @ MT_SILVER_1F_ITEM_ROOM; Wild encounter @ MT_SILVER_1F_WATERFALL_ROOM; Wild encounter @ MT_SILVER_3F; Wild encounter @ ROUTE45,src/data/wild_encounters.json (MAP_ROUTE45)
218,Slugma,SPECIES_SLUGMA,2,Sim,Nao,Nao,Desabilitado por configuração,,src/data/pokemon/species_info/gen_2_families.h:6468
219,Magcargo,SPECIES_MAGCARGO,2,Sim,Nao,Nao,Desabilitado por configuração,,src/data/pokemon/species_info/gen_2_families.h:6542
220,Swinub,SPECIES_SWINUB,2,Sim,Sim,Sim,Obtível normalmente,Game Corner gacha @ MAUVILLE_CITY_GAME_CORNER; Wild encounter @ ICE_PATH_1F; Wild encounter @ ICE_PATH_B1F; Wild encounter @ ICE_PATH_B2F; Wild encounter @ ICE_PATH_B3F; Wild encounter @ ICE_PATH_B4F,src/data/wild_encounters.json (MAP_ICE_PATH_1F)
221,Piloswine,SPECIES_PILOSWINE,2,Sim,Sim,Sim,Obtível normalmente,Game Corner gacha @ MAUVILLE_CITY_GAME_CORNER; Wild encounter @ ICE_PATH_DEPTHS,src/data/wild_encounters.json (MAP_ICE_PATH_DEPTHS)
222,Corsola,SPECIES_CORSOLA,2,Sim,Sim,Sim,Obtível normalmente,Game Corner gacha @ MAUVILLE_CITY_GAME_CORNER; Wild encounter @ CHERRYGROVE_CITY; Wild encounter @ FOGGY_SHORE; Wild encounter @ FOGGY_SHORE2; Wild encounter @ OLIVINE_CITY; Wild encounter @ ROUTE33SOUTH_UNDERWATER; Wild encounter @ ROUTE34; Wild encounter @ ROUTE40; Wild encounter @ ROUTE50UNDERWAT,src/data/wild_encounters.json (MAP_ROUTE34)
223,Remoraid,SPECIES_REMORAID,2,Sim,Nao,Nao,Desabilitado por configuração,Game Corner gacha @ MAUVILLE_CITY_GAME_CORNER,src/game_corner_gacha.c (MAP_MAUVILLE_CITY_GAME_CORNER)
224,Octillery,SPECIES_OCTILLERY,2,Sim,Nao,Nao,Desabilitado por configuração,Game Corner gacha @ MAUVILLE_CITY_GAME_CORNER,src/game_corner_gacha.c (MAP_MAUVILLE_CITY_GAME_CORNER)
225,Delibird,SPECIES_DELIBIRD,2,Sim,Sim,Sim,Obtível normalmente,Game Corner gacha @ MAUVILLE_CITY_GAME_CORNER; Wild encounter @ ICE_PATH_B3F; Wild encounter @ ICE_PATH_B4F,src/data/wild_encounters.json (MAP_ICE_PATH_B3F)
226,Mantine,SPECIES_MANTINE,2,Sim,Sim,Sim,Obtível normalmente,Game Corner gacha @ MAUVILLE_CITY_GAME_CORNER; Wild encounter @ ROUTE33; Wild encounter @ ROUTE41,src/data/wild_encounters.json (MAP_ROUTE33)
227,Skarmory,SPECIES_SKARMORY,2,Sim,Sim,Sim,Obtível normalmente,Game Corner gacha @ MAUVILLE_CITY_GAME_CORNER; Wild encounter @ MT_SILVER_MOUNTAIN_SIDE; Wild encounter @ MT_SILVER_OUTSIDE; Wild encounter @ ROUTE43; Wild encounter @ ROUTE45,src/data/wild_encounters.json (MAP_ROUTE43)
228,Houndour,SPECIES_HOUNDOUR,2,Sim,Sim,Sim,Obtível normalmente,Game Corner gacha @ MAUVILLE_CITY_GAME_CORNER; Wild encounter @ BURNED_TOWER_1F; Wild encounter @ ROUTE36,src/data/wild_encounters.json (MAP_ROUTE36)
229,Houndoom,SPECIES_HOUNDOOM,2,Sim,Sim,Sim,Obtível normalmente,Game Corner gacha @ MAUVILLE_CITY_GAME_CORNER; Wild encounter @ MT_SILVER_SNOW,src/data/wild_encounters.json (MAP_MT_SILVER_SNOW)
230,Kingdra,SPECIES_KINGDRA,2,Sim,Sim,Sim,Obtível normalmente,Game Corner gacha @ MAUVILLE_CITY_GAME_CORNER,src/game_corner_gacha.c (MAP_MAUVILLE_CITY_GAME_CORNER)
231,Phanpy,SPECIES_PHANPY,2,Sim,Sim,Sim,Obtível normalmente,Game Corner gacha @ MAUVILLE_CITY_GAME_CORNER; Wild encounter @ ROUTE46,src/data/wild_encounters.json (MAP_ROUTE46)
232,Donphan,SPECIES_DONPHAN,2,Sim,Sim,Sim,Obtível normalmente,Wild encounter @ ROUTE45,src/data/wild_encounters.json (MAP_ROUTE45)
233,Porygon2,SPECIES_PORYGON2,2,Sim,Sim,Sim,Obtível normalmente,Game Corner gacha @ MAUVILLE_CITY_GAME_CORNER,src/game_corner_gacha.c (MAP_MAUVILLE_CITY_GAME_CORNER)
234,Stantler,SPECIES_STANTLER,2,Sim,Sim,Sim,Obtível normalmente,Game Corner gacha @ MAUVILLE_CITY_GAME_CORNER; Wild encounter @ ROUTE37,src/data/wild_encounters.json (MAP_ROUTE37)
235,Smeargle,SPECIES_SMEARGLE,2,Sim,Nao,Nao,Desabilitado por configuração,,src/data/pokemon/species_info/gen_2_families.h:8176
236,Tyrogue,SPECIES_TYROGUE,2,Sim,Sim,Sim,Obtível normalmente,"Game Corner gacha @ MAUVILLE_CITY_GAME_CORNER; NPC gift (script) @ MT_MORTAR_B1F; NPC gift (script, var) @ MT_MORTAR_B1F",src/game_corner_gacha.c (MAP_MAUVILLE_CITY_GAME_CORNER)
237,Hitmontop,SPECIES_HITMONTOP,2,Sim,Sim,Sim,Obtível normalmente,Game Corner gacha @ MAUVILLE_CITY_GAME_CORNER,src/game_corner_gacha.c (MAP_MAUVILLE_CITY_GAME_CORNER)
238,Smoochum,SPECIES_SMOOCHUM,2,Sim,Nao,Nao,Desabilitado por configuração,,src/data/pokemon/species_info/gen_1_families.h:17249
239,Elekid,SPECIES_ELEKID,2,Sim,Sim,Sim,Obtível normalmente,Game Corner gacha @ MAUVILLE_CITY_GAME_CORNER,src/game_corner_gacha.c (MAP_MAUVILLE_CITY_GAME_CORNER)
240,Magby,SPECIES_MAGBY,2,Sim,Sim,Sim,Obtível normalmente,Game Corner gacha @ MAUVILLE_CITY_GAME_CORNER,src/game_corner_gacha.c (MAP_MAUVILLE_CITY_GAME_CORNER)
241,Miltank,SPECIES_MILTANK,2,Sim,Sim,Sim,Obtível normalmente,Game Corner gacha @ MAUVILLE_CITY_GAME_CORNER; Wild encounter @ ROUTE38; Wild encounter @ ROUTE39,src/data/wild_encounters.json (MAP_ROUTE38)
242,Blissey,SPECIES_BLISSEY,2,Sim,Sim,Sim,Obtível normalmente,Wild encounter @ ROUTE47,src/data/wild_encounters.json (MAP_ROUTE47)
243,Raikou,SPECIES_RAIKOU,2,Sim,Sim,Sim,Obtível normalmente,Roaming legendary,src/roamer.c:167
244,Entei,SPECIES_ENTEI,2,Sim,Sim,Sim,Obtível normalmente,Roaming legendary,src/roamer.c:166
245,Suicune,SPECIES_SUICUNE,2,Sim,Sim,Sim,Obtível normalmente,Roaming legendary; Scripted event battle @ ROUTE25,data/maps/Route25/scripts.inc:228 (MAP_ROUTE25)
246,Larvitar,SPECIES_LARVITAR,2,Sim,Sim,Sim,Obtível normalmente,Game Corner gacha @ MAUVILLE_CITY_GAME_CORNER; Hidden Grotto @ HIDDEN_GROTTO_UNUSED; Wild encounter @ DARK_CAVE_SOUTH_SIDE,src/data/wild_encounters.json (MAP_DARK_CAVE_SOUTH_SIDE)
247,Pupitar,SPECIES_PUPITAR,2,Sim,Sim,Sim,Obtível normalmente,Game Corner gacha @ MAUVILLE_CITY_GAME_CORNER; Wild encounter @ DARK_CAVE_NORTH_SIDE; Wild encounter @ MT_SILVER_3F,src/data/wild_encounters.json (MAP_DARK_CAVE_NORTH_SIDE)
248,Tyranitar,SPECIES_TYRANITAR,2,Sim,Sim,Sim,Obtível normalmente,Game Corner gacha @ MAUVILLE_CITY_GAME_CORNER; Wild encounter @ MT_SILVER_1F_ITEM_ROOM; Wild encounter @ MT_SILVER_1F_WATERFALL_ROOM; Wild encounter @ MT_SILVER_2F,src/data/wild_encounters.json (MAP_MT_SILVER_1F_ITEM_ROOM)
249,Lugia,SPECIES_LUGIA,2,Sim,Sim,Sim,Obtível normalmente,Boss legendary battle @ WHIRL_ISLANDS_LUGIA_CHAMBER,data/maps/WhirlIslands_LugiaChamber/scripts.inc:212 (MAP_WHIRL_ISLANDS_LUGIA_CHAMBER)
250,Ho-Oh,SPECIES_HO_OH,2,Sim,Sim,Sim,Obtível normalmente,Boss legendary battle @ TIN_TOWER_ROOF_DAY,data/maps/TinTower_RoofDay/scripts.inc:185 (MAP_TIN_TOWER_ROOF_DAY)
251,Celebi,SPECIES_CELEBI,2,Sim,Sim,Sim,Obtível normalmente,Scripted event battle @ ILEX_FOREST,data/maps/IlexForest/scripts.inc:544 (MAP_ILEX_FOREST)
252,Treecko,SPECIES_TREECKO,3,Sim,Sim,Sim,Obtível normalmente,"Game Corner gacha @ MAUVILLE_CITY_GAME_CORNER; NPC gift (script) @ SAFFRON_CITY_SILPH_CO; NPC gift (script, var) @ SAFFRON_CITY_SILPH_CO",src/game_corner_gacha.c (MAP_MAUVILLE_CITY_GAME_CORNER)
253,Grovyle,SPECIES_GROVYLE,3,Sim,Sim,Sim,Obtível normalmente,Game Corner gacha @ MAUVILLE_CITY_GAME_CORNER,src/game_corner_gacha.c (MAP_MAUVILLE_CITY_GAME_CORNER)
254,Sceptile,SPECIES_SCEPTILE,3,Sim,Sim,Sim,Obtível normalmente,Game Corner gacha @ MAUVILLE_CITY_GAME_CORNER,src/game_corner_gacha.c (MAP_MAUVILLE_CITY_GAME_CORNER)
255,Torchic,SPECIES_TORCHIC,3,Sim,Sim,Sim,Obtível normalmente,"Game Corner gacha @ MAUVILLE_CITY_GAME_CORNER; NPC gift (script) @ SAFFRON_CITY_SILPH_CO; NPC gift (script, var) @ SAFFRON_CITY_SILPH_CO; Starter choice",src/game_corner_gacha.c (MAP_MAUVILLE_CITY_GAME_CORNER)
256,Combusken,SPECIES_COMBUSKEN,3,Sim,Sim,Sim,Obtível normalmente,Game Corner gacha @ MAUVILLE_CITY_GAME_CORNER,src/game_corner_gacha.c (MAP_MAUVILLE_CITY_GAME_CORNER)
257,Blaziken,SPECIES_BLAZIKEN,3,Sim,Sim,Sim,Obtível normalmente,Game Corner gacha @ MAUVILLE_CITY_GAME_CORNER,src/game_corner_gacha.c (MAP_MAUVILLE_CITY_GAME_CORNER)
258,Mudkip,SPECIES_MUDKIP,3,Sim,Sim,Sim,Obtível normalmente,"Game Corner gacha @ MAUVILLE_CITY_GAME_CORNER; NPC gift (script) @ SAFFRON_CITY_SILPH_CO; NPC gift (script, var) @ SAFFRON_CITY_SILPH_CO",src/game_corner_gacha.c (MAP_MAUVILLE_CITY_GAME_CORNER)
259,Marshtomp,SPECIES_MARSHTOMP,3,Sim,Sim,Sim,Obtível normalmente,Game Corner gacha @ MAUVILLE_CITY_GAME_CORNER,src/game_corner_gacha.c (MAP_MAUVILLE_CITY_GAME_CORNER)
260,Swampert,SPECIES_SWAMPERT,3,Sim,Sim,Sim,Obtível normalmente,Game Corner gacha @ MAUVILLE_CITY_GAME_CORNER,src/game_corner_gacha.c (MAP_MAUVILLE_CITY_GAME_CORNER)
261,Poochyena,SPECIES_POOCHYENA,3,Sim,Nao,Nao,Desabilitado por configuração,,src/data/pokemon/species_info/gen_3_families.h:959
262,Mightyena,SPECIES_MIGHTYENA,3,Sim,Nao,Nao,Desabilitado por configuração,,src/data/pokemon/species_info/gen_3_families.h:1041
263,Zigzagoon,SPECIES_ZIGZAGOON,3,Sim,Sim,Sim,Obtível normalmente,Game Corner gacha @ MAUVILLE_CITY_GAME_CORNER; Wild encounter @ ROUTE29,src/data/wild_encounters.json (MAP_ROUTE29)
264,Linoone,SPECIES_LINOONE,3,Sim,Sim,Sim,Obtível normalmente,Game Corner gacha @ MAUVILLE_CITY_GAME_CORNER; Wild encounter @ ROUTE26; Wild encounter @ ROUTE27,src/data/wild_encounters.json (MAP_ROUTE27)
265,Wurmple,SPECIES_WURMPLE,3,Sim,Nao,Nao,Desabilitado por configuração,,src/data/pokemon/species_info/gen_3_families.h:1491
266,Silcoon,SPECIES_SILCOON,3,Sim,Nao,Nao,Desabilitado por configuração,,src/data/pokemon/species_info/gen_3_families.h:1572
267,Beautifly,SPECIES_BEAUTIFLY,3,Sim,Nao,Nao,Desabilitado por configuração,,src/data/pokemon/species_info/gen_3_families.h:1645
268,Cascoon,SPECIES_CASCOON,3,Sim,Nao,Nao,Desabilitado por configuração,,src/data/pokemon/species_info/gen_3_families.h:1743
269,Dustox,SPECIES_DUSTOX,3,Sim,Nao,Nao,Desabilitado por configuração,,src/data/pokemon/species_info/gen_3_families.h:1824
270,Lotad,SPECIES_LOTAD,3,Sim,Nao,Nao,Desabilitado por configuração,Game Corner gacha @ MAUVILLE_CITY_GAME_CORNER; NPC gift (script) @ ROUTE25_BILLS_HOUSE,src/game_corner_gacha.c (MAP_MAUVILLE_CITY_GAME_CORNER)
271,Lombre,SPECIES_LOMBRE,3,Sim,Nao,Nao,Desabilitado por configuração,Game Corner gacha @ MAUVILLE_CITY_GAME_CORNER,src/game_corner_gacha.c (MAP_MAUVILLE_CITY_GAME_CORNER)
272,Ludicolo,SPECIES_LUDICOLO,3,Sim,Nao,Nao,Desabilitado por configuração,Game Corner gacha @ MAUVILLE_CITY_GAME_CORNER,src/game_corner_gacha.c (MAP_MAUVILLE_CITY_GAME_CORNER)
273,Seedot,SPECIES_SEEDOT,3,Sim,Nao,Nao,Desabilitado por configuração,Game Corner gacha @ MAUVILLE_CITY_GAME_CORNER,src/game_corner_gacha.c (MAP_MAUVILLE_CITY_GAME_CORNER)
274,Nuzleaf,SPECIES_NUZLEAF,3,Sim,Nao,Nao,Desabilitado por configuração,Game Corner gacha @ MAUVILLE_CITY_GAME_CORNER,src/game_corner_gacha.c (MAP_MAUVILLE_CITY_GAME_CORNER)
275,Shiftry,SPECIES_SHIFTRY,3,Sim,Nao,Nao,Desabilitado por configuração,Game Corner gacha @ MAUVILLE_CITY_GAME_CORNER,src/game_corner_gacha.c (MAP_MAUVILLE_CITY_GAME_CORNER)
276,Taillow,SPECIES_TAILLOW,3,Sim,Nao,Nao,Desabilitado por configuração,,src/data/pokemon/species_info/gen_3_families.h:2439
277,Swellow,SPECIES_SWELLOW,3,Sim,Nao,Nao,Desabilitado por configuração,,src/data/pokemon/species_info/gen_3_families.h:2518
278,Wingull,SPECIES_WINGULL,3,Sim,Sim,Sim,Obtível normalmente,Game Corner gacha @ MAUVILLE_CITY_GAME_CORNER; Wild encounter @ ROUTE42; Wild encounter @ RUINS_OF_ALPH_OUTSIDE,src/data/wild_encounters.json (MAP_RUINS_OF_ALPH_OUTSIDE)
279,Pelipper,SPECIES_PELIPPER,3,Sim,Sim,Sim,Obtível normalmente,Game Corner gacha @ MAUVILLE_CITY_GAME_CORNER; Wild encounter @ ROUTE42; Wild encounter @ RUINS_OF_ALPH_OUTSIDE,src/data/wild_encounters.json (MAP_RUINS_OF_ALPH_OUTSIDE)
280,Ralts,SPECIES_RALTS,3,Sim,Sim,Sim,Obtível normalmente,Game Corner gacha @ MAUVILLE_CITY_GAME_CORNER; Wild encounter @ ROUTE30; Wild encounter @ ROUTE35,src/data/wild_encounters.json (MAP_ROUTE30)
281,Kirlia,SPECIES_KIRLIA,3,Sim,Sim,Sim,Obtível normalmente,Game Corner gacha @ MAUVILLE_CITY_GAME_CORNER,src/game_corner_gacha.c (MAP_MAUVILLE_CITY_GAME_CORNER)
282,Gardevoir,SPECIES_GARDEVOIR,3,Sim,Sim,Sim,Obtível normalmente,Game Corner gacha @ MAUVILLE_CITY_GAME_CORNER,src/game_corner_gacha.c (MAP_MAUVILLE_CITY_GAME_CORNER)
283,Surskit,SPECIES_SURSKIT,3,Sim,Nao,Nao,Desabilitado por configuração,,src/data/pokemon/species_info/gen_3_families.h:3306
284,Masquerain,SPECIES_MASQUERAIN,3,Sim,Nao,Nao,Desabilitado por configuração,,src/data/pokemon/species_info/gen_3_families.h:3381
285,Shroomish,SPECIES_SHROOMISH,3,Sim,Sim,Sim,Obtível normalmente,Game Corner gacha @ MAUVILLE_CITY_GAME_CORNER; Hidden Grotto @ HIDDEN_GROTTO_GOLDENROD_SHORE; Wild encounter @ ILEX_FOREST,src/data/wild_encounters.json (MAP_ILEX_FOREST)
286,Breloom,SPECIES_BRELOOM,3,Sim,Sim,Sim,Obtível normalmente,Game Corner gacha @ MAUVILLE_CITY_GAME_CORNER,src/game_corner_gacha.c (MAP_MAUVILLE_CITY_GAME_CORNER)
287,Slakoth,SPECIES_SLAKOTH,3,Sim,Nao,Nao,Desabilitado por configuração,,src/data/pokemon/species_info/gen_3_families.h:3635
288,Vigoroth,SPECIES_VIGOROTH,3,Sim,Nao,Nao,Desabilitado por configuração,,src/data/pokemon/species_info/gen_3_families.h:3710
289,Slaking,SPECIES_SLAKING,3,Sim,Nao,Nao,Desabilitado por configuração,,src/data/pokemon/species_info/gen_3_families.h:3785
290,Nincada,SPECIES_NINCADA,3,Sim,Sim,Sim,Obtível normalmente,Game Corner gacha @ MAUVILLE_CITY_GAME_CORNER; Wild encounter @ NATIONAL_PARK_NORMAL; Wild encounter @ RUINS_OF_ALPH_OUTSIDE,src/data/wild_encounters.json (MAP_RUINS_OF_ALPH_OUTSIDE)
291,Ninjask,SPECIES_NINJASK,3,Sim,Sim,Sim,Obtível normalmente,Game Corner gacha @ MAUVILLE_CITY_GAME_CORNER; Wild encounter @ ROUTE50,src/data/wild_encounters.json (MAP_ROUTE50)
292,Shedinja,SPECIES_SHEDINJA,3,Sim,Sim,Sim,Obtível normalmente,Game Corner gacha @ MAUVILLE_CITY_GAME_CORNER,src/game_corner_gacha.c (MAP_MAUVILLE_CITY_GAME_CORNER)
293,Whismur,SPECIES_WHISMUR,3,Sim,Nao,Nao,Desabilitado por configuração,,src/data/pokemon/species_info/gen_3_families.h:4108
294,Loudred,SPECIES_LOUDRED,3,Sim,Nao,Nao,Desabilitado por configuração,,src/data/pokemon/species_info/gen_3_families.h:4187
295,Exploud,SPECIES_EXPLOUD,3,Sim,Nao,Nao,Desabilitado por configuração,,src/data/pokemon/species_info/gen_3_families.h:4260
296,Makuhita,SPECIES_MAKUHITA,3,Sim,Sim,Sim,Obtível normalmente,Game Corner gacha @ MAUVILLE_CITY_GAME_CORNER; Wild encounter @ ROUTE34,src/data/wild_encounters.json (MAP_ROUTE34)
297,Hariyama,SPECIES_HARIYAMA,3,Sim,Sim,Sim,Obtível normalmente,Game Corner gacha @ MAUVILLE_CITY_GAME_CORNER; Wild encounter @ CLIFF_EDGE_CAVE,src/data/wild_encounters.json (MAP_CLIFF_EDGE_CAVE)
298,Azurill,SPECIES_AZURILL,3,Sim,Sim,Sim,Obtível normalmente,Game Corner gacha @ MAUVILLE_CITY_GAME_CORNER,src/game_corner_gacha.c (MAP_MAUVILLE_CITY_GAME_CORNER)
299,Nosepass,SPECIES_NOSEPASS,3,Sim,Sim,Sim,Obtível normalmente,Game Corner gacha @ MAUVILLE_CITY_GAME_CORNER; Wild encounter @ CLIFF_EDGE_CAVE; Wild encounter @ RUINS_OF_ALPH_OUTSIDE; Wild encounter @ SLOWPOKE_WELL_B1F; Wild encounter @ SLOWPOKE_WELL_B2F,src/data/wild_encounters.json (MAP_RUINS_OF_ALPH_OUTSIDE)
300,Skitty,SPECIES_SKITTY,3,Sim,Nao,Nao,Desabilitado por configuração,,src/data/pokemon/species_info/gen_3_families.h:4651
301,Delcatty,SPECIES_DELCATTY,3,Sim,Nao,Nao,Desabilitado por configuração,,src/data/pokemon/species_info/gen_3_families.h:4727
302,Sableye,SPECIES_SABLEYE,3,Sim,Sim,Sim,Obtível normalmente,Game Corner gacha @ MAUVILLE_CITY_GAME_CORNER; Wild encounter @ FOGGY_FOREST; Wild encounter @ KITAKAMI_MOUNTAIN1F; Wild encounter @ KITAKAMI_MOUNTAIN2F; Wild encounter @ KITAKAMI_MOUNTAIN3F; Wild encounter @ KITAKAMI_MOUNTAIN4F; Wild encounter @ VAJRA_PYRAMID_FLOOR1; Wild encounter @ VAJRA_PYRAMID_,src/data/wild_encounters.json (MAP_FOGGY_FOREST)
303,Mawile,SPECIES_MAWILE,3,Sim,Sim,Sim,Obtível normalmente,Game Corner gacha @ MAUVILLE_CITY_GAME_CORNER; Wild encounter @ CLIFF_EDGE_CAVE; Wild encounter @ MT_MORTAR_1F_NORTH; Wild encounter @ MT_MORTAR_1F_SOUTH; Wild encounter @ MT_MORTAR_2F; Wild encounter @ MT_MORTAR_B1F; Wild encounter @ UNION_CAVE_B1F,src/data/wild_encounters.json (MAP_UNION_CAVE_B1F)
304,Aron,SPECIES_ARON,3,Sim,Sim,Sim,Obtível normalmente,Game Corner gacha @ MAUVILLE_CITY_GAME_CORNER; Wild encounter @ UNION_CAVE_B2F,src/data/wild_encounters.json (MAP_UNION_CAVE_B2F)
305,Lairon,SPECIES_LAIRON,3,Sim,Sim,Sim,Obtível normalmente,Game Corner gacha @ MAUVILLE_CITY_GAME_CORNER,src/game_corner_gacha.c (MAP_MAUVILLE_CITY_GAME_CORNER)
306,Aggron,SPECIES_AGGRON,3,Sim,Sim,Sim,Obtível normalmente,Game Corner gacha @ MAUVILLE_CITY_GAME_CORNER; Wild encounter @ VICTORY_ROAD_KANTO_1F; Wild encounter @ VICTORY_ROAD_KANTO_B1F; Wild encounter @ VICTORY_ROAD_KANTO_B2F,src/data/wild_encounters.json (MAP_VICTORY_ROAD_KANTO_B2F)
307,Meditite,SPECIES_MEDITITE,3,Sim,Sim,Sim,Obtível normalmente,Game Corner gacha @ MAUVILLE_CITY_GAME_CORNER,src/game_corner_gacha.c (MAP_MAUVILLE_CITY_GAME_CORNER)
308,Medicham,SPECIES_MEDICHAM,3,Sim,Sim,Sim,Obtível normalmente,Game Corner gacha @ MAUVILLE_CITY_GAME_CORNER; NPC gift (script) @ SAFARI_ZONE_GATE_SAFARI_ZONE_ENTRANCE; Wild encounter @ KITAKAMI_MOUNTAIN1F; Wild encounter @ KITAKAMI_MOUNTAIN2F; Wild encounter @ KITAKAMI_MOUNTAIN3F; Wild encounter @ KITAKAMI_MOUNTAIN4F,src/data/wild_encounters.json (MAP_KITAKAMI_MOUNTAIN1F)
309,Electrike,SPECIES_ELECTRIKE,3,Sim,Sim,Sim,Obtível normalmente,Game Corner gacha @ MAUVILLE_CITY_GAME_CORNER; Wild encounter @ ROUTE38,src/data/wild_encounters.json (MAP_ROUTE38)
310,Manectric,SPECIES_MANECTRIC,3,Sim,Sim,Sim,Obtível normalmente,Game Corner gacha @ MAUVILLE_CITY_GAME_CORNER; Wild encounter @ TIN_TOWER_3F; Wild encounter @ TIN_TOWER_4F; Wild encounter @ TIN_TOWER_5F; Wild encounter @ TIN_TOWER_6F; Wild encounter @ TIN_TOWER_7F; Wild encounter @ TIN_TOWER_8F; Wild encounter @ TIN_TOWER_9F,src/data/wild_encounters.json (MAP_TIN_TOWER_3F)
311,Plusle,SPECIES_PLUSLE,3,Sim,Nao,Nao,Desabilitado por configuração,,src/data/pokemon/species_info/gen_3_families.h:5918
312,Minun,SPECIES_MINUN,3,Sim,Nao,Nao,Desabilitado por configuração,,src/data/pokemon/species_info/gen_3_families.h:5998
313,Volbeat,SPECIES_VOLBEAT,3,Sim,Nao,Nao,Desabilitado por configuração,,src/data/pokemon/species_info/gen_3_families.h:6078
314,Illumise,SPECIES_ILLUMISE,3,Sim,Nao,Nao,Desabilitado por configuração,,src/data/pokemon/species_info/gen_3_families.h:6160
315,Roselia,SPECIES_ROSELIA,3,Sim,Sim,Sim,Obtível normalmente,Game Corner gacha @ MAUVILLE_CITY_GAME_CORNER; Hidden Grotto @ HIDDEN_GROTTO_ILEX; NPC gift (script) @ ROUTE25_BILLS_HOUSE,src/hidden_grotto.c (MAP_HIDDEN_GROTTO_ILEX)
316,Gulpin,SPECIES_GULPIN,3,Sim,Nao,Nao,Desabilitado por configuração,,src/data/pokemon/species_info/gen_3_families.h:6504
317,Swalot,SPECIES_SWALOT,3,Sim,Nao,Nao,Desabilitado por configuração,,src/data/pokemon/species_info/gen_3_families.h:6592
318,Carvanha,SPECIES_CARVANHA,3,Sim,Sim,Sim,Obtível normalmente,Game Corner gacha @ MAUVILLE_CITY_GAME_CORNER; Wild encounter @ NATIONAL_PARK_NORMAL; Wild encounter @ ROUTE31; Wild encounter @ ROUTE42; Wild encounter @ ROUTE44; Wild encounter @ ROUTE47; Wild encounter @ ROUTE50; Wild encounter @ RUINS_OF_ALPH_OUTSIDE; Wild encounter @ VAJRA_DESERT_EAST,src/data/wild_encounters.json (MAP_ROUTE31)
319,Sharpedo,SPECIES_SHARPEDO,3,Sim,Sim,Sim,Obtível normalmente,Game Corner gacha @ MAUVILLE_CITY_GAME_CORNER; Wild encounter @ NATIONAL_PARK_NORMAL; Wild encounter @ ROUTE31; Wild encounter @ ROUTE42; Wild encounter @ ROUTE44; Wild encounter @ ROUTE47,src/data/wild_encounters.json (MAP_ROUTE31)
320,Wailmer,SPECIES_WAILMER,3,Sim,Nao,Nao,Desabilitado por configuração,,src/data/pokemon/species_info/gen_3_families.h:6917
321,Wailord,SPECIES_WAILORD,3,Sim,Nao,Nao,Desabilitado por configuração,,src/data/pokemon/species_info/gen_3_families.h:6993
322,Numel,SPECIES_NUMEL,3,Sim,Sim,Sim,Obtível normalmente,Game Corner gacha @ MAUVILLE_CITY_GAME_CORNER; Wild encounter @ BURNED_TOWER_1F; Wild encounter @ BURNED_TOWER_B1F; Wild encounter @ MT_MORTAR_DEPTHS_1,src/data/wild_encounters.json (MAP_BURNED_TOWER_1F)
323,Camerupt,SPECIES_CAMERUPT,3,Sim,Sim,Sim,Obtível normalmente,Game Corner gacha @ MAUVILLE_CITY_GAME_CORNER; Wild encounter @ MT_MORTAR_DEPTHS_1,src/data/wild_encounters.json (MAP_MT_MORTAR_DEPTHS_1)
324,Torkoal,SPECIES_TORKOAL,3,Sim,Sim,Sim,Obtível normalmente,Game Corner gacha @ MAUVILLE_CITY_GAME_CORNER; Wild encounter @ MT_MORTAR_DEPTHS_1,src/data/wild_encounters.json (MAP_MT_MORTAR_DEPTHS_1)
325,Spoink,SPECIES_SPOINK,3,Sim,Nao,Nao,Desabilitado por configuração,,src/data/pokemon/species_info/gen_3_families.h:7408
326,Grumpig,SPECIES_GRUMPIG,3,Sim,Nao,Nao,Desabilitado por configuração,,src/data/pokemon/species_info/gen_3_families.h:7488
327,Spinda,SPECIES_SPINDA,3,Sim,Nao,Nao,Desabilitado por configuração,NPC gift (script) @ ROUTE25_BILLS_HOUSE,data/maps/Route25_BillsHouse/scripts.inc:144 (MAP_ROUTE25_BILLS_HOUSE)
328,Trapinch,SPECIES_TRAPINCH,3,Sim,Sim,Sim,Obtível normalmente,Game Corner gacha @ MAUVILLE_CITY_GAME_CORNER; Wild encounter @ VAJRA_DESERT,src/data/wild_encounters.json (MAP_VAJRA_DESERT)
329,Vibrava,SPECIES_VIBRAVA,3,Sim,Sim,Sim,Obtível normalmente,Game Corner gacha @ MAUVILLE_CITY_GAME_CORNER; Wild encounter @ VAJRA_DESERT_EAST; Wild encounter @ VAJRA_DESERT_EAST_CAVE,src/data/wild_encounters.json (MAP_VAJRA_DESERT_EAST)
330,Flygon,SPECIES_FLYGON,3,Sim,Sim,Sim,Obtível normalmente,Game Corner gacha @ MAUVILLE_CITY_GAME_CORNER; Wild encounter @ VAJRA_DESERT_EAST; Wild encounter @ VAJRA_DESERT_EAST_CAVE,src/data/wild_encounters.json (MAP_VAJRA_DESERT_EAST)
331,Cacnea,SPECIES_CACNEA,3,Sim,Sim,Sim,Obtível normalmente,Game Corner gacha @ MAUVILLE_CITY_GAME_CORNER; Wild encounter @ VAJRA_DESERT,src/data/wild_encounters.json (MAP_VAJRA_DESERT)
332,Cacturne,SPECIES_CACTURNE,3,Sim,Sim,Sim,Obtível normalmente,Game Corner gacha @ MAUVILLE_CITY_GAME_CORNER,src/game_corner_gacha.c (MAP_MAUVILLE_CITY_GAME_CORNER)
333,Swablu,SPECIES_SWABLU,3,Sim,Sim,Sim,Obtível normalmente,Game Corner gacha @ MAUVILLE_CITY_GAME_CORNER; Wild encounter @ ROUTE38; Wild encounter @ ROUTE39,src/data/wild_encounters.json (MAP_ROUTE38)
334,Altaria,SPECIES_ALTARIA,3,Sim,Sim,Sim,Obtível normalmente,Game Corner gacha @ MAUVILLE_CITY_GAME_CORNER,src/game_corner_gacha.c (MAP_MAUVILLE_CITY_GAME_CORNER)
335,Zangoose,SPECIES_ZANGOOSE,3,Sim,Nao,Nao,Desabilitado por configuração,,src/data/pokemon/species_info/gen_3_families.h:8287
336,Seviper,SPECIES_SEVIPER,3,Sim,Nao,Nao,Desabilitado por configuração,,src/data/pokemon/species_info/gen_3_families.h:8366
337,Lunatone,SPECIES_LUNATONE,3,Sim,Nao,Nao,Desabilitado por configuração,,src/data/pokemon/species_info/gen_3_families.h:8446
338,Solrock,SPECIES_SOLROCK,3,Sim,Nao,Nao,Desabilitado por configuração,,src/data/pokemon/species_info/gen_3_families.h:8529
339,Barboach,SPECIES_BARBOACH,3,Sim,Sim,Sim,Obtível normalmente,Game Corner gacha @ MAUVILLE_CITY_GAME_CORNER; Wild encounter @ DARK_CAVE_NORTH_SIDE; Wild encounter @ DARK_CAVE_SOUTH_SIDE; Wild encounter @ ROUTE35,src/data/wild_encounters.json (MAP_DARK_CAVE_SOUTH_SIDE)
340,Whiscash,SPECIES_WHISCASH,3,Sim,Sim,Sim,Obtível normalmente,Game Corner gacha @ MAUVILLE_CITY_GAME_CORNER; Wild encounter @ DARK_CAVE_NORTH_SIDE; Wild encounter @ DARK_CAVE_SOUTH_SIDE; Wild encounter @ ROUTE35,src/data/wild_encounters.json (MAP_DARK_CAVE_SOUTH_SIDE)
341,Corphish,SPECIES_CORPHISH,3,Sim,Nao,Nao,Desabilitado por configuração,,src/data/pokemon/species_info/gen_3_families.h:8785
342,Crawdaunt,SPECIES_CRAWDAUNT,3,Sim,Nao,Nao,Desabilitado por configuração,,src/data/pokemon/species_info/gen_3_families.h:8861
343,Baltoy,SPECIES_BALTOY,3,Sim,Sim,Sim,Obtível normalmente,Game Corner gacha @ MAUVILLE_CITY_GAME_CORNER; Hidden Grotto @ HIDDEN_GROTTO_UNUSED; Wild encounter @ UNION_CAVE_B2F,src/data/wild_encounters.json (MAP_UNION_CAVE_B2F)
344,Claydol,SPECIES_CLAYDOL,3,Sim,Sim,Sim,Obtível normalmente,Game Corner gacha @ MAUVILLE_CITY_GAME_CORNER; Wild encounter @ KITAKAMI_WELL_B1F,src/data/wild_encounters.json (MAP_KITAKAMI_WELL_B1F)
345,Lileep,SPECIES_LILEEP,3,Sim,Sim,Sim,Obtível normalmente,"Game Corner gacha @ MAUVILLE_CITY_GAME_CORNER; NPC gift (script) @ RUINS_OF_ALPH_LAB; NPC gift (script, var) @ RUINS_OF_ALPH_LAB; Wild encounter @ WHIRL_ISLANDS_DESCENT",src/data/wild_encounters.json (MAP_WHIRL_ISLANDS_DESCENT)
346,Cradily,SPECIES_CRADILY,3,Sim,Sim,Sim,Obtível normalmente,Game Corner gacha @ MAUVILLE_CITY_GAME_CORNER; Wild encounter @ FARAWAY_ISLAND_JUNGLE,src/data/wild_encounters.json (MAP_FARAWAY_ISLAND_JUNGLE)
347,Anorith,SPECIES_ANORITH,3,Sim,Nao,Nao,Desabilitado por configuração,"NPC gift (script) @ RUINS_OF_ALPH_LAB; NPC gift (script, var) @ RUINS_OF_ALPH_LAB",data/maps/RuinsOfAlph_Lab/scripts.inc:448 (MAP_RUINS_OF_ALPH_LAB)
348,Armaldo,SPECIES_ARMALDO,3,Sim,Nao,Nao,Desabilitado por configuração,,src/data/pokemon/species_info/gen_3_families.h:9336
349,Feebas,SPECIES_FEEBAS,3,Sim,Sim,Sim,Obtível normalmente,Game Corner gacha @ MAUVILLE_CITY_GAME_CORNER; Wild encounter @ ROUTE43,src/data/wild_encounters.json (MAP_ROUTE43)
350,Milotic,SPECIES_MILOTIC,3,Sim,Sim,Sim,Obtível normalmente,Game Corner gacha @ MAUVILLE_CITY_GAME_CORNER,src/game_corner_gacha.c (MAP_MAUVILLE_CITY_GAME_CORNER)
351,Castform,SPECIES_CASTFORM_NORMAL,3,Sim,Nao,Nao,Desabilitado por configuração,Game Corner gacha @ MAUVILLE_CITY_GAME_CORNER; NPC gift (script) @ SAFARI_ZONE_GATE_SAFARI_ZONE_ENTRANCE,src/game_corner_gacha.c (MAP_MAUVILLE_CITY_GAME_CORNER)
352,Kecleon,SPECIES_KECLEON,3,Sim,Nao,Nao,Desabilitado por configuração,Static battle,data/scripts/kecleon.inc:74
353,Shuppet,SPECIES_SHUPPET,3,Sim,Sim,Sim,Obtível normalmente,Game Corner gacha @ MAUVILLE_CITY_GAME_CORNER; Wild encounter @ SPROUT_TOWER_2F; Wild encounter @ SPROUT_TOWER_3F,src/data/wild_encounters.json (MAP_SPROUT_TOWER_2F)
354,Banette,SPECIES_BANETTE,3,Sim,Sim,Sim,Obtível normalmente,Game Corner gacha @ MAUVILLE_CITY_GAME_CORNER,src/game_corner_gacha.c (MAP_MAUVILLE_CITY_GAME_CORNER)
355,Duskull,SPECIES_DUSKULL,3,Sim,Sim,Sim,Obtível normalmente,Game Corner gacha @ MAUVILLE_CITY_GAME_CORNER; Wild encounter @ SPROUT_TOWER_2F; Wild encounter @ SPROUT_TOWER_3F,src/data/wild_encounters.json (MAP_SPROUT_TOWER_2F)
356,Dusclops,SPECIES_DUSCLOPS,3,Sim,Sim,Sim,Obtível normalmente,Game Corner gacha @ MAUVILLE_CITY_GAME_CORNER,src/game_corner_gacha.c (MAP_MAUVILLE_CITY_GAME_CORNER)
357,Tropius,SPECIES_TROPIUS,3,Sim,Sim,Sim,Obtível normalmente,Game Corner gacha @ MAUVILLE_CITY_GAME_CORNER; Wild encounter @ ROUTE47,src/data/wild_encounters.json (MAP_ROUTE47)
358,Chimecho,SPECIES_CHIMECHO,3,Sim,Sim,Sim,Obtível normalmente,Game Corner gacha @ MAUVILLE_CITY_GAME_CORNER; Wild encounter @ MT_SILVER_MOUNTAIN_SIDE,src/data/wild_encounters.json (MAP_MT_SILVER_MOUNTAIN_SIDE)
359,Absol,SPECIES_ABSOL,3,Sim,Sim,Sim,Obtível normalmente,Game Corner gacha @ MAUVILLE_CITY_GAME_CORNER; Wild encounter @ KITAKAMI_MOUNTAIN1F; Wild encounter @ KITAKAMI_MOUNTAIN2F; Wild encounter @ KITAKAMI_MOUNTAIN3F; Wild encounter @ KITAKAMI_MOUNTAIN4F; Wild encounter @ ROUTE28,src/data/wild_encounters.json (MAP_ROUTE28)
360,Wynaut,SPECIES_WYNAUT,3,Sim,Sim,Sim,Obtível normalmente,Game Corner gacha @ MAUVILLE_CITY_GAME_CORNER,src/game_corner_gacha.c (MAP_MAUVILLE_CITY_GAME_CORNER)
361,Snorunt,SPECIES_SNORUNT,3,Sim,Sim,Sim,Obtível normalmente,Game Corner gacha @ MAUVILLE_CITY_GAME_CORNER; Wild encounter @ ICE_PATH_1F; Wild encounter @ ICE_PATH_B1F; Wild encounter @ ICE_PATH_B2F; Wild encounter @ ICE_PATH_B3F; Wild encounter @ ICE_PATH_B4F; Wild encounter @ SNOWTOP_MOUNTAIN; Wild encounter @ SNOWTOP_MOUNTAIN_B1F,src/data/wild_encounters.json (MAP_ICE_PATH_1F)
362,Glalie,SPECIES_GLALIE,3,Sim,Sim,Sim,Obtível normalmente,Game Corner gacha @ MAUVILLE_CITY_GAME_CORNER,src/game_corner_gacha.c (MAP_MAUVILLE_CITY_GAME_CORNER)
363,Spheal,SPECIES_SPHEAL,3,Sim,Sim,Sim,Obtível normalmente,Game Corner gacha @ MAUVILLE_CITY_GAME_CORNER; Wild encounter @ ICE_PATH_1F; Wild encounter @ ICE_PATH_B1F; Wild encounter @ ICE_PATH_B2F; Wild encounter @ ICE_PATH_B3F; Wild encounter @ ICE_PATH_B4F; Wild encounter @ SNOWTOP_MOUNTAIN; Wild encounter @ SNOWTOP_MOUNTAIN_B1F; Wild encounter @ SNOWTOP_,src/data/wild_encounters.json (MAP_ICE_PATH_1F)
364,Sealeo,SPECIES_SEALEO,3,Sim,Sim,Sim,Obtível normalmente,Game Corner gacha @ MAUVILLE_CITY_GAME_CORNER; Wild encounter @ ICE_PATH_DEPTHS,src/data/wild_encounters.json (MAP_ICE_PATH_DEPTHS)
365,Walrein,SPECIES_WALREIN,3,Sim,Sim,Sim,Obtível normalmente,Game Corner gacha @ MAUVILLE_CITY_GAME_CORNER,src/game_corner_gacha.c (MAP_MAUVILLE_CITY_GAME_CORNER)
366,Clamperl,SPECIES_CLAMPERL,3,Sim,Nao,Nao,Desabilitado por configuração,Game Corner gacha @ MAUVILLE_CITY_GAME_CORNER,src/game_corner_gacha.c (MAP_MAUVILLE_CITY_GAME_CORNER)
367,Huntail,SPECIES_HUNTAIL,3,Sim,Nao,Nao,Desabilitado por configuração,Game Corner gacha @ MAUVILLE_CITY_GAME_CORNER,src/game_corner_gacha.c (MAP_MAUVILLE_CITY_GAME_CORNER)
368,Gorebyss,SPECIES_GOREBYSS,3,Sim,Nao,Nao,Desabilitado por configuração,Game Corner gacha @ MAUVILLE_CITY_GAME_CORNER,src/game_corner_gacha.c (MAP_MAUVILLE_CITY_GAME_CORNER)
369,Relicanth,SPECIES_RELICANTH,3,Sim,Nao,Nao,Desabilitado por configuração,Game Corner gacha @ MAUVILLE_CITY_GAME_CORNER,src/game_corner_gacha.c (MAP_MAUVILLE_CITY_GAME_CORNER)
370,Luvdisc,SPECIES_LUVDISC,3,Sim,Nao,Nao,Desabilitado por configuração,,src/data/pokemon/species_info/gen_3_families.h:11986
371,Bagon,SPECIES_BAGON,3,Sim,Sim,Sim,Obtível normalmente,Game Corner gacha @ MAUVILLE_CITY_GAME_CORNER; NPC gift (script) @ SAFARI_ZONE_GATE_SAFARI_ZONE_ENTRANCE; Wild encounter @ DRAGONS_DEN_CAVERN,src/data/wild_encounters.json (MAP_DRAGONS_DEN_CAVERN)
372,Shelgon,SPECIES_SHELGON,3,Sim,Sim,Sim,Obtível normalmente,Game Corner gacha @ MAUVILLE_CITY_GAME_CORNER,src/game_corner_gacha.c (MAP_MAUVILLE_CITY_GAME_CORNER)
373,Salamence,SPECIES_SALAMENCE,3,Sim,Sim,Sim,Obtível normalmente,Game Corner gacha @ MAUVILLE_CITY_GAME_CORNER,src/game_corner_gacha.c (MAP_MAUVILLE_CITY_GAME_CORNER)
374,Beldum,SPECIES_BELDUM,3,Sim,Sim,Sim,Obtível normalmente,"In-game trade; NPC gift (script) @ KITAKAMI_HOUSES; NPC gift (script) @ SAFARI_ZONE_GATE_SAFARI_ZONE_ENTRANCE; NPC gift (script, var) @ KITAKAMI_HOUSES",data/maps/SafariZoneGate_SafariZoneEntrance/scripts.inc:180 (MAP_SAFARI_ZONE_GATE_SAFARI_ZONE_ENTRANCE)
375,Metang,SPECIES_METANG,3,Sim,Sim,Sim,Obtível normalmente,Game Corner gacha @ MAUVILLE_CITY_GAME_CORNER,src/game_corner_gacha.c (MAP_MAUVILLE_CITY_GAME_CORNER)
376,Metagross,SPECIES_METAGROSS,3,Sim,Sim,Sim,Obtível normalmente,Game Corner gacha @ MAUVILLE_CITY_GAME_CORNER,src/game_corner_gacha.c (MAP_MAUVILLE_CITY_GAME_CORNER)
377,Regirock,SPECIES_REGIROCK,3,Sim,Sim,Sim,Obtível normalmente,Static legendary battle @ REGIROCK_CHAMBER,data/maps/RegirockChamber/scripts.inc:11 (MAP_REGIROCK_CHAMBER)
378,Regice,SPECIES_REGICE,3,Sim,Sim,Sim,Obtível normalmente,Static legendary battle @ SNOWTOP_MOUNTAIN_B1F_2,data/maps/SnowtopMountain_B1F_2/scripts.inc:11 (MAP_SNOWTOP_MOUNTAIN_B1F_2)
379,Registeel,SPECIES_REGISTEEL,3,Sim,Sim,Sim,Obtível normalmente,Static legendary battle @ RAILWAY_CAVE_REGISTEEL_ROOM,data/maps/RailwayCave_Registeel_Room/scripts.inc:11 (MAP_RAILWAY_CAVE_REGISTEEL_ROOM)
380,Latias,SPECIES_LATIAS,3,Sim,Sim,Sim,Obtível normalmente,Boss legendary battle @ LATI_TEMPLE_LATIAS,data/maps/LatiTempleLatias/scripts.inc:18 (MAP_LATI_TEMPLE_LATIAS)
381,Latios,SPECIES_LATIOS,3,Sim,Sim,Sim,Obtível normalmente,Boss legendary battle @ LATI_TEMPLE_LATIOS,data/maps/LatiTempleLatios/scripts.inc:11 (MAP_LATI_TEMPLE_LATIOS)
382,Kyogre,SPECIES_KYOGRE,3,Sim,Sim,Sim,Obtível normalmente,Boss legendary battle @ ROUTE33SOUTH_UNDERWATER_CAVE; Static legendary battle @ EMBEDDED_TOWER,data/maps/EmbeddedTower/scripts.inc:18 (MAP_EMBEDDED_TOWER)
383,Groudon,SPECIES_GROUDON,3,Sim,Sim,Sim,Obtível normalmente,Boss legendary battle @ ROUTE50UNDERWATER_CAVE2; Static legendary battle @ EMBEDDED_TOWER,data/maps/EmbeddedTower/scripts.inc:11 (MAP_EMBEDDED_TOWER)
384,Rayquaza,SPECIES_RAYQUAZA,3,Sim,Sim,Sim,Obtível normalmente,Boss legendary battle @ EMBEDDED_TOWER,data/maps/EmbeddedTower/scripts.inc:25 (MAP_EMBEDDED_TOWER)
385,Jirachi,SPECIES_JIRACHI,3,Sim,Sim,Sim,Obtível normalmente,Gift Egg @ MT_SILVER_SUMMIT_DAY,data/maps/MtSilver_SummitDay/scripts.inc:128 (MAP_MT_SILVER_SUMMIT_DAY)
386,Deoxys,SPECIES_DEOXYS_NORMAL,3,Sim,Sim,Nao,"Existe no código, mas não é obtível",,src/data/pokemon/species_info/gen_3_families.h:13847
387,Turtwig,SPECIES_TURTWIG,4,Sim,Sim,Sim,Obtível normalmente,Game Corner gacha @ MAUVILLE_CITY_GAME_CORNER,src/game_corner_gacha.c (MAP_MAUVILLE_CITY_GAME_CORNER)
388,Grotle,SPECIES_GROTLE,4,Sim,Sim,Sim,Obtível somente por evolução,"from SPECIES_TURTWIG : EVO_LEVEL, 18, SPECIES_GROTLE",src/data/pokemon/species_info/gen_4_families.h:78
389,Torterra,SPECIES_TORTERRA,4,Sim,Sim,Sim,Obtível somente por evolução,"from SPECIES_GROTLE : EVO_LEVEL, 32, SPECIES_TORTERRA",src/data/pokemon/species_info/gen_4_families.h:149
390,Chimchar,SPECIES_CHIMCHAR,4,Sim,Sim,Sim,Obtível normalmente,Game Corner gacha @ MAUVILLE_CITY_GAME_CORNER,src/game_corner_gacha.c (MAP_MAUVILLE_CITY_GAME_CORNER)
391,Monferno,SPECIES_MONFERNO,4,Sim,Sim,Sim,Obtível somente por evolução,"from SPECIES_CHIMCHAR : EVO_LEVEL, 14, SPECIES_MONFERNO",src/data/pokemon/species_info/gen_4_families.h:302
392,Infernape,SPECIES_INFERNAPE,4,Sim,Sim,Sim,Obtível somente por evolução,"from SPECIES_MONFERNO : EVO_LEVEL, 36, SPECIES_INFERNAPE",src/data/pokemon/species_info/gen_4_families.h:376
393,Piplup,SPECIES_PIPLUP,4,Sim,Sim,Sim,Obtível normalmente,Game Corner gacha @ MAUVILLE_CITY_GAME_CORNER,src/game_corner_gacha.c (MAP_MAUVILLE_CITY_GAME_CORNER)
394,Prinplup,SPECIES_PRINPLUP,4,Sim,Sim,Sim,Obtível somente por evolução,"from SPECIES_PIPLUP : EVO_LEVEL, 16, SPECIES_PRINPLUP",src/data/pokemon/species_info/gen_4_families.h:531
395,Empoleon,SPECIES_EMPOLEON,4,Sim,Sim,Sim,Obtível somente por evolução,"from SPECIES_PRINPLUP : EVO_LEVEL, 36, SPECIES_EMPOLEON",src/data/pokemon/species_info/gen_4_families.h:611
396,Starly,SPECIES_STARLY,4,Sim,Sim,Sim,Obtível somente por reprodução,egg from SPECIES_STARAVIA,src/data/pokemon/species_info/gen_4_families.h:692
397,Staravia,SPECIES_STARAVIA,4,Sim,Sim,Sim,Obtível normalmente,Wild encounter @ ROUTE37,src/data/wild_encounters.json (MAP_ROUTE37)
398,Staraptor,SPECIES_STARAPTOR,4,Sim,Sim,Sim,Obtível somente por evolução,"from SPECIES_STARAVIA : EVO_LEVEL, 34, SPECIES_STARAPTOR",src/data/pokemon/species_info/gen_4_families.h:865
399,Bidoof,SPECIES_BIDOOF,4,Sim,Nao,Nao,Desabilitado por configuração,,src/data/pokemon/species_info/gen_4_families.h:1024
400,Bibarel,SPECIES_BIBAREL,4,Sim,Nao,Nao,Desabilitado por configuração,,src/data/pokemon/species_info/gen_4_families.h:1112
401,Kricketot,SPECIES_KRICKETOT,4,Sim,Nao,Nao,Desabilitado por configuração,,src/data/pokemon/species_info/gen_4_families.h:1196
402,Kricketune,SPECIES_KRICKETUNE,4,Sim,Nao,Nao,Desabilitado por configuração,,src/data/pokemon/species_info/gen_4_families.h:1294
403,Shinx,SPECIES_SHINX,4,Sim,Sim,Sim,Obtível normalmente,Wild encounter @ ROUTE31,src/data/wild_encounters.json (MAP_ROUTE31)
404,Luxio,SPECIES_LUXIO,4,Sim,Sim,Sim,Obtível normalmente,Wild encounter @ ROUTE35,src/data/wild_encounters.json (MAP_ROUTE35)
405,Luxray,SPECIES_LUXRAY,4,Sim,Sim,Sim,Obtível normalmente,Wild encounter @ MT_SILVER_MOUNTAIN_SIDE; Wild encounter @ MT_SILVER_OUTSIDE,src/data/wild_encounters.json (MAP_MT_SILVER_OUTSIDE)
406,Budew,SPECIES_BUDEW,4,Sim,Sim,Sim,Obtível normalmente,In-game trade; Wild encounter @ ROUTE33; Wild encounter @ ROUTE46,src/data/wild_encounters.json (MAP_ROUTE46)
407,Roserade,SPECIES_ROSERADE,4,Sim,Sim,Sim,Obtível normalmente,Wild encounter @ ROUTE50,src/data/wild_encounters.json (MAP_ROUTE50)
408,Cranidos,SPECIES_CRANIDOS,4,Sim,Nao,Nao,Desabilitado por configuração,,src/data/pokemon/species_info/gen_4_families.h:1641
409,Rampardos,SPECIES_RAMPARDOS,4,Sim,Nao,Nao,Desabilitado por configuração,,src/data/pokemon/species_info/gen_4_families.h:1711
410,Shieldon,SPECIES_SHIELDON,4,Sim,Nao,Nao,Desabilitado por configuração,,src/data/pokemon/species_info/gen_4_families.h:1784
411,Bastiodon,SPECIES_BASTIODON,4,Sim,Nao,Nao,Desabilitado por configuração,,src/data/pokemon/species_info/gen_4_families.h:1855
412,Burmy,SPECIES_BURMY_PLANT,4,Sim,Nao,Nao,Desabilitado por configuração,,src/data/pokemon/species_info/gen_4_families.h:1926
413,Wormadam,SPECIES_WORMADAM_PLANT,4,Sim,Nao,Nao,Desabilitado por configuração,,src/data/pokemon/species_info/gen_4_families.h:2139
414,Mothim Plant,SPECIES_MOTHIM_PLANT,4,Sim,Nao,Nao,Desabilitado por configuração,,src/data/pokemon/species_info/gen_4_families.h:2408
415,Combee,SPECIES_COMBEE,4,Sim,Nao,Nao,Desabilitado por configuração,,src/data/pokemon/species_info/gen_4_families.h:2414
416,Vespiquen,SPECIES_VESPIQUEN,4,Sim,Nao,Nao,Desabilitado por configuração,,src/data/pokemon/species_info/gen_4_families.h:2502
417,Pachirisu,SPECIES_PACHIRISU,4,Sim,Sim,Sim,Obtível normalmente,Hidden Grotto @ HIDDEN_GROTTO_ROUTE33; Wild encounter @ ROUTE33,src/data/wild_encounters.json (MAP_ROUTE33)
418,Buizel,SPECIES_BUIZEL,4,Sim,Sim,Sim,Obtível normalmente,Wild encounter @ FOGGY_SHORE; Wild encounter @ FOGGY_SHORE2; Wild encounter @ ROUTE31; Wild encounter @ ROUTE34; Wild encounter @ ROUTE35; Wild encounter @ WHIRL_ISLANDS_1F; Wild encounter @ WHIRL_ISLANDS_B1F; Wild encounter @ WHIRL_ISLANDS_B2F; Wild encounter @ WHIRL_ISLANDS_DESCENT,src/data/wild_encounters.json (MAP_ROUTE31)
419,Floatzel,SPECIES_FLOATZEL,4,Sim,Sim,Sim,Obtível normalmente,Wild encounter @ FOGGY_SHORE; Wild encounter @ FOGGY_SHORE2; Wild encounter @ ROUTE34; Wild encounter @ ROUTE35; Wild encounter @ WHIRL_ISLANDS_1F; Wild encounter @ WHIRL_ISLANDS_B1F; Wild encounter @ WHIRL_ISLANDS_B2F; Wild encounter @ WHIRL_ISLANDS_DESCENT,src/data/wild_encounters.json (MAP_ROUTE34)
420,Cherubi,SPECIES_CHERUBI,4,Sim,Nao,Nao,Desabilitado por configuração,,src/data/pokemon/species_info/gen_4_families.h:2838
421,Cherrim,SPECIES_CHERRIM_OVERCAST,4,Sim,Nao,Nao,Desabilitado por configuração,,src/data/pokemon/species_info/gen_4_families.h:2917
422,Shellos,SPECIES_SHELLOS_WEST,4,Sim,Sim,Sim,Obtível normalmente,Wild encounter @ CIANWOOD_CITY; Wild encounter @ FOGGY_SHORE; Wild encounter @ FOGGY_SHORE2; Wild encounter @ OLIVINE_CITY; Wild encounter @ ROUTE30; Wild encounter @ ROUTE31; Wild encounter @ ROUTE33SOUTH; Wild encounter @ ROUTE34; Wild encounter @ ROUTE40; Wild encounter @ SOUTHERN_PASSAGE; Wild e,src/data/wild_encounters.json (MAP_ROUTE30)
423,Gastrodon,SPECIES_GASTRODON_WEST,4,Sim,Sim,Sim,Obtível normalmente,Wild encounter @ ROUTE30; Wild encounter @ VIOLET_CITY,src/data/wild_encounters.json (MAP_VIOLET_CITY)
424,Ambipom,SPECIES_AMBIPOM,4,Sim,Sim,Sim,Obtível somente por evolução,"from SPECIES_AIPOM : EVO_LEVEL, 0, SPECIES_AMBIPOM, CONDITIONS({IF_KNOWS_MOVE, MOVE_DOUBLE_HIT})",src/data/pokemon/species_info/gen_2_families.h:3186
425,Drifloon,SPECIES_DRIFLOON,4,Sim,Sim,Sim,Obtível normalmente,Wild encounter @ FOGGY_FOREST; Wild encounter @ ROUTE42,src/data/wild_encounters.json (MAP_ROUTE42)
426,Drifblim,SPECIES_DRIFBLIM,4,Sim,Sim,Sim,Obtível somente por evolução,"from SPECIES_DRIFLOON : EVO_LEVEL, 28, SPECIES_DRIFBLIM",src/data/pokemon/species_info/gen_4_families.h:3413
427,Buneary,SPECIES_BUNEARY,4,Sim,Sim,Sim,Obtível normalmente,Wild encounter @ ROUTE38,src/data/wild_encounters.json (MAP_ROUTE38)
428,Lopunny,SPECIES_LOPUNNY,4,Sim,Sim,Sim,Obtível normalmente,Hidden Grotto @ HIDDEN_GROTTO_ROUTE44; Wild encounter @ ROUTE26; Wild encounter @ ROUTE27,src/data/wild_encounters.json (MAP_ROUTE27)
429,Mismagius,SPECIES_MISMAGIUS,4,Sim,Sim,Sim,Obtível normalmente,Wild encounter @ MT_SILVER_MOUNTAIN_SIDE; Wild encounter @ VAJRA_PYRAMID_FLOOR1; Wild encounter @ VAJRA_PYRAMID_FLOOR2; Wild encounter @ VAJRA_PYRAMID_FLOOR3; Wild encounter @ VAJRA_PYRAMID_FLOOR4,src/data/wild_encounters.json (MAP_MT_SILVER_MOUNTAIN_SIDE)
430,Honchkrow,SPECIES_HONCHKROW,4,Sim,Sim,Sim,Obtível normalmente,Wild encounter @ CERULEAN_CAVE_1F; Wild encounter @ CERULEAN_CAVE_B1F; Wild encounter @ CERULEAN_CAVE_B2F,src/data/wild_encounters.json (MAP_CERULEAN_CAVE_1F)
431,Glameow,SPECIES_GLAMEOW,4,Sim,Nao,Nao,Desabilitado por configuração,,src/data/pokemon/species_info/gen_4_families.h:3708
432,Purugly,SPECIES_PURUGLY,4,Sim,Nao,Nao,Desabilitado por configuração,,src/data/pokemon/species_info/gen_4_families.h:3779
433,Chingling,SPECIES_CHINGLING,4,Sim,Sim,Sim,Obtível normalmente,Wild encounter @ SLOWPOKE_WELL_B1F,src/data/wild_encounters.json (MAP_SLOWPOKE_WELL_B1F)
434,Stunky,SPECIES_STUNKY,4,Sim,Nao,Nao,Desabilitado por configuração,,src/data/pokemon/species_info/gen_4_families.h:3854
435,Skuntank,SPECIES_SKUNTANK,4,Sim,Nao,Nao,Desabilitado por configuração,,src/data/pokemon/species_info/gen_4_families.h:3927
436,Bronzor,SPECIES_BRONZOR,4,Sim,Nao,Nao,Desabilitado por configuração,,src/data/pokemon/species_info/gen_4_families.h:3998
437,Bronzong,SPECIES_BRONZONG,4,Sim,Nao,Nao,Desabilitado por configuração,,src/data/pokemon/species_info/gen_4_families.h:4077
438,Bonsly,SPECIES_BONSLY,4,Sim,Sim,Sim,Obtível somente por troca/comunicação,In-game trade,src/data/trade.h:1150
439,Mime Jr.,SPECIES_MIME_JR,4,Sim,Sim,Sim,Obtível somente por reprodução,egg from SPECIES_MR_MIME,src/data/pokemon/species_info/gen_1_families.h:16604
440,Happiny,SPECIES_HAPPINY,4,Sim,Sim,Sim,Obtível somente por reprodução,egg from SPECIES_CHANSEY,src/data/pokemon/species_info/gen_1_families.h:15394
441,Chatot,SPECIES_CHATOT,4,Sim,Nao,Nao,Desabilitado por configuração,,src/data/pokemon/species_info/gen_4_families.h:4153
442,Spiritomb,SPECIES_SPIRITOMB,4,Sim,Sim,Sim,Obtível normalmente,Wild encounter @ KITAKAMI_MOUNTAIN1F; Wild encounter @ KITAKAMI_MOUNTAIN2F; Wild encounter @ KITAKAMI_MOUNTAIN3F; Wild encounter @ KITAKAMI_MOUNTAIN4F,src/data/wild_encounters.json (MAP_KITAKAMI_MOUNTAIN1F)
443,Gible,SPECIES_GIBLE,4,Sim,Sim,Sim,Obtível normalmente,Hidden Grotto @ HIDDEN_GROTTO_UNUSED; Wild encounter @ KITAKAMI_WELL_B1F,src/data/wild_encounters.json (MAP_KITAKAMI_WELL_B1F)
444,Gabite,SPECIES_GABITE,4,Sim,Sim,Sim,Obtível normalmente,In-game trade; Wild encounter @ VAJRA_DESERT_EAST; Wild encounter @ VAJRA_DESERT_EAST_CAVE,src/data/wild_encounters.json (MAP_VAJRA_DESERT_EAST)
445,Garchomp,SPECIES_GARCHOMP,4,Sim,Sim,Sim,Obtível somente por evolução,"from SPECIES_GABITE : EVO_LEVEL, 48, SPECIES_GARCHOMP",src/data/pokemon/species_info/gen_4_families.h:4479
446,Munchlax,SPECIES_MUNCHLAX,4,Sim,Sim,Sim,Obtível normalmente,Hidden Grotto @ HIDDEN_GROTTO_ROUTE38; Wild encounter @ LAKE_OF_RAGE,src/data/wild_encounters.json (MAP_LAKE_OF_RAGE)
447,Riolu,SPECIES_RIOLU,4,Sim,Sim,Sim,Obtível normalmente,Wild encounter @ TOHJO_FALLS_CAVERN,src/data/wild_encounters.json (MAP_TOHJO_FALLS_CAVERN)
448,Lucario,SPECIES_LUCARIO,4,Sim,Sim,Sim,Obtível normalmente,Wild encounter @ MT_SILVER_SNOW,src/data/wild_encounters.json (MAP_MT_SILVER_SNOW)
449,Hippopotas,SPECIES_HIPPOPOTAS,4,Sim,Sim,Sim,Obtível normalmente,Wild encounter @ VAJRA_DESERT,src/data/wild_encounters.json (MAP_VAJRA_DESERT)
450,Hippowdon,SPECIES_HIPPOWDON,4,Sim,Sim,Sim,Obtível normalmente,Wild encounter @ VAJRA_DESERT_EAST; Wild encounter @ VAJRA_DESERT_EAST_CAVE,src/data/wild_encounters.json (MAP_VAJRA_DESERT_EAST)
451,Skorupi,SPECIES_SKORUPI,4,Sim,Sim,Sim,Obtível normalmente,Wild encounter @ ROUTE42,src/data/wild_encounters.json (MAP_ROUTE42)
452,Drapion,SPECIES_DRAPION,4,Sim,Sim,Sim,Obtível somente por evolução,"from SPECIES_SKORUPI : EVO_LEVEL, 40, SPECIES_DRAPION",src/data/pokemon/species_info/gen_4_families.h:5252
453,Croagunk,SPECIES_CROAGUNK,4,Sim,Nao,Nao,Desabilitado por configuração,,src/data/pokemon/species_info/gen_4_families.h:5330
454,Toxicroak,SPECIES_TOXICROAK,4,Sim,Nao,Nao,Desabilitado por configuração,,src/data/pokemon/species_info/gen_4_families.h:5416
455,Carnivine,SPECIES_CARNIVINE,4,Sim,Nao,Nao,Desabilitado por configuração,,src/data/pokemon/species_info/gen_4_families.h:5503
456,Finneon,SPECIES_FINNEON,4,Sim,Sim,Sim,Obtível normalmente,Wild encounter @ DARK_CAVE_NORTH_SIDE; Wild encounter @ DARK_CAVE_SOUTH_SIDE; Wild encounter @ FOGGY_SHORE; Wild encounter @ FOGGY_SHORE2; Wild encounter @ MT_MORTAR_1F_NORTH; Wild encounter @ MT_MORTAR_1F_SOUTH; Wild encounter @ MT_MORTAR_2F; Wild encounter @ MT_MORTAR_B1F; Wild encounter @ NEW_BAR,src/data/wild_encounters.json (MAP_DARK_CAVE_SOUTH_SIDE)
457,Lumineon,SPECIES_LUMINEON,4,Sim,Sim,Sim,Obtível normalmente,Wild encounter @ DARK_CAVE_NORTH_SIDE; Wild encounter @ DARK_CAVE_SOUTH_SIDE; Wild encounter @ FOGGY_SHORE; Wild encounter @ FOGGY_SHORE2; Wild encounter @ MT_MORTAR_1F_NORTH; Wild encounter @ MT_MORTAR_1F_SOUTH; Wild encounter @ MT_MORTAR_2F; Wild encounter @ MT_MORTAR_B1F; Wild encounter @ MT_SILV,src/data/wild_encounters.json (MAP_DARK_CAVE_SOUTH_SIDE)
458,Mantyke,SPECIES_MANTYKE,4,Sim,Sim,Sim,Obtível somente por reprodução,egg from SPECIES_MANTINE,src/data/pokemon/species_info/gen_2_families.h:7344
459,Snover,SPECIES_SNOVER,4,Sim,Sim,Sim,Obtível normalmente,Wild encounter @ ICE_PATH_1F; Wild encounter @ ICE_PATH_B1F; Wild encounter @ ICE_PATH_B2F; Wild encounter @ ICE_PATH_B3F; Wild encounter @ ICE_PATH_B4F; Wild encounter @ SNOWTOP_MOUNTAIN; Wild encounter @ SNOWTOP_MOUNTAIN_OUTSIDE,src/data/wild_encounters.json (MAP_ICE_PATH_1F)
460,Abomasnow,SPECIES_ABOMASNOW,4,Sim,Sim,Sim,Obtível normalmente,Wild encounter @ MT_SILVER_SNOW,src/data/wild_encounters.json (MAP_MT_SILVER_SNOW)
461,Weavile,SPECIES_WEAVILE,4,Sim,Sim,Sim,Obtível normalmente,Wild encounter @ ICE_PATH_DEPTHS; Wild encounter @ MT_SILVER_SNOW,src/data/wild_encounters.json (MAP_MT_SILVER_SNOW)
462,Magnezone,SPECIES_MAGNEZONE,4,Sim,Sim,Sim,Obtível somente por evolução,"from SPECIES_MAGNETON : EVO_LEVEL, 0, SPECIES_MAGNEZONE, CONDITIONS({IF_IN_MAPSEC, MAPSEC_RAILWAY_CAVE})",src/data/pokemon/species_info/gen_1_families.h:11454
463,Lickilicky,SPECIES_LICKILICKY,4,Sim,Sim,Sim,Obtível normalmente,Wild encounter @ MT_SILVER_OUTSIDE,src/data/wild_encounters.json (MAP_MT_SILVER_OUTSIDE)
464,Rhyperior,SPECIES_RHYPERIOR,4,Sim,Sim,Sim,Obtível normalmente,Wild encounter @ MT_SILVER_2F,src/data/wild_encounters.json (MAP_MT_SILVER_2F)
465,Tangrowth,SPECIES_TANGROWTH,4,Sim,Sim,Sim,Obtível normalmente,Wild encounter @ CERULEAN_CAVE_1F; Wild encounter @ CERULEAN_CAVE_B1F,src/data/wild_encounters.json (MAP_CERULEAN_CAVE_1F)
466,Electivire,SPECIES_ELECTIVIRE,4,Sim,Sim,Sim,Obtível normalmente,Wild encounter @ MT_SILVER_1F_ITEM_ROOM; Wild encounter @ MT_SILVER_1F_WATERFALL_ROOM,src/data/wild_encounters.json (MAP_MT_SILVER_1F_ITEM_ROOM)
467,Magmortar,SPECIES_MAGMORTAR,4,Sim,Sim,Sim,Obtível normalmente,Wild encounter @ MT_SILVER_1F_ITEM_ROOM; Wild encounter @ MT_SILVER_1F_WATERFALL_ROOM,src/data/wild_encounters.json (MAP_MT_SILVER_1F_ITEM_ROOM)
468,Togekiss,SPECIES_TOGEKISS,4,Sim,Sim,Sim,Obtível somente por evolução,"from SPECIES_TOGETIC : EVO_ITEM, ITEM_SHINY_STONE, SPECIES_TOGEKISS",src/data/pokemon/species_info/gen_2_families.h:1883
469,Yanmega,SPECIES_YANMEGA,4,Sim,Sim,Sim,Obtível somente por evolução,"from SPECIES_YANMA : EVO_LEVEL, 0, SPECIES_YANMEGA, CONDITIONS({IF_KNOWS_MOVE, MOVE_ANCIENT_POWER})",src/data/pokemon/species_info/gen_2_families.h:3522
470,Leafeon,SPECIES_LEAFEON,4,Sim,Sim,Sim,Obtível somente por evolução,"from SPECIES_EEVEE : EVO_LEVEL, 0, SPECIES_LEAFEON, CONDITIONS({IF_IN_MAP, MAP_ILEX_FOREST})",src/data/pokemon/species_info/gen_1_families.h:19387
471,Glaceon,SPECIES_GLACEON,4,Sim,Sim,Sim,Obtível normalmente,NPC gift (script),data/scripts/debug.inc:16
472,Gliscor,SPECIES_GLISCOR,4,Sim,Sim,Sim,Obtível somente por evolução,"from SPECIES_GLIGAR : EVO_LEVEL, 0, SPECIES_GLISCOR, CONDITIONS({IF_TIME, TIME_NIGHT}, {IF_HOLD_ITEM, ITEM_RAZOR_FANG})",src/data/pokemon/species_info/gen_2_families.h:5133
473,Mamoswine,SPECIES_MAMOSWINE,4,Sim,Sim,Sim,Obtível normalmente,Wild encounter @ MT_SILVER_SNOW,src/data/wild_encounters.json (MAP_MT_SILVER_SNOW)
474,Porygon-Z,SPECIES_PORYGON_Z,4,Sim,Sim,Sim,Obtível somente por evolução,"from SPECIES_PORYGON2 : EVO_ITEM, ITEM_DUBIOUS_DISC, SPECIES_PORYGON_Z",src/data/pokemon/species_info/gen_1_families.h:19762
475,Gallade,SPECIES_GALLADE,4,Sim,Sim,Sim,Obtível somente por evolução,"from SPECIES_KIRLIA : EVO_ITEM, ITEM_DAWN_STONE, SPECIES_GALLADE, CONDITIONS({IF_GENDER, MON_MALE})",src/data/pokemon/species_info/gen_3_families.h:3074
476,Probopass,SPECIES_PROBOPASS,4,Sim,Sim,Sim,Obtível somente por evolução,"from SPECIES_NOSEPASS : EVO_LEVEL, 0, SPECIES_PROBOPASS, CONDITIONS({IF_IN_MAPSEC, MAPSEC_RAILWAY_CAVE})",src/data/pokemon/species_info/gen_3_families.h:4574
477,Dusknoir,SPECIES_DUSKNOIR,4,Sim,Sim,Sim,Obtível normalmente,Wild encounter @ VAJRA_PYRAMID_FLOOR1; Wild encounter @ VAJRA_PYRAMID_FLOOR2; Wild encounter @ VAJRA_PYRAMID_FLOOR3; Wild encounter @ VAJRA_PYRAMID_FLOOR4,src/data/wild_encounters.json (MAP_VAJRA_PYRAMID_FLOOR1)
478,Froslass,SPECIES_FROSLASS,4,Sim,Sim,Sim,Obtível normalmente,Wild encounter @ MT_SILVER_SNOW,src/data/wild_encounters.json (MAP_MT_SILVER_SNOW)
479,Rotom,SPECIES_ROTOM,4,Sim,Sim,Sim,Obtível normalmente,In-game trade; Wild encounter @ CERULEAN_CAVE_1F; Wild encounter @ CERULEAN_CAVE_B1F; Wild encounter @ CERULEAN_CAVE_B2F,src/data/wild_encounters.json (MAP_CERULEAN_CAVE_1F)
480,Uxie,SPECIES_UXIE,4,Sim,Sim,Sim,Obtível normalmente,Static legendary battle @ ACUITY_CAVERN,data/maps/AcuityCavern/scripts.inc:13 (MAP_ACUITY_CAVERN)
481,Mesprit,SPECIES_MESPRIT,4,Sim,Sim,Sim,Obtível normalmente,Static legendary battle @ VERITY_CAVERN,data/maps/VerityCavern/scripts.inc:13 (MAP_VERITY_CAVERN)
482,Azelf,SPECIES_AZELF,4,Sim,Sim,Sim,Obtível normalmente,Static legendary battle @ VALOR_CAVERN,data/maps/ValorCavern/scripts.inc:13 (MAP_VALOR_CAVERN)
483,Dialga,SPECIES_DIALGA,4,Sim,Sim,Sim,Obtível normalmente,Boss legendary battle @ SPEAR_PILLAR_TOP,data/maps/SpearPillarTop/scripts.inc:36 (MAP_SPEAR_PILLAR_TOP)
484,Palkia,SPECIES_PALKIA,4,Sim,Sim,Sim,Obtível normalmente,Boss legendary battle @ SPEAR_PILLAR_TOP,data/maps/SpearPillarTop/scripts.inc:74 (MAP_SPEAR_PILLAR_TOP)
485,Heatran,SPECIES_HEATRAN,4,Sim,Sim,Sim,Obtível normalmente,Boss legendary battle @ MT_MORTAR_DEPTHS_1,data/maps/MtMortar_Depths_1/scripts.inc:499 (MAP_MT_MORTAR_DEPTHS_1)
486,Regigigas,SPECIES_REGIGIGAS,4,Sim,Sim,Sim,Obtível normalmente,Boss legendary battle @ MT_SILVER_1F_REGIGIGAS_ROOM,data/maps/MtSilver_1F_RegigigasRoom/scripts.inc:44 (MAP_MT_SILVER_1F_REGIGIGAS_ROOM)
487,Giratina,SPECIES_GIRATINA_ALTERED,4,Sim,Sim,Sim,Obtível normalmente,Boss legendary battle @ SPEAR_PILLAR_TOP,data/maps/SpearPillarTop/scripts.inc:112 (MAP_SPEAR_PILLAR_TOP)
488,Cresselia,SPECIES_CRESSELIA,4,Sim,Sim,Sim,Obtível normalmente,Boss legendary battle @ LAKE_OF_RAGE_CRESSELIA_DEN,data/maps/LakeOfRageCresseliaDen/scripts.inc:11 (MAP_LAKE_OF_RAGE_CRESSELIA_DEN)
489,Phione,SPECIES_PHIONE,4,Sim,Sim,Sim,Obtível normalmente,Wild encounter @ ROUTE33SOUTH_2,src/data/wild_encounters.json (MAP_ROUTE33SOUTH_2)
490,Manaphy,SPECIES_MANAPHY,4,Sim,Sim,Sim,Obtível somente por evolução,"from SPECIES_PHIONE : EVO_LEVEL, 58, SPECIES_MANAPHY",src/data/pokemon/species_info/gen_4_families.h:7689
491,Darkrai,SPECIES_DARKRAI,4,Sim,Sim,Sim,Obtível normalmente,Boss legendary battle @ DARKRAI_INN_FINAL_ROOM,data/maps/DarkraiInnFinalRoom/scripts.inc:18 (MAP_DARKRAI_INN_FINAL_ROOM)
492,Shaymin,SPECIES_SHAYMIN_LAND,4,Sim,Sim,Sim,Obtível normalmente,Static legendary battle @ DREAM_GARDEN,data/maps/DreamGarden/scripts.inc:11 (MAP_DREAM_GARDEN)
493,Arceus Normal,SPECIES_ARCEUS_NORMAL,4,Sim,Sim,Sim,Obtível normalmente,Gift Egg @ GOLDENROD_CITY_RADIO_TOWER_2F,data/maps/GoldenrodCity_RadioTower_2F/scripts.inc:1239 (MAP_GOLDENROD_CITY_RADIO_TOWER_2F)
494,Victini,SPECIES_VICTINI,5,Sim,Sim,Sim,Obtível normalmente,"NPC gift (script) @ KITAKAMI_ROAD_HOUSE; NPC gift (script, var) @ KITAKAMI_ROAD_HOUSE",data/maps/KitakamiRoad_House/scripts.inc:91 (MAP_KITAKAMI_ROAD_HOUSE)
495,Snivy,SPECIES_SNIVY,5,Sim,Sim,Sim,Obtível normalmente,Game Corner gacha @ MAUVILLE_CITY_GAME_CORNER,src/game_corner_gacha.c (MAP_MAUVILLE_CITY_GAME_CORNER)
496,Servine,SPECIES_SERVINE,5,Sim,Sim,Sim,Obtível somente por evolução,"from SPECIES_SNIVY : EVO_LEVEL, 17, SPECIES_SERVINE",src/data/pokemon/species_info/gen_5_families.h:152
497,Serperior,SPECIES_SERPERIOR,5,Sim,Sim,Sim,Obtível somente por evolução,"from SPECIES_SERVINE : EVO_LEVEL, 36, SPECIES_SERPERIOR",src/data/pokemon/species_info/gen_5_families.h:226
498,Tepig,SPECIES_TEPIG,5,Sim,Sim,Sim,Obtível normalmente,Game Corner gacha @ MAUVILLE_CITY_GAME_CORNER,src/game_corner_gacha.c (MAP_MAUVILLE_CITY_GAME_CORNER)
499,Pignite,SPECIES_PIGNITE,5,Sim,Sim,Sim,Obtível somente por evolução,"from SPECIES_TEPIG : EVO_LEVEL, 17, SPECIES_PIGNITE",src/data/pokemon/species_info/gen_5_families.h:372
500,Emboar,SPECIES_EMBOAR,5,Sim,Sim,Sim,Obtível somente por evolução,"from SPECIES_PIGNITE : EVO_LEVEL, 36, SPECIES_EMBOAR",src/data/pokemon/species_info/gen_5_families.h:442
501,Oshawott,SPECIES_OSHAWOTT,5,Sim,Sim,Sim,Obtível normalmente,Game Corner gacha @ MAUVILLE_CITY_GAME_CORNER,src/game_corner_gacha.c (MAP_MAUVILLE_CITY_GAME_CORNER)
502,Dewott,SPECIES_DEWOTT,5,Sim,Sim,Sim,Obtível somente por evolução,"from SPECIES_OSHAWOTT : EVO_LEVEL, 17, SPECIES_DEWOTT",src/data/pokemon/species_info/gen_5_families.h:671
503,Samurott,SPECIES_SAMUROTT,5,Sim,Sim,Sim,Obtível somente por evolução,"from SPECIES_DEWOTT : EVO_LEVEL, 36, SPECIES_SAMUROTT, CONDITIONS({IF_NOT_TIME, TIME_NIGHT})",src/data/pokemon/species_info/gen_5_families.h:747
504,Patrat,SPECIES_PATRAT,5,Sim,Nao,Nao,Desabilitado por configuração,,src/data/pokemon/species_info/gen_5_families.h:887
505,Watchog,SPECIES_WATCHOG,5,Sim,Nao,Nao,Desabilitado por configuração,,src/data/pokemon/species_info/gen_5_families.h:956
506,Lillipup,SPECIES_LILLIPUP,5,Sim,Nao,Nao,Desabilitado por configuração,,src/data/pokemon/species_info/gen_5_families.h:1030
507,Herdier,SPECIES_HERDIER,5,Sim,Nao,Nao,Desabilitado por configuração,,src/data/pokemon/species_info/gen_5_families.h:1104
508,Stoutland,SPECIES_STOUTLAND,5,Sim,Nao,Nao,Desabilitado por configuração,,src/data/pokemon/species_info/gen_5_families.h:1176
509,Purrloin,SPECIES_PURRLOIN,5,Sim,Nao,Nao,Desabilitado por configuração,,src/data/pokemon/species_info/gen_5_families.h:1254
510,Liepard,SPECIES_LIEPARD,5,Sim,Nao,Nao,Desabilitado por configuração,,src/data/pokemon/species_info/gen_5_families.h:1324
511,Pansage,SPECIES_PANSAGE,5,Sim,Nao,Nao,Desabilitado por configuração,,src/data/pokemon/species_info/gen_5_families.h:1394
512,Simisage,SPECIES_SIMISAGE,5,Sim,Nao,Nao,Desabilitado por configuração,,src/data/pokemon/species_info/gen_5_families.h:1466
513,Pansear,SPECIES_PANSEAR,5,Sim,Nao,Nao,Desabilitado por configuração,,src/data/pokemon/species_info/gen_5_families.h:1536
514,Simisear,SPECIES_SIMISEAR,5,Sim,Nao,Nao,Desabilitado por configuração,,src/data/pokemon/species_info/gen_5_families.h:1606
515,Panpour,SPECIES_PANPOUR,5,Sim,Nao,Nao,Desabilitado por configuração,,src/data/pokemon/species_info/gen_5_families.h:1679
516,Simipour,SPECIES_SIMIPOUR,5,Sim,Nao,Nao,Desabilitado por configuração,,src/data/pokemon/species_info/gen_5_families.h:1749
517,Munna,SPECIES_MUNNA,5,Sim,Nao,Nao,Desabilitado por configuração,,src/data/pokemon/species_info/gen_5_families.h:1818
518,Musharna,SPECIES_MUSHARNA,5,Sim,Nao,Nao,Desabilitado por configuração,,src/data/pokemon/species_info/gen_5_families.h:1894
519,Pidove,SPECIES_PIDOVE,5,Sim,Nao,Nao,Desabilitado por configuração,,src/data/pokemon/species_info/gen_5_families.h:1967
520,Tranquill,SPECIES_TRANQUILL,5,Sim,Nao,Nao,Desabilitado por configuração,,src/data/pokemon/species_info/gen_5_families.h:2038
521,Unfezant,SPECIES_UNFEZANT,5,Sim,Nao,Nao,Desabilitado por configuração,,src/data/pokemon/species_info/gen_5_families.h:2107
522,Blitzle,SPECIES_BLITZLE,5,Sim,Nao,Nao,Desabilitado por configuração,,src/data/pokemon/species_info/gen_5_families.h:2203
523,Zebstrika,SPECIES_ZEBSTRIKA,5,Sim,Nao,Nao,Desabilitado por configuração,,src/data/pokemon/species_info/gen_5_families.h:2276
524,Roggenrola,SPECIES_ROGGENROLA,5,Sim,Nao,Nao,Desabilitado por configuração,,src/data/pokemon/species_info/gen_5_families.h:2346
525,Boldore,SPECIES_BOLDORE,5,Sim,Nao,Nao,Desabilitado por configuração,,src/data/pokemon/species_info/gen_5_families.h:2422
526,Gigalith,SPECIES_GIGALITH,5,Sim,Nao,Nao,Desabilitado por configuração,,src/data/pokemon/species_info/gen_5_families.h:2502
527,Woobat,SPECIES_WOOBAT,5,Sim,Nao,Nao,Desabilitado por configuração,,src/data/pokemon/species_info/gen_5_families.h:2584
528,Swoobat,SPECIES_SWOOBAT,5,Sim,Nao,Nao,Desabilitado por configuração,,src/data/pokemon/species_info/gen_5_families.h:2671
529,Drilbur,SPECIES_DRILBUR,5,Sim,Sim,Sim,Obtível normalmente,Wild encounter @ TOHJO_FALLS_CAVERN,src/data/wild_encounters.json (MAP_TOHJO_FALLS_CAVERN)
530,Excadrill,SPECIES_EXCADRILL,5,Sim,Sim,Sim,Obtível somente por evolução,"from SPECIES_DRILBUR : EVO_LEVEL, 31, SPECIES_EXCADRILL",src/data/pokemon/species_info/gen_5_families.h:2819
531,Audino,SPECIES_AUDINO,5,Sim,Sim,Sim,Obtível normalmente,Wild encounter @ KITAKAMI_BORDER,src/data/wild_encounters.json (MAP_KITAKAMI_BORDER)
532,Timburr,SPECIES_TIMBURR,5,Sim,Nao,Nao,Desabilitado por configuração,,src/data/pokemon/species_info/gen_5_families.h:3110
533,Gurdurr,SPECIES_GURDURR,5,Sim,Nao,Nao,Desabilitado por configuração,,src/data/pokemon/species_info/gen_5_families.h:3180
534,Conkeldurr,SPECIES_CONKELDURR,5,Sim,Nao,Nao,Desabilitado por configuração,,src/data/pokemon/species_info/gen_5_families.h:3254
535,Tympole,SPECIES_TYMPOLE,5,Sim,Nao,Nao,Desabilitado por configuração,,src/data/pokemon/species_info/gen_5_families.h:3323
536,Palpitoad,SPECIES_PALPITOAD,5,Sim,Nao,Nao,Desabilitado por configuração,,src/data/pokemon/species_info/gen_5_families.h:3392
537,Seismitoad,SPECIES_SEISMITOAD,5,Sim,Nao,Nao,Desabilitado por configuração,,src/data/pokemon/species_info/gen_5_families.h:3463
538,Throh,SPECIES_THROH,5,Sim,Nao,Nao,Desabilitado por configuração,,src/data/pokemon/species_info/gen_5_families.h:3543
539,Sawk,SPECIES_SAWK,5,Sim,Nao,Nao,Desabilitado por configuração,,src/data/pokemon/species_info/gen_5_families.h:3615
540,Sewaddle,SPECIES_SEWADDLE,5,Sim,Sim,Sim,Obtível normalmente,Wild encounter @ NATIONAL_PARK_BUG_CONTEST; Wild encounter @ NATIONAL_PARK_NORMAL,src/data/wild_encounters.json (MAP_NATIONAL_PARK_NORMAL)
541,Swadloon,SPECIES_SWADLOON,5,Sim,Sim,Sim,Obtível somente por evolução,"from SPECIES_SEWADDLE : EVO_LEVEL, 20, SPECIES_SWADLOON",src/data/pokemon/species_info/gen_5_families.h:3760
542,Leavanny,SPECIES_LEAVANNY,5,Sim,Sim,Sim,Obtível normalmente,Wild encounter @ ROUTE50,src/data/wild_encounters.json (MAP_ROUTE50)
543,Venipede,SPECIES_VENIPEDE,5,Sim,Sim,Sim,Obtível normalmente,Wild encounter @ ILEX_FOREST; Wild encounter @ NATIONAL_PARK_BUG_CONTEST,src/data/wild_encounters.json (MAP_ILEX_FOREST)
544,Whirlipede,SPECIES_WHIRLIPEDE,5,Sim,Sim,Sim,Obtível somente por evolução,"from SPECIES_VENIPEDE : EVO_LEVEL, 22, SPECIES_WHIRLIPEDE",src/data/pokemon/species_info/gen_5_families.h:3990
545,Scolipede,SPECIES_SCOLIPEDE,5,Sim,Sim,Sim,Obtível normalmente,Wild encounter @ ROUTE45,src/data/wild_encounters.json (MAP_ROUTE45)
546,Cottonee,SPECIES_COTTONEE,5,Sim,Sim,Sim,Obtível normalmente,Hidden Grotto @ HIDDEN_GROTTO_ROUTE33; Wild encounter @ ROUTE30,src/data/wild_encounters.json (MAP_ROUTE30)
547,Whimsicott,SPECIES_WHIMSICOTT,5,Sim,Sim,Sim,Obtível somente por evolução,"from SPECIES_COTTONEE : EVO_ITEM, ITEM_SUN_STONE, SPECIES_WHIMSICOTT",src/data/pokemon/species_info/gen_5_families.h:4291
548,Petilil,SPECIES_PETILIL,5,Sim,Sim,Sim,Obtível normalmente,Wild encounter @ ROUTE32,src/data/wild_encounters.json (MAP_ROUTE32)
549,Lilligant,SPECIES_LILLIGANT,5,Sim,Sim,Sim,Obtível somente por evolução,"from SPECIES_PETILIL : EVO_ITEM, ITEM_SUN_STONE, SPECIES_LILLIGANT",src/data/pokemon/species_info/gen_5_families.h:4442
550,Basculin,SPECIES_BASCULIN_RED_STRIPED,5,Sim,Sim,Sim,Obtível normalmente,Wild encounter @ MT_SILVER_OUTSIDE,src/data/wild_encounters.json (MAP_MT_SILVER_OUTSIDE)
551,Sandile,SPECIES_SANDILE,5,Sim,Sim,Sim,Obtível normalmente,Wild encounter @ CIANWOOD_CITY; Wild encounter @ VAJRA_DESERT,src/data/wild_encounters.json (MAP_CIANWOOD_CITY)
552,Krokorok,SPECIES_KROKOROK,5,Sim,Sim,Sim,Obtível somente por evolução,"from SPECIES_SANDILE : EVO_LEVEL, 29, SPECIES_KROKOROK",src/data/pokemon/species_info/gen_5_families.h:5006
553,Krookodile,SPECIES_KROOKODILE,5,Sim,Sim,Sim,Obtível somente por evolução,"from SPECIES_KROKOROK : EVO_LEVEL, 40, SPECIES_KROOKODILE",src/data/pokemon/species_info/gen_5_families.h:5076
554,Darumaka,SPECIES_DARUMAKA,5,Sim,Sim,Sim,Obtível normalmente,Hidden Grotto @ HIDDEN_GROTTO_ROUTE33; Wild encounter @ ROUTE49,src/data/wild_encounters.json (MAP_ROUTE49)
555,Darmanitan,SPECIES_DARMANITAN_STANDARD,5,Sim,Sim,Sim,Obtível normalmente,Wild encounter @ MT_MORTAR_DEPTHS_1; Wild encounter @ ROUTE50,src/data/wild_encounters.json (MAP_MT_MORTAR_DEPTHS_1)
556,Maractus,SPECIES_MARACTUS,5,Sim,Sim,Sim,Obtível normalmente,Wild encounter @ VAJRA_DESERT,src/data/wild_encounters.json (MAP_VAJRA_DESERT)
557,Dwebble,SPECIES_DWEBBLE,5,Sim,Nao,Nao,Desabilitado por configuração,,src/data/pokemon/species_info/gen_5_families.h:5638
558,Crustle,SPECIES_CRUSTLE,5,Sim,Nao,Nao,Desabilitado por configuração,,src/data/pokemon/species_info/gen_5_families.h:5715
559,Scraggy,SPECIES_SCRAGGY,5,Sim,Sim,Sim,Obtível normalmente,Wild encounter @ ROUTE49,src/data/wild_encounters.json (MAP_ROUTE49)
560,Scrafty,SPECIES_SCRAFTY,5,Sim,Sim,Sim,Obtível normalmente,Wild encounter @ ROUTE47,src/data/wild_encounters.json (MAP_ROUTE47)
561,Sigilyph,SPECIES_SIGILYPH,5,Sim,Nao,Nao,Desabilitado por configuração,,src/data/pokemon/species_info/gen_5_families.h:5998
562,Yamask,SPECIES_YAMASK,5,Sim,Sim,Sim,Obtível normalmente,Wild encounter @ SPROUT_TOWER_2F; Wild encounter @ SPROUT_TOWER_3F,src/data/wild_encounters.json (MAP_SPROUT_TOWER_2F)
563,Cofagrigus,SPECIES_COFAGRIGUS,5,Sim,Sim,Sim,Obtível normalmente,Wild encounter @ VAJRA_PYRAMID_FLOOR1; Wild encounter @ VAJRA_PYRAMID_FLOOR2; Wild encounter @ VAJRA_PYRAMID_FLOOR3; Wild encounter @ VAJRA_PYRAMID_FLOOR4,src/data/wild_encounters.json (MAP_VAJRA_PYRAMID_FLOOR1)
564,Tirtouga,SPECIES_TIRTOUGA,5,Sim,Nao,Nao,Desabilitado por configuração,,src/data/pokemon/species_info/gen_5_families.h:6363
565,Carracosta,SPECIES_CARRACOSTA,5,Sim,Nao,Nao,Desabilitado por configuração,,src/data/pokemon/species_info/gen_5_families.h:6434
566,Archen,SPECIES_ARCHEN,5,Sim,Sim,Sim,Obtível normalmente,"NPC gift (script, var) @ RUINS_OF_ALPH_LAB",data/maps/RuinsOfAlph_Lab/scripts.inc:320 (MAP_RUINS_OF_ALPH_LAB)
567,Archeops,SPECIES_ARCHEOPS,5,Sim,Sim,Sim,Obtível normalmente,Wild encounter @ FARAWAY_ISLAND_JUNGLE,src/data/wild_encounters.json (MAP_FARAWAY_ISLAND_JUNGLE)
568,Trubbish,SPECIES_TRUBBISH,5,Sim,Nao,Nao,Desabilitado por configuração,,src/data/pokemon/species_info/gen_5_families.h:6660
569,Garbodor,SPECIES_GARBODOR,5,Sim,Nao,Nao,Desabilitado por configuração,,src/data/pokemon/species_info/gen_5_families.h:6731
570,Zorua,SPECIES_ZORUA,5,Sim,Sim,Sim,Obtível normalmente,Hidden Grotto @ HIDDEN_GROTTO_ROUTE47; Wild encounter @ RUINS_OF_ALPH_OUTSIDE,src/data/wild_encounters.json (MAP_RUINS_OF_ALPH_OUTSIDE)
571,Zoroark,SPECIES_ZOROARK,5,Sim,Sim,Sim,Obtível normalmente,Wild encounter @ MT_SILVER_OUTSIDE,src/data/wild_encounters.json (MAP_MT_SILVER_OUTSIDE)
572,Minccino,SPECIES_MINCCINO,5,Sim,Sim,Sim,Obtível normalmente,Hidden Grotto @ HIDDEN_GROTTO_GOLDENROD_SHORE; Wild encounter @ ROUTE35,src/data/wild_encounters.json (MAP_ROUTE35)
573,Cinccino,SPECIES_CINCCINO,5,Sim,Sim,Sim,Obtível somente por evolução,"from SPECIES_MINCCINO : EVO_ITEM, ITEM_SHINY_STONE, SPECIES_CINCCINO",src/data/pokemon/species_info/gen_5_families.h:7227
574,Gothita,SPECIES_GOTHITA,5,Sim,Nao,Nao,Desabilitado por configuração,,src/data/pokemon/species_info/gen_5_families.h:7300
575,Gothorita,SPECIES_GOTHORITA,5,Sim,Nao,Nao,Desabilitado por configuração,,src/data/pokemon/species_info/gen_5_families.h:7375
576,Gothitelle,SPECIES_GOTHITELLE,5,Sim,Nao,Nao,Desabilitado por configuração,,src/data/pokemon/species_info/gen_5_families.h:7450
577,Solosis,SPECIES_SOLOSIS,5,Sim,Sim,Sim,Obtível normalmente,Wild encounter @ ROUTE43,src/data/wild_encounters.json (MAP_ROUTE43)
578,Duosion,SPECIES_DUOSION,5,Sim,Sim,Sim,Obtível somente por evolução,"from SPECIES_SOLOSIS : EVO_LEVEL, 32, SPECIES_DUOSION",src/data/pokemon/species_info/gen_5_families.h:7599
579,Reuniclus,SPECIES_REUNICLUS,5,Sim,Sim,Sim,Obtível somente por evolução,"from SPECIES_DUOSION : EVO_LEVEL, 41, SPECIES_REUNICLUS",src/data/pokemon/species_info/gen_5_families.h:7671
580,Ducklett,SPECIES_DUCKLETT,5,Sim,Nao,Nao,Desabilitado por configuração,,src/data/pokemon/species_info/gen_5_families.h:7745
581,Swanna,SPECIES_SWANNA,5,Sim,Nao,Nao,Desabilitado por configuração,,src/data/pokemon/species_info/gen_5_families.h:7820
582,Vanillite,SPECIES_VANILLITE,5,Sim,Nao,Nao,Desabilitado por configuração,,src/data/pokemon/species_info/gen_5_families.h:7889
583,Vanillish,SPECIES_VANILLISH,5,Sim,Nao,Nao,Desabilitado por configuração,,src/data/pokemon/species_info/gen_5_families.h:7966
584,Vanilluxe,SPECIES_VANILLUXE,5,Sim,Nao,Nao,Desabilitado por configuração,,src/data/pokemon/species_info/gen_5_families.h:8040
585,Deerling,SPECIES_DEERLING_SPRING,5,Sim,Nao,Nao,Desabilitado por configuração,,src/data/pokemon/species_info/gen_5_families.h:8116
586,Sawsbuck,SPECIES_SAWSBUCK_SPRING,5,Sim,Nao,Nao,Desabilitado por configuração,,src/data/pokemon/species_info/gen_5_families.h:8384
587,Emolga,SPECIES_EMOLGA,5,Sim,Sim,Sim,Obtível normalmente,Wild encounter @ ROUTE42,src/data/wild_encounters.json (MAP_ROUTE42)
588,Karrablast,SPECIES_KARRABLAST,5,Sim,Nao,Nao,Desabilitado por configuração,,src/data/pokemon/species_info/gen_5_families.h:8721
589,Escavalier,SPECIES_ESCAVALIER,5,Sim,Nao,Nao,Desabilitado por configuração,,src/data/pokemon/species_info/gen_5_families.h:8791
590,Foongus,SPECIES_FOONGUS,5,Sim,Nao,Nao,Desabilitado por configuração,,src/data/pokemon/species_info/gen_5_families.h:8862
591,Amoonguss,SPECIES_AMOONGUSS,5,Sim,Nao,Nao,Desabilitado por configuração,,src/data/pokemon/species_info/gen_5_families.h:8936
592,Frillish,SPECIES_FRILLISH,5,Sim,Nao,Nao,Desabilitado por configuração,,src/data/pokemon/species_info/gen_5_families.h:9012
593,Jellicent,SPECIES_JELLICENT,5,Sim,Nao,Nao,Desabilitado por configuração,,src/data/pokemon/species_info/gen_5_families.h:9103
594,Alomomola,SPECIES_ALOMOMOLA,5,Sim,Nao,Nao,Desabilitado por configuração,,src/data/pokemon/species_info/gen_5_families.h:9195
595,Joltik,SPECIES_JOLTIK,5,Sim,Sim,Sim,Obtível normalmente,Wild encounter @ ILEX_FOREST,src/data/wild_encounters.json (MAP_ILEX_FOREST)
596,Galvantula,SPECIES_GALVANTULA,5,Sim,Sim,Sim,Obtível normalmente,Wild encounter @ MT_SILVER_1F_ITEM_ROOM; Wild encounter @ MT_SILVER_1F_WATERFALL_ROOM,src/data/wild_encounters.json (MAP_MT_SILVER_1F_ITEM_ROOM)
597,Ferroseed,SPECIES_FERROSEED,5,Sim,Sim,Sim,Obtível normalmente,Hidden Grotto @ HIDDEN_GROTTO_ILEX; Wild encounter @ LAKE_OF_RAGE; Wild encounter @ ROUTE44,src/data/wild_encounters.json (MAP_LAKE_OF_RAGE)
598,Ferrothorn,SPECIES_FERROTHORN,5,Sim,Sim,Sim,Obtível somente por evolução,"from SPECIES_FERROSEED : EVO_LEVEL, 40, SPECIES_FERROTHORN",src/data/pokemon/species_info/gen_5_families.h:9489
599,Klink,SPECIES_KLINK,5,Sim,Nao,Nao,Desabilitado por configuração,,src/data/pokemon/species_info/gen_5_families.h:9568
600,Klang,SPECIES_KLANG,5,Sim,Nao,Nao,Desabilitado por configuração,,src/data/pokemon/species_info/gen_5_families.h:9640
601,Klinklang,SPECIES_KLINKLANG,5,Sim,Nao,Nao,Desabilitado por configuração,,src/data/pokemon/species_info/gen_5_families.h:9712
602,Tynamo,SPECIES_TYNAMO,5,Sim,Sim,Sim,Obtível normalmente,Wild encounter @ BATTLE_FACTORY_GROUNDS; Wild encounter @ RAILWAY_CAVE; Wild encounter @ RAILWAY_CAVE_2F; Wild encounter @ RAILWAY_CAVE_3F,src/data/wild_encounters.json (MAP_RAILWAY_CAVE)
603,Eelektrik,SPECIES_EELEKTRIK,5,Sim,Sim,Sim,Obtível normalmente,Wild encounter @ BATTLE_FACTORY_GROUNDS; Wild encounter @ RAILWAY_CAVE_2F,src/data/wild_encounters.json (MAP_RAILWAY_CAVE_2F)
604,Eelektross,SPECIES_EELEKTROSS,5,Sim,Sim,Sim,Obtível normalmente,Wild encounter @ RAILWAY_CAVE_2F; Wild encounter @ ROUTE26; Wild encounter @ ROUTE27,src/data/wild_encounters.json (MAP_ROUTE27)
605,Elgyem,SPECIES_ELGYEM,5,Sim,Nao,Nao,Desabilitado por configuração,,src/data/pokemon/species_info/gen_5_families.h:10081
606,Beheeyem,SPECIES_BEHEEYEM,5,Sim,Nao,Nao,Desabilitado por configuração,,src/data/pokemon/species_info/gen_5_families.h:10156
607,Litwick,SPECIES_LITWICK,5,Sim,Sim,Sim,Obtível normalmente,Wild encounter @ BURNED_TOWER_1F; Wild encounter @ BURNED_TOWER_B1F,src/data/wild_encounters.json (MAP_BURNED_TOWER_1F)
608,Lampent,SPECIES_LAMPENT,5,Sim,Sim,Sim,Obtível normalmente,Wild encounter @ MT_MORTAR_DEPTHS_1,src/data/wild_encounters.json (MAP_MT_MORTAR_DEPTHS_1)
609,Chandelure,SPECIES_CHANDELURE,5,Sim,Sim,Sim,Obtível somente por evolução,"from SPECIES_LAMPENT : EVO_ITEM, ITEM_DUSK_STONE, SPECIES_CHANDELURE",src/data/pokemon/species_info/gen_5_families.h:10378
610,Axew,SPECIES_AXEW,5,Sim,Sim,Sim,Obtível somente por reprodução,egg from SPECIES_FRAXURE,src/data/pokemon/species_info/gen_5_families.h:10518
611,Fraxure,SPECIES_FRAXURE,5,Sim,Sim,Sim,Obtível normalmente,Wild encounter @ VICTORY_ROAD_KANTO_1F; Wild encounter @ VICTORY_ROAD_KANTO_B1F; Wild encounter @ VICTORY_ROAD_KANTO_B2F,src/data/wild_encounters.json (MAP_VICTORY_ROAD_KANTO_B2F)
612,Haxorus,SPECIES_HAXORUS,5,Sim,Sim,Sim,Obtível somente por evolução,"from SPECIES_FRAXURE : EVO_LEVEL, 48, SPECIES_HAXORUS",src/data/pokemon/species_info/gen_5_families.h:10657
613,Cubchoo,SPECIES_CUBCHOO,5,Sim,Nao,Nao,Desabilitado por configuração,,src/data/pokemon/species_info/gen_5_families.h:10729
614,Beartic,SPECIES_BEARTIC,5,Sim,Nao,Nao,Desabilitado por configuração,,src/data/pokemon/species_info/gen_5_families.h:10803
615,Cryogonal,SPECIES_CRYOGONAL,5,Sim,Nao,Nao,Desabilitado por configuração,,src/data/pokemon/species_info/gen_5_families.h:10878
616,Shelmet,SPECIES_SHELMET,5,Sim,Nao,Nao,Desabilitado por configuração,,src/data/pokemon/species_info/gen_5_families.h:10952
617,Accelgor,SPECIES_ACCELGOR,5,Sim,Nao,Nao,Desabilitado por configuração,,src/data/pokemon/species_info/gen_5_families.h:11024
618,Stunfisk,SPECIES_STUNFISK,5,Sim,Sim,Sim,Obtível normalmente,Wild encounter @ RAILWAY_CAVE; Wild encounter @ RAILWAY_CAVE_2F; Wild encounter @ RAILWAY_CAVE_3F,src/data/wild_encounters.json (MAP_RAILWAY_CAVE)
619,Mienfoo,SPECIES_MIENFOO,5,Sim,Sim,Sim,Obtível normalmente,Hidden Grotto @ HIDDEN_GROTTO_ROUTE33; Wild encounter @ ROUTE49,src/data/wild_encounters.json (MAP_ROUTE49)
620,Mienshao,SPECIES_MIENSHAO,5,Sim,Sim,Sim,Obtível somente por evolução,"from SPECIES_MIENFOO : EVO_LEVEL, 36, SPECIES_MIENSHAO",src/data/pokemon/species_info/gen_5_families.h:11308
621,Druddigon,SPECIES_DRUDDIGON,5,Sim,Nao,Nao,Desabilitado por configuração,,src/data/pokemon/species_info/gen_5_families.h:11384
622,Golett,SPECIES_GOLETT,5,Sim,Sim,Sim,Obtível normalmente,Wild encounter @ MT_MORTAR_1F_NORTH; Wild encounter @ MT_MORTAR_1F_SOUTH; Wild encounter @ MT_MORTAR_2F; Wild encounter @ MT_MORTAR_B1F,src/data/wild_encounters.json (MAP_MT_MORTAR_1F_SOUTH)
623,Golurk,SPECIES_GOLURK,5,Sim,Sim,Sim,Obtível normalmente,Wild encounter @ VAJRA_PYRAMID_FLOOR1; Wild encounter @ VAJRA_PYRAMID_FLOOR2; Wild encounter @ VAJRA_PYRAMID_FLOOR3; Wild encounter @ VAJRA_PYRAMID_FLOOR4,src/data/wild_encounters.json (MAP_VAJRA_PYRAMID_FLOOR1)
624,Pawniard,SPECIES_PAWNIARD,5,Sim,Sim,Sim,Obtível normalmente,Wild encounter @ TOHJO_FALLS_CAVERN,src/data/wild_encounters.json (MAP_TOHJO_FALLS_CAVERN)
625,Bisharp,SPECIES_BISHARP,5,Sim,Sim,Sim,Obtível normalmente,Wild encounter @ CERULEAN_CAVE_1F; Wild encounter @ CERULEAN_CAVE_B1F,src/data/wild_encounters.json (MAP_CERULEAN_CAVE_1F)
626,Bouffalant,SPECIES_BOUFFALANT,5,Sim,Nao,Nao,Desabilitado por configuração,,src/data/pokemon/species_info/gen_5_families.h:11884
627,Rufflet,SPECIES_RUFFLET,5,Sim,Sim,Sim,Obtível normalmente,Wild encounter @ ROUTE48,src/data/wild_encounters.json (MAP_ROUTE48)
628,Braviary,SPECIES_BRAVIARY,5,Sim,Sim,Sim,Obtível normalmente,Wild encounter @ ROUTE47,src/data/wild_encounters.json (MAP_ROUTE47)
629,Vullaby,SPECIES_VULLABY,5,Sim,Sim,Sim,Obtível normalmente,Hidden Grotto @ HIDDEN_GROTTO_UNUSED; Wild encounter @ VAJRA_DESERT,src/data/wild_encounters.json (MAP_VAJRA_DESERT)
630,Mandibuzz,SPECIES_MANDIBUZZ,5,Sim,Sim,Sim,Obtível normalmente,Wild encounter @ VAJRA_DESERT_EAST; Wild encounter @ VAJRA_DESERT_EAST_CAVE,src/data/wild_encounters.json (MAP_VAJRA_DESERT_EAST)
631,Heatmor,SPECIES_HEATMOR,5,Sim,Nao,Nao,Desabilitado por configuração,,src/data/pokemon/species_info/gen_5_families.h:12317
632,Durant,SPECIES_DURANT,5,Sim,Nao,Nao,Desabilitado por configuração,,src/data/pokemon/species_info/gen_5_families.h:12387
633,Deino,SPECIES_DEINO,5,Sim,Sim,Sim,Obtível normalmente,Wild encounter @ KITAKAMI_WELL_B1F; Wild encounter @ TOHJO_FALLS_CAVERN,src/data/wild_encounters.json (MAP_TOHJO_FALLS_CAVERN)
634,Zweilous,SPECIES_ZWEILOUS,5,Sim,Sim,Sim,Obtível somente por evolução,"from SPECIES_DEINO : EVO_LEVEL, 50, SPECIES_ZWEILOUS",src/data/pokemon/species_info/gen_5_families.h:12543
635,Hydreigon,SPECIES_HYDREIGON,5,Sim,Sim,Sim,Obtível somente por evolução,"from SPECIES_ZWEILOUS : EVO_LEVEL, 64, SPECIES_HYDREIGON",src/data/pokemon/species_info/gen_5_families.h:12612
636,Larvesta,SPECIES_LARVESTA,5,Sim,Sim,Sim,Obtível normalmente,Hidden Grotto @ HIDDEN_GROTTO_ROUTE47; Static legendary battle @ DEEP_ILEX_FOREST,src/hidden_grotto.c (MAP_HIDDEN_GROTTO_ROUTE47)
637,Volcarona,SPECIES_VOLCARONA,5,Sim,Sim,Sim,Obtível somente por evolução,"from SPECIES_LARVESTA : EVO_LEVEL, 59, SPECIES_VOLCARONA",src/data/pokemon/species_info/gen_5_families.h:12768
638,Cobalion,SPECIES_COBALION,5,Sim,Sim,Sim,Obtível normalmente,Boss legendary battle @ RAILWAY_CAVE_3F,data/maps/RailwayCave_3F/scripts.inc:31 (MAP_RAILWAY_CAVE_3F)
639,Terrakion,SPECIES_TERRAKION,5,Sim,Sim,Sim,Obtível normalmente,Boss legendary battle @ DARK_CAVE_NORTH_SIDE,data/maps/DarkCave_NorthSide/scripts.inc:94 (MAP_DARK_CAVE_NORTH_SIDE)
640,Virizion,SPECIES_VIRIZION,5,Sim,Sim,Sim,Obtível normalmente,Boss legendary battle @ ROUTE50,data/maps/Route50/scripts.inc:35 (MAP_ROUTE50)
641,Tornadus,SPECIES_TORNADUS_INCARNATE,5,Sim,Sim,Sim,Obtível normalmente,"NPC gift (script, var) @ BATTLE_CAFE",data/maps/BattleCafe/scripts.inc:1327 (MAP_BATTLE_CAFE)
642,Thundurus,SPECIES_THUNDURUS_INCARNATE,5,Sim,Sim,Sim,Obtível normalmente,"NPC gift (script, var) @ BATTLE_CAFE",data/maps/BattleCafe/scripts.inc:1347 (MAP_BATTLE_CAFE)
643,Reshiram,SPECIES_RESHIRAM,5,Sim,Sim,Nao,"Existe no código, mas não é obtível",,src/data/pokemon/species_info/gen_5_families.h:13417
644,Zekrom,SPECIES_ZEKROM,5,Sim,Sim,Nao,"Existe no código, mas não é obtível",,src/data/pokemon/species_info/gen_5_families.h:13490
645,Landorus,SPECIES_LANDORUS_INCARNATE,5,Sim,Sim,Sim,Obtível normalmente,"NPC gift (script, var) @ BATTLE_CAFE",data/maps/BattleCafe/scripts.inc:1367 (MAP_BATTLE_CAFE)
646,Kyurem,SPECIES_KYUREM,5,Sim,Sim,Nao,"Existe no código, mas não é obtível",,src/data/pokemon/species_info/gen_5_families.h:13733
647,Keldeo,SPECIES_KELDEO_ORDINARY,5,Sim,Sim,Nao,"Existe no código, mas não é obtível",,src/data/pokemon/species_info/gen_5_families.h:13962
648,Meloetta,SPECIES_MELOETTA_ARIA,5,Sim,Sim,Sim,Obtível normalmente,Static legendary battle @ ECRUTEAK_CITY_THEATER,data/maps/EcruteakCity_Theater/scripts.inc:913 (MAP_ECRUTEAK_CITY_THEATER)
649,Genesect,SPECIES_GENESECT,5,Sim,Sim,Sim,Obtível normalmente,Boss legendary battle @ ABANDONED_ROCKET_HIDEOUT_BACKROOM,data/maps/AbandonedRocketHideoutBackroom/scripts.inc:49 (MAP_ABANDONED_ROCKET_HIDEOUT_BACKROOM)
650,Chespin,SPECIES_CHESPIN,6,Sim,Sim,Sim,Obtível normalmente,Game Corner gacha @ MAUVILLE_CITY_GAME_CORNER; Starter choice,src/game_corner_gacha.c (MAP_MAUVILLE_CITY_GAME_CORNER)
651,Quilladin,SPECIES_QUILLADIN,6,Sim,Sim,Sim,Obtível somente por evolução,"from SPECIES_CHESPIN : EVO_LEVEL, 16, SPECIES_QUILLADIN",src/data/pokemon/species_info/gen_6_families.h:80
652,Chesnaught,SPECIES_CHESNAUGHT,6,Sim,Sim,Sim,Obtível somente por evolução,"from SPECIES_QUILLADIN : EVO_LEVEL, 36, SPECIES_CHESNAUGHT",src/data/pokemon/species_info/gen_6_families.h:152
653,Fennekin,SPECIES_FENNEKIN,6,Sim,Sim,Sim,Obtível normalmente,Game Corner gacha @ MAUVILLE_CITY_GAME_CORNER; Starter choice,src/game_corner_gacha.c (MAP_MAUVILLE_CITY_GAME_CORNER)
654,Braixen,SPECIES_BRAIXEN,6,Sim,Sim,Sim,Obtível somente por evolução,"from SPECIES_FENNEKIN : EVO_LEVEL, 16, SPECIES_BRAIXEN",src/data/pokemon/species_info/gen_6_families.h:359
655,Delphox,SPECIES_DELPHOX,6,Sim,Sim,Sim,Obtível somente por evolução,"from SPECIES_BRAIXEN : EVO_LEVEL, 36, SPECIES_DELPHOX",src/data/pokemon/species_info/gen_6_families.h:429
656,Froakie,SPECIES_FROAKIE,6,Sim,Sim,Sim,Obtível normalmente,Game Corner gacha @ MAUVILLE_CITY_GAME_CORNER; Starter choice; Wild encounter @ ROUTE45,src/data/wild_encounters.json (MAP_ROUTE45)
657,Frogadier,SPECIES_FROGADIER,6,Sim,Sim,Sim,Obtível somente por evolução,"from SPECIES_FROAKIE : EVO_LEVEL, 16, SPECIES_FROGADIER",src/data/pokemon/species_info/gen_6_families.h:642
658,Greninja,SPECIES_GRENINJA,6,Sim,Sim,Sim,Obtível somente por evolução,"from SPECIES_FROGADIER : EVO_LEVEL, 36, SPECIES_GRENINJA",src/data/pokemon/species_info/gen_6_families.h:711
659,Bunnelby,SPECIES_BUNNELBY,6,Sim,Nao,Nao,Desabilitado por configuração,,src/data/pokemon/species_info/gen_6_families.h:975
660,Diggersby,SPECIES_DIGGERSBY,6,Sim,Nao,Nao,Desabilitado por configuração,,src/data/pokemon/species_info/gen_6_families.h:1044
661,Fletchling,SPECIES_FLETCHLING,6,Sim,Sim,Sim,Obtível normalmente,Wild encounter @ RUINS_OF_ALPH_OUTSIDE,src/data/wild_encounters.json (MAP_RUINS_OF_ALPH_OUTSIDE)
662,Fletchinder,SPECIES_FLETCHINDER,6,Sim,Sim,Sim,Obtível somente por evolução,"from SPECIES_FLETCHLING : EVO_LEVEL, 17, SPECIES_FLETCHINDER",src/data/pokemon/species_info/gen_6_families.h:1188
663,Talonflame,SPECIES_TALONFLAME,6,Sim,Sim,Sim,Obtível normalmente,Wild encounter @ ROUTE50,src/data/wild_encounters.json (MAP_ROUTE50)
664,Scatterbug Icy Snow,SPECIES_SCATTERBUG_ICY_SNOW,6,Sim,Nao,Nao,Desabilitado por configuração,,src/data/pokemon/species_info/gen_6_families.h:1399
665,Spewpa Icy Snow,SPECIES_SPEWPA_ICY_SNOW,6,Sim,Nao,Nao,Desabilitado por configuração,,src/data/pokemon/species_info/gen_6_families.h:1483
666,Vivillon Icy Snow,SPECIES_VIVILLON_ICY_SNOW,6,Sim,Nao,Nao,Desabilitado por configuração,,src/data/pokemon/species_info/gen_6_families.h:1564
667,Litleo,SPECIES_LITLEO,6,Sim,Sim,Sim,Obtível normalmente,Wild encounter @ BURNED_TOWER_1F; Wild encounter @ BURNED_TOWER_B1F,src/data/wild_encounters.json (MAP_BURNED_TOWER_1F)
668,Pyroar,SPECIES_PYROAR,6,Sim,Sim,Sim,Obtível somente por evolução,"from SPECIES_LITLEO : EVO_LEVEL, 35, SPECIES_PYROAR",src/data/pokemon/species_info/gen_6_families.h:1837
669,Flabebe Red,SPECIES_FLABEBE_RED,6,Sim,Sim,Sim,Obtível somente por reprodução,egg from SPECIES_FLOETTE_RED,src/data/pokemon/species_info/gen_6_families.h:2047
670,Floette Red,SPECIES_FLOETTE_RED,6,Sim,Sim,Sim,Obtível normalmente,Wild encounter @ TOHJO_PASS,src/data/wild_encounters.json (MAP_TOHJO_PASS)
671,Florges Red,SPECIES_FLORGES_RED,6,Sim,Sim,Sim,Obtível somente por evolução,"from SPECIES_FLOETTE_RED : EVO_ITEM, ITEM_SHINY_STONE, SPECIES_FLORGES_RED",src/data/pokemon/species_info/gen_6_families.h:2299
672,Skiddo,SPECIES_SKIDDO,6,Sim,Sim,Sim,Obtível normalmente,Wild encounter @ ROUTE34,src/data/wild_encounters.json (MAP_ROUTE34)
673,Gogoat,SPECIES_GOGOAT,6,Sim,Sim,Sim,Obtível normalmente,Wild encounter @ ROUTE26,src/data/wild_encounters.json (MAP_ROUTE26)
674,Pancham,SPECIES_PANCHAM,6,Sim,Nao,Nao,Desabilitado por configuração,,src/data/pokemon/species_info/gen_6_families.h:2551
675,Pangoro,SPECIES_PANGORO,6,Sim,Nao,Nao,Desabilitado por configuração,,src/data/pokemon/species_info/gen_6_families.h:2625
676,Furfrou Natural,SPECIES_FURFROU_NATURAL,6,Sim,Nao,Nao,Desabilitado por configuração,,src/data/pokemon/species_info/gen_6_families.h:2762
677,Espurr,SPECIES_ESPURR,6,Sim,Sim,Sim,Obtível normalmente,Wild encounter @ ROUTE37,src/data/wild_encounters.json (MAP_ROUTE37)
678,Meowstic,SPECIES_MEOWSTIC_M,6,Sim,Sim,Sim,Obtível normalmente,Hidden Grotto @ HIDDEN_GROTTO_ROUTE38,src/hidden_grotto.c (MAP_HIDDEN_GROTTO_ROUTE38)
679,Honedge,SPECIES_HONEDGE,6,Sim,Sim,Sim,Obtível somente por troca/comunicação,In-game trade,src/data/trade.h:1038
680,Doublade,SPECIES_DOUBLADE,6,Sim,Sim,Sim,Obtível normalmente,Wild encounter @ ROUTE26; Wild encounter @ ROUTE27,src/data/wild_encounters.json (MAP_ROUTE27)
681,Aegislash,SPECIES_AEGISLASH_SHIELD,6,Sim,Sim,Sim,Obtível normalmente,Wild encounter @ CERULEAN_CAVE_1F; Wild encounter @ CERULEAN_CAVE_B1F; Wild encounter @ CERULEAN_CAVE_B2F; Wild encounter @ MT_SILVER_MOUNTAIN_SIDE,src/data/wild_encounters.json (MAP_MT_SILVER_MOUNTAIN_SIDE)
682,Spritzee,SPECIES_SPRITZEE,6,Sim,Nao,Nao,Desabilitado por configuração,,src/data/pokemon/species_info/gen_6_families.h:3402
683,Aromatisse,SPECIES_AROMATISSE,6,Sim,Nao,Nao,Desabilitado por configuração,,src/data/pokemon/species_info/gen_6_families.h:3477
684,Swirlix,SPECIES_SWIRLIX,6,Sim,Nao,Nao,Desabilitado por configuração,,src/data/pokemon/species_info/gen_6_families.h:3546
685,Slurpuff,SPECIES_SLURPUFF,6,Sim,Nao,Nao,Desabilitado por configuração,,src/data/pokemon/species_info/gen_6_families.h:3621
686,Inkay,SPECIES_INKAY,6,Sim,Sim,Sim,Obtível normalmente,Wild encounter @ MT_SILVER_OUTSIDE; Wild encounter @ ROUTE28,src/data/wild_encounters.json (MAP_MT_SILVER_OUTSIDE)
687,Malamar,SPECIES_MALAMAR,6,Sim,Sim,Sim,Obtível normalmente,Wild encounter @ KITAKAMI_WELL_B1F; Wild encounter @ MT_SILVER_OUTSIDE; Wild encounter @ ROUTE28,src/data/wild_encounters.json (MAP_MT_SILVER_OUTSIDE)
688,Binacle,SPECIES_BINACLE,6,Sim,Sim,Sim,Obtível normalmente,Wild encounter @ CIANWOOD_CITY; Wild encounter @ CLIFF_EDGE_CAVE; Wild encounter @ ROUTE40; Wild encounter @ WHIRL_ISLANDS_1F; Wild encounter @ WHIRL_ISLANDS_B1F; Wild encounter @ WHIRL_ISLANDS_B2F,src/data/wild_encounters.json (MAP_ROUTE40)
689,Barbaracle,SPECIES_BARBARACLE,6,Sim,Sim,Sim,Obtível normalmente,Wild encounter @ MT_SILVER_2F,src/data/wild_encounters.json (MAP_MT_SILVER_2F)
690,Skrelp,SPECIES_SKRELP,6,Sim,Sim,Sim,Obtível normalmente,Wild encounter @ WHIRL_ISLANDS_1F; Wild encounter @ WHIRL_ISLANDS_B1F; Wild encounter @ WHIRL_ISLANDS_B2F,src/data/wild_encounters.json (MAP_WHIRL_ISLANDS_1F)
691,Dragalge,SPECIES_DRAGALGE,6,Sim,Sim,Sim,Obtível normalmente,Wild encounter @ WHIRL_ISLANDS_1F; Wild encounter @ WHIRL_ISLANDS_B1F; Wild encounter @ WHIRL_ISLANDS_B2F,src/data/wild_encounters.json (MAP_WHIRL_ISLANDS_1F)
692,Clauncher,SPECIES_CLAUNCHER,6,Sim,Sim,Sim,Obtível normalmente,Wild encounter @ CIANWOOD_CITY; Wild encounter @ OLIVINE_CITY; Wild encounter @ ROUTE40; Wild encounter @ ROUTE49; Wild encounter @ TOHJO_FALLS_CAVERN,src/data/wild_encounters.json (MAP_ROUTE40)
693,Clawitzer,SPECIES_CLAWITZER,6,Sim,Sim,Sim,Obtível normalmente,Wild encounter @ ROUTE49; Wild encounter @ TOHJO_FALLS_CAVERN,src/data/wild_encounters.json (MAP_TOHJO_FALLS_CAVERN)
694,Helioptile,SPECIES_HELIOPTILE,6,Sim,Nao,Nao,Desabilitado por configuração,,src/data/pokemon/species_info/gen_6_families.h:4468
695,Heliolisk,SPECIES_HELIOLISK,6,Sim,Nao,Nao,Desabilitado por configuração,,src/data/pokemon/species_info/gen_6_families.h:4538
696,Tyrunt,SPECIES_TYRUNT,6,Sim,Sim,Sim,Obtível normalmente,"NPC gift (script, var) @ RUINS_OF_ALPH_LAB",data/maps/RuinsOfAlph_Lab/scripts.inc:328 (MAP_RUINS_OF_ALPH_LAB)
697,Tyrantrum,SPECIES_TYRANTRUM,6,Sim,Sim,Sim,Obtível normalmente,Wild encounter @ FARAWAY_ISLAND_JUNGLE,src/data/wild_encounters.json (MAP_FARAWAY_ISLAND_JUNGLE)
698,Amaura,SPECIES_AMAURA,6,Sim,Sim,Sim,Obtível normalmente,"NPC gift (script, var) @ RUINS_OF_ALPH_LAB",data/maps/RuinsOfAlph_Lab/scripts.inc:336 (MAP_RUINS_OF_ALPH_LAB)
699,Aurorus,SPECIES_AURORUS,6,Sim,Sim,Sim,Obtível normalmente,Wild encounter @ FARAWAY_ISLAND_JUNGLE,src/data/wild_encounters.json (MAP_FARAWAY_ISLAND_JUNGLE)
700,Sylveon,SPECIES_SYLVEON,6,Sim,Sim,Sim,Obtível somente por evolução,"from SPECIES_EEVEE : EVO_LEVEL, 0, SPECIES_SYLVEON, CONDITIONS({IF_MIN_FRIENDSHIP, FRIENDSHIP_EVO_THRESHOLD}, {IF_KNOWS_MOVE_TYPE, TYPE_FAIRY})",src/data/pokemon/species_info/gen_1_families.h:19527
701,Hawlucha,SPECIES_HAWLUCHA,6,Sim,Sim,Sim,Obtível normalmente,Wild encounter @ UNION_CAVE_B2F,src/data/wild_encounters.json (MAP_UNION_CAVE_B2F)
702,Dedenne,SPECIES_DEDENNE,6,Sim,Nao,Nao,Desabilitado por configuração,,src/data/pokemon/species_info/gen_6_families.h:5050
703,Carbink,SPECIES_CARBINK,6,Sim,Nao,Nao,Desabilitado por configuração,,src/data/pokemon/species_info/gen_6_families.h:5121
704,Goomy,SPECIES_GOOMY,6,Sim,Sim,Sim,Obtível somente por reprodução,egg from SPECIES_SLIGGOO,src/data/pokemon/species_info/gen_6_families.h:5199
705,Sliggoo,SPECIES_SLIGGOO,6,Sim,Sim,Sim,Obtível normalmente,Wild encounter @ KITAKAMI_BORDER,src/data/wild_encounters.json (MAP_KITAKAMI_BORDER)
706,Goodra,SPECIES_GOODRA,6,Sim,Sim,Sim,Obtível somente por evolução,"from SPECIES_SLIGGOO : EVO_LEVEL, 50, SPECIES_GOODRA, CONDITIONS({IF_WEATHER, WEATHER_RAIN})",src/data/pokemon/species_info/gen_6_families.h:5347
707,Klefki,SPECIES_KLEFKI,6,Sim,Sim,Sim,Obtível normalmente,Wild encounter @ KITAKAMI_BORDER; Wild encounter @ KITAKAMI_WELL_B1F,src/data/wild_encounters.json (MAP_KITAKAMI_BORDER)
708,Phantump,SPECIES_PHANTUMP,6,Sim,Sim,Sim,Obtível normalmente,Wild encounter @ FOGGY_FOREST,src/data/wild_encounters.json (MAP_FOGGY_FOREST)
709,Trevenant,SPECIES_TREVENANT,6,Sim,Sim,Sim,Obtível somente por evolução,"from SPECIES_PHANTUMP : EVO_ITEM, ITEM_LINKING_CORD, SPECIES_TREVENANT",src/data/pokemon/species_info/gen_6_families.h:5715
710,Pumpkaboo,SPECIES_PUMPKABOO_AVERAGE,6,Sim,Nao,Nao,Desabilitado por configuração,,src/data/pokemon/species_info/gen_6_families.h:5789
711,Gourgeist,SPECIES_GOURGEIST_AVERAGE,6,Sim,Nao,Nao,Desabilitado por configuração,,src/data/pokemon/species_info/gen_6_families.h:6060
712,Bergmite,SPECIES_BERGMITE,6,Sim,Sim,Sim,Obtível normalmente,Hidden Grotto @ HIDDEN_GROTTO_ROUTE44; Wild encounter @ SNOWTOP_MOUNTAIN; Wild encounter @ SNOWTOP_MOUNTAIN_B1F; Wild encounter @ SNOWTOP_MOUNTAIN_OUTSIDE,src/data/wild_encounters.json (MAP_SNOWTOP_MOUNTAIN_OUTSIDE)
713,Avalugg,SPECIES_AVALUGG,6,Sim,Sim,Sim,Obtível normalmente,Wild encounter @ SNOWTOP_MOUNTAIN_OUTSIDE,src/data/wild_encounters.json (MAP_SNOWTOP_MOUNTAIN_OUTSIDE)
714,Noibat,SPECIES_NOIBAT,6,Sim,Sim,Sim,Obtível normalmente,Wild encounter @ DRAGONS_DEN_CAVERN; Wild encounter @ SLOWPOKE_WELL_B1F; Wild encounter @ SLOWPOKE_WELL_B2F,src/data/wild_encounters.json (MAP_SLOWPOKE_WELL_B1F)
715,Noivern,SPECIES_NOIVERN,6,Sim,Sim,Sim,Obtível normalmente,Wild encounter @ DRAGONS_DEN_CAVERN,src/data/wild_encounters.json (MAP_DRAGONS_DEN_CAVERN)
716,Xerneas,SPECIES_XERNEAS_NEUTRAL,6,Sim,Sim,Nao,"Existe no código, mas não é obtível",,src/data/pokemon/species_info/gen_6_families.h:6701
717,Yveltal,SPECIES_YVELTAL,6,Sim,Sim,Nao,"Existe no código, mas não é obtível",,src/data/pokemon/species_info/gen_6_families.h:6835
718,Zygarde,SPECIES_ZYGARDE_50,6,Sim,Sim,Nao,"Existe no código, mas não é obtível",,src/data/pokemon/species_info/gen_6_families.h:6911
719,Diancie,SPECIES_DIANCIE,6,Sim,Sim,Sim,Obtível normalmente,"NPC gift (script) @ BATTLE_CAFE; NPC gift (script, var) @ BATTLE_CAFE",data/maps/BattleCafe/scripts.inc:98 (MAP_BATTLE_CAFE)
720,Hoopa,SPECIES_HOOPA_CONFINED,6,Sim,Sim,Sim,Obtível normalmente,Boss legendary battle @ VAJRA_PYRAMID_FINAL_CHAMBER,data/maps/VajraPyramidFinalChamber/scripts.inc:34 (MAP_VAJRA_PYRAMID_FINAL_CHAMBER)
721,Volcanion,SPECIES_VOLCANION,6,Sim,Sim,Nao,"Existe no código, mas não é obtível",,src/data/pokemon/species_info/gen_6_families.h:7633
722,Rowlet,SPECIES_ROWLET,7,Sim,Sim,Sim,Obtível normalmente,Game Corner gacha @ MAUVILLE_CITY_GAME_CORNER,src/game_corner_gacha.c (MAP_MAUVILLE_CITY_GAME_CORNER)
723,Dartrix,SPECIES_DARTRIX,7,Sim,Sim,Sim,Obtível somente por evolução,"from SPECIES_ROWLET : EVO_LEVEL, 17, SPECIES_DARTRIX",src/data/pokemon/species_info/gen_7_families.h:78
724,Decidueye,SPECIES_DECIDUEYE,7,Sim,Sim,Sim,Obtível somente por evolução,"from SPECIES_DARTRIX : EVO_LEVEL, 34, SPECIES_DECIDUEYE, CONDITIONS({IF_NOT_TIME, TIME_NIGHT})",src/data/pokemon/species_info/gen_7_families.h:152
725,Litten,SPECIES_LITTEN,7,Sim,Sim,Sim,Obtível normalmente,Game Corner gacha @ MAUVILLE_CITY_GAME_CORNER,src/game_corner_gacha.c (MAP_MAUVILLE_CITY_GAME_CORNER)
726,Torracat,SPECIES_TORRACAT,7,Sim,Sim,Sim,Obtível somente por evolução,"from SPECIES_LITTEN : EVO_LEVEL, 17, SPECIES_TORRACAT",src/data/pokemon/species_info/gen_7_families.h:362
727,Incineroar,SPECIES_INCINEROAR,7,Sim,Sim,Sim,Obtível somente por evolução,"from SPECIES_TORRACAT : EVO_LEVEL, 34, SPECIES_INCINEROAR",src/data/pokemon/species_info/gen_7_families.h:431
728,Popplio,SPECIES_POPPLIO,7,Sim,Sim,Sim,Obtível normalmente,Game Corner gacha @ MAUVILLE_CITY_GAME_CORNER; Starter choice,src/game_corner_gacha.c (MAP_MAUVILLE_CITY_GAME_CORNER)
729,Brionne,SPECIES_BRIONNE,7,Sim,Sim,Sim,Obtível somente por evolução,"from SPECIES_POPPLIO : EVO_LEVEL, 17, SPECIES_BRIONNE",src/data/pokemon/species_info/gen_7_families.h:571
730,Primarina,SPECIES_PRIMARINA,7,Sim,Sim,Sim,Obtível somente por evolução,"from SPECIES_BRIONNE : EVO_LEVEL, 34, SPECIES_PRIMARINA",src/data/pokemon/species_info/gen_7_families.h:642
731,Pikipek,SPECIES_PIKIPEK,7,Sim,Nao,Nao,Desabilitado por configuração,,src/data/pokemon/species_info/gen_7_families.h:774
732,Trumbeak,SPECIES_TRUMBEAK,7,Sim,Nao,Nao,Desabilitado por configuração,,src/data/pokemon/species_info/gen_7_families.h:847
733,Toucannon,SPECIES_TOUCANNON,7,Sim,Nao,Nao,Desabilitado por configuração,,src/data/pokemon/species_info/gen_7_families.h:919
734,Yungoos,SPECIES_YUNGOOS,7,Sim,Nao,Nao,Desabilitado por configuração,,src/data/pokemon/species_info/gen_7_families.h:990
735,Gumshoos,SPECIES_GUMSHOOS,7,Sim,Nao,Nao,Desabilitado por configuração,,src/data/pokemon/species_info/gen_7_families.h:1061
736,Grubbin,SPECIES_GRUBBIN,7,Sim,Sim,Sim,Obtível normalmente,Wild encounter @ ILEX_FOREST,src/data/wild_encounters.json (MAP_ILEX_FOREST)
737,Charjabug,SPECIES_CHARJABUG,7,Sim,Sim,Sim,Obtível normalmente,Wild encounter @ RAILWAY_CAVE,src/data/wild_encounters.json (MAP_RAILWAY_CAVE)
738,Vikavolt,SPECIES_VIKAVOLT,7,Sim,Sim,Sim,Obtível somente por evolução,"from SPECIES_CHARJABUG : EVO_LEVEL, 0, SPECIES_VIKAVOLT, CONDITIONS({IF_IN_MAPSEC, MAPSEC_RAILWAY_CAVE})",src/data/pokemon/species_info/gen_7_families.h:1334
739,Crabrawler,SPECIES_CRABRAWLER,7,Sim,Sim,Sim,Obtível normalmente,Wild encounter @ CIANWOOD_CITY; Wild encounter @ ROUTE40,src/data/wild_encounters.json (MAP_ROUTE40)
740,Crabominable,SPECIES_CRABOMINABLE,7,Sim,Sim,Sim,Obtível normalmente,Wild encounter @ CERULEAN_CAVE_1F; Wild encounter @ CERULEAN_CAVE_B1F; Wild encounter @ CERULEAN_CAVE_B2F,src/data/wild_encounters.json (MAP_CERULEAN_CAVE_1F)
741,Oricorio,SPECIES_ORICORIO_BAILE,7,Sim,Sim,Slot: sim (outra forma),"Existe no código, mas não é obtível",Somente via forma alternativa: SPECIES_ORICORIO_SENSU,src/data/pokemon/species_info/gen_7_families.h:1671
742,Cutiefly,SPECIES_CUTIEFLY,7,Sim,Sim,Sim,Obtível normalmente,Wild encounter @ ROUTE32,src/data/wild_encounters.json (MAP_ROUTE32)
743,Ribombee,SPECIES_RIBOMBEE,7,Sim,Sim,Sim,Obtível somente por evolução,"from SPECIES_CUTIEFLY : EVO_LEVEL, 25, SPECIES_RIBOMBEE",src/data/pokemon/species_info/gen_7_families.h:2074
744,Rockruff,SPECIES_ROCKRUFF,7,Sim,Sim,Sim,Obtível normalmente,Wild encounter @ ROUTE33,src/data/wild_encounters.json (MAP_ROUTE33)
745,Lycanroc,SPECIES_LYCANROC_MIDDAY,7,Sim,Sim,Sim,Obtível normalmente,Wild encounter @ KITAKAMI_MOUNTAIN1F; Wild encounter @ KITAKAMI_MOUNTAIN2F; Wild encounter @ KITAKAMI_MOUNTAIN3F; Wild encounter @ KITAKAMI_MOUNTAIN4F; Wild encounter @ ROUTE28,src/data/wild_encounters.json (MAP_KITAKAMI_MOUNTAIN1F)
746,Wishiwashi,SPECIES_WISHIWASHI_SOLO,7,Sim,Nao,Nao,Desabilitado por configuração,,src/data/pokemon/species_info/gen_7_families.h:2544
747,Mareanie,SPECIES_MAREANIE,7,Sim,Sim,Sim,Obtível normalmente,Wild encounter @ CIANWOOD_CITY; Wild encounter @ OLIVINE_CITY; Wild encounter @ ROUTE26; Wild encounter @ ROUTE27; Wild encounter @ ROUTE33; Wild encounter @ ROUTE41,src/data/wild_encounters.json (MAP_ROUTE33)
748,Toxapex,SPECIES_TOXAPEX,7,Sim,Sim,Sim,Obtível normalmente,Wild encounter @ ROUTE26; Wild encounter @ ROUTE41,src/data/wild_encounters.json (MAP_ROUTE41)
749,Mudbray,SPECIES_MUDBRAY,7,Sim,Nao,Nao,Desabilitado por configuração,,src/data/pokemon/species_info/gen_7_families.h:2827
750,Mudsdale,SPECIES_MUDSDALE,7,Sim,Nao,Nao,Desabilitado por configuração,,src/data/pokemon/species_info/gen_7_families.h:2898
751,Dewpider,SPECIES_DEWPIDER,7,Sim,Nao,Nao,Desabilitado por configuração,,src/data/pokemon/species_info/gen_7_families.h:2971
752,Araquanid,SPECIES_ARAQUANID,7,Sim,Nao,Nao,Desabilitado por configuração,,src/data/pokemon/species_info/gen_7_families.h:3047
753,Fomantis,SPECIES_FOMANTIS,7,Sim,Nao,Nao,Desabilitado por configuração,,src/data/pokemon/species_info/gen_7_families.h:3177
754,Lurantis,SPECIES_LURANTIS,7,Sim,Nao,Nao,Desabilitado por configuração,,src/data/pokemon/species_info/gen_7_families.h:3246
755,Morelull,SPECIES_MORELULL,7,Sim,Nao,Nao,Desabilitado por configuração,,src/data/pokemon/species_info/gen_7_families.h:3376
756,Shiinotic,SPECIES_SHIINOTIC,7,Sim,Nao,Nao,Desabilitado por configuração,,src/data/pokemon/species_info/gen_7_families.h:3445
757,Salandit,SPECIES_SALANDIT,7,Sim,Nao,Nao,Desabilitado por configuração,,src/data/pokemon/species_info/gen_7_families.h:3514
758,Salazzle,SPECIES_SALAZZLE,7,Sim,Nao,Nao,Desabilitado por configuração,,src/data/pokemon/species_info/gen_7_families.h:3587
759,Stufful,SPECIES_STUFFUL,7,Sim,Nao,Nao,Desabilitado por configuração,,src/data/pokemon/species_info/gen_7_families.h:3717
760,Bewear,SPECIES_BEWEAR,7,Sim,Nao,Nao,Desabilitado por configuração,,src/data/pokemon/species_info/gen_7_families.h:3788
761,Bounsweet,SPECIES_BOUNSWEET,7,Sim,Nao,Nao,Desabilitado por configuração,,src/data/pokemon/species_info/gen_7_families.h:3859
762,Steenee,SPECIES_STEENEE,7,Sim,Nao,Nao,Desabilitado por configuração,,src/data/pokemon/species_info/gen_7_families.h:3927
763,Tsareena,SPECIES_TSAREENA,7,Sim,Nao,Nao,Desabilitado por configuração,,src/data/pokemon/species_info/gen_7_families.h:3995
764,Comfey,SPECIES_COMFEY,7,Sim,Nao,Nao,Desabilitado por configuração,,src/data/pokemon/species_info/gen_7_families.h:4064
765,Oranguru,SPECIES_ORANGURU,7,Sim,Nao,Nao,Desabilitado por configuração,,src/data/pokemon/species_info/gen_7_families.h:4135
766,Passimian,SPECIES_PASSIMIAN,7,Sim,Nao,Nao,Desabilitado por configuração,,src/data/pokemon/species_info/gen_7_families.h:4206
767,Wimpod,SPECIES_WIMPOD,7,Sim,Sim,Sim,Obtível normalmente,Wild encounter @ ILEX_FOREST; Wild encounter @ MT_MORTAR_1F_NORTH; Wild encounter @ MT_MORTAR_1F_SOUTH; Wild encounter @ MT_MORTAR_2F; Wild encounter @ MT_MORTAR_B1F; Wild encounter @ NATIONAL_PARK_NORMAL; Wild encounter @ ROUTE35,src/data/wild_encounters.json (MAP_ILEX_FOREST)
768,Golisopod,SPECIES_GOLISOPOD,7,Sim,Sim,Sim,Obtível normalmente,Wild encounter @ ILEX_FOREST; Wild encounter @ MT_MORTAR_1F_NORTH; Wild encounter @ MT_MORTAR_1F_SOUTH; Wild encounter @ MT_MORTAR_2F; Wild encounter @ MT_MORTAR_B1F; Wild encounter @ MT_SILVER_1F_WATERFALL_ROOM; Wild encounter @ MT_SILVER_2F,src/data/wild_encounters.json (MAP_ILEX_FOREST)
769,Sandygast,SPECIES_SANDYGAST,7,Sim,Nao,Nao,Desabilitado por configuração,,src/data/pokemon/species_info/gen_7_families.h:4481
770,Palossand,SPECIES_PALOSSAND,7,Sim,Nao,Nao,Desabilitado por configuração,,src/data/pokemon/species_info/gen_7_families.h:4549
771,Pyukumuku,SPECIES_PYUKUMUKU,7,Sim,Sim,Sim,Obtível normalmente,Wild encounter @ CIANWOOD_CITY; Wild encounter @ OLIVINE_CITY; Wild encounter @ ROUTE40; Wild encounter @ ROUTE49,src/data/wild_encounters.json (MAP_ROUTE40)
772,Type: Null,SPECIES_TYPE_NULL,7,Sim,Nao,Nao,Desabilitado por configuração,,src/data/pokemon/species_info/gen_7_families.h:4690
773,Silvally Normal,SPECIES_SILVALLY_NORMAL,7,Sim,Nao,Nao,Desabilitado por configuração,,src/data/pokemon/species_info/gen_7_families.h:4831
774,Minior Meteor Red,SPECIES_MINIOR_METEOR_RED,7,Sim,Nao,Nao,Desabilitado por configuração,,src/data/pokemon/species_info/gen_7_families.h:4959
775,Komala,SPECIES_KOMALA,7,Sim,Nao,Nao,Desabilitado por configuração,,src/data/pokemon/species_info/gen_7_families.h:4976
776,Turtonator,SPECIES_TURTONATOR,7,Sim,Nao,Nao,Desabilitado por configuração,,src/data/pokemon/species_info/gen_7_families.h:5044
777,Togedemaru,SPECIES_TOGEDEMARU,7,Sim,Nao,Nao,Desabilitado por configuração,,src/data/pokemon/species_info/gen_7_families.h:5117
778,Mimikyu,SPECIES_MIMIKYU_DISGUISED,7,Sim,Sim,Sim,Obtível normalmente,Wild encounter @ FOGGY_FOREST; Wild encounter @ TIN_TOWER_3F; Wild encounter @ TIN_TOWER_4F; Wild encounter @ TIN_TOWER_5F; Wild encounter @ TIN_TOWER_6F; Wild encounter @ TIN_TOWER_7F; Wild encounter @ TIN_TOWER_8F; Wild encounter @ TIN_TOWER_9F,src/data/wild_encounters.json (MAP_TIN_TOWER_3F)
779,Bruxish,SPECIES_BRUXISH,7,Sim,Nao,Nao,Desabilitado por configuração,,src/data/pokemon/species_info/gen_7_families.h:5497
780,Drampa,SPECIES_DRAMPA,7,Sim,Sim,Sim,Obtível normalmente,Hidden Grotto @ HIDDEN_GROTTO_LAKEOFRAGE; Wild encounter @ MT_MORTAR_2F,src/data/wild_encounters.json (MAP_MT_MORTAR_2F)
781,Dhelmise,SPECIES_DHELMISE,7,Sim,Sim,Sim,Obtível normalmente,Wild encounter @ WHIRL_ISLANDS_DESCENT,src/data/wild_encounters.json (MAP_WHIRL_ISLANDS_DESCENT)
782,Jangmo-o,SPECIES_JANGMO_O,7,Sim,Sim,Sim,Obtível normalmente,Wild encounter @ DRAGONS_DEN_CAVERN,src/data/wild_encounters.json (MAP_DRAGONS_DEN_CAVERN)
783,Hakamo-o,SPECIES_HAKAMO_O,7,Sim,Sim,Sim,Obtível somente por evolução,"from SPECIES_JANGMO_O : EVO_LEVEL, 35, SPECIES_HAKAMO_O",src/data/pokemon/species_info/gen_7_families.h:5842
784,Kommo-o,SPECIES_KOMMO_O,7,Sim,Sim,Sim,Obtível normalmente,Wild encounter @ MT_SILVER_2F,src/data/wild_encounters.json (MAP_MT_SILVER_2F)
785,Tapu Koko,SPECIES_TAPU_KOKO,7,Sim,Sim,Sim,Obtível normalmente,"NPC gift (script, var) @ BATTLE_CAFE",data/maps/BattleCafe/scripts.inc:1407 (MAP_BATTLE_CAFE)
786,Tapu Lele,SPECIES_TAPU_LELE,7,Sim,Sim,Sim,Obtível normalmente,"NPC gift (script, var) @ BATTLE_CAFE",data/maps/BattleCafe/scripts.inc:1427 (MAP_BATTLE_CAFE)
787,Tapu Bulu,SPECIES_TAPU_BULU,7,Sim,Sim,Sim,Obtível normalmente,"NPC gift (script, var) @ BATTLE_CAFE",data/maps/BattleCafe/scripts.inc:1447 (MAP_BATTLE_CAFE)
788,Tapu Fini,SPECIES_TAPU_FINI,7,Sim,Sim,Sim,Obtível normalmente,"NPC gift (script, var) @ BATTLE_CAFE",data/maps/BattleCafe/scripts.inc:1467 (MAP_BATTLE_CAFE)
789,Cosmog,SPECIES_COSMOG,7,Sim,Sim,Nao,"Existe no código, mas não é obtível",,src/data/pokemon/species_info/gen_7_families.h:6345
790,Cosmoem,SPECIES_COSMOEM,7,Sim,Sim,Nao,"Existe no código, mas não é obtível",,src/data/pokemon/species_info/gen_7_families.h:6416
791,Solgaleo,SPECIES_SOLGALEO,7,Sim,Sim,Nao,"Existe no código, mas não é obtível",,src/data/pokemon/species_info/gen_7_families.h:6493
792,Lunala,SPECIES_LUNALA,7,Sim,Sim,Nao,"Existe no código, mas não é obtível",,src/data/pokemon/species_info/gen_7_families.h:6564
793,Nihilego,SPECIES_NIHILEGO,7,Sim,Nao,Nao,Desabilitado por configuração,,src/data/pokemon/species_info/gen_7_families.h:6638
794,Buzzwole,SPECIES_BUZZWOLE,7,Sim,Nao,Nao,Desabilitado por configuração,,src/data/pokemon/species_info/gen_7_families.h:6711
795,Pheromosa,SPECIES_PHEROMOSA,7,Sim,Nao,Nao,Desabilitado por configuração,,src/data/pokemon/species_info/gen_7_families.h:6784
796,Xurkitree,SPECIES_XURKITREE,7,Sim,Nao,Nao,Desabilitado por configuração,,src/data/pokemon/species_info/gen_7_families.h:6856
797,Celesteela,SPECIES_CELESTEELA,7,Sim,Nao,Nao,Desabilitado por configuração,,src/data/pokemon/species_info/gen_7_families.h:6929
798,Kartana,SPECIES_KARTANA,7,Sim,Nao,Nao,Desabilitado por configuração,,src/data/pokemon/species_info/gen_7_families.h:7005
799,Guzzlord,SPECIES_GUZZLORD,7,Sim,Nao,Nao,Desabilitado por configuração,,src/data/pokemon/species_info/gen_7_families.h:7080
800,Necrozma,SPECIES_NECROZMA,7,Sim,Sim,Nao,"Existe no código, mas não é obtível",,src/data/pokemon/species_info/gen_7_families.h:7153
801,Magearna,SPECIES_MAGEARNA,7,Sim,Sim,Sim,Obtível normalmente,Boss legendary battle @ GOLDENROD_APARTMENT,data/maps/GoldenrodApartment/scripts.inc:173 (MAP_GOLDENROD_APARTMENT)
802,Marshadow,SPECIES_MARSHADOW,7,Sim,Sim,Sim,Obtível normalmente,Static legendary battle @ SPROUT_TOWER_BASEMENT,data/maps/SproutTower_Basement/scripts.inc:13 (MAP_SPROUT_TOWER_BASEMENT)
803,Poipole,SPECIES_POIPOLE,7,Sim,Sim,Sim,Obtível normalmente,"NPC gift (script) @ ROUTE40_HOUSE4; NPC gift (script, var) @ ROUTE40_HOUSE4",data/maps/Route40_House4/scripts.inc:234 (MAP_ROUTE40_HOUSE4)
804,Naganadel,SPECIES_NAGANADEL,7,Sim,Sim,Sim,Obtível somente por evolução,"from SPECIES_POIPOLE : EVO_LEVEL, 50, SPECIES_NAGANADEL",src/data/pokemon/species_info/gen_7_families.h:7876
805,Stakataka,SPECIES_STAKATAKA,7,Sim,Nao,Nao,Desabilitado por configuração,,src/data/pokemon/species_info/gen_7_families.h:7949
806,Blacephalon,SPECIES_BLACEPHALON,7,Sim,Nao,Nao,Desabilitado por configuração,,src/data/pokemon/species_info/gen_7_families.h:8021
807,Zeraora,SPECIES_ZERAORA,7,Sim,Sim,Sim,Obtível normalmente,Boss legendary battle @ TRAINER_HILL_COURTYARD,data/maps/TrainerHill_Courtyard/scripts.inc:48 (MAP_TRAINER_HILL_COURTYARD)
808,Meltan,SPECIES_MELTAN,7,Sim,Sim,Sim,Obtível somente por troca/comunicação,In-game trade,src/data/trade.h:1118
809,Melmetal,SPECIES_MELMETAL,7,Sim,Sim,Sim,Obtível somente por evolução,"from SPECIES_MELTAN : EVO_LEVEL, 60, SPECIES_MELMETAL",src/data/pokemon/species_info/gen_7_families.h:8302
810,Grookey,SPECIES_GROOKEY,8,Sim,Sim,Sim,Obtível normalmente,Game Corner gacha @ MAUVILLE_CITY_GAME_CORNER,src/game_corner_gacha.c (MAP_MAUVILLE_CITY_GAME_CORNER)
811,Thwackey,SPECIES_THWACKEY,8,Sim,Sim,Sim,Obtível somente por evolução,"from SPECIES_GROOKEY : EVO_LEVEL, 16, SPECIES_THWACKEY",src/data/pokemon/species_info/gen_8_families.h:74
812,Rillaboom,SPECIES_RILLABOOM,8,Sim,Sim,Sim,Obtível somente por evolução,"from SPECIES_THWACKEY : EVO_LEVEL, 35, SPECIES_RILLABOOM",src/data/pokemon/species_info/gen_8_families.h:139
813,Scorbunny,SPECIES_SCORBUNNY,8,Sim,Sim,Sim,Obtível normalmente,Game Corner gacha @ MAUVILLE_CITY_GAME_CORNER,src/game_corner_gacha.c (MAP_MAUVILLE_CITY_GAME_CORNER)
814,Raboot,SPECIES_RABOOT,8,Sim,Sim,Sim,Obtível somente por evolução,"from SPECIES_SCORBUNNY : EVO_LEVEL, 16, SPECIES_RABOOT",src/data/pokemon/species_info/gen_8_families.h:334
815,Cinderace,SPECIES_CINDERACE,8,Sim,Sim,Sim,Obtível somente por evolução,"from SPECIES_RABOOT : EVO_LEVEL, 35, SPECIES_CINDERACE",src/data/pokemon/species_info/gen_8_families.h:399
816,Sobble,SPECIES_SOBBLE,8,Sim,Sim,Sim,Obtível normalmente,Game Corner gacha @ MAUVILLE_CITY_GAME_CORNER,src/game_corner_gacha.c (MAP_MAUVILLE_CITY_GAME_CORNER)
817,Drizzile,SPECIES_DRIZZILE,8,Sim,Sim,Sim,Obtível somente por evolução,"from SPECIES_SOBBLE : EVO_LEVEL, 16, SPECIES_DRIZZILE",src/data/pokemon/species_info/gen_8_families.h:597
818,Inteleon,SPECIES_INTELEON,8,Sim,Sim,Sim,Obtível somente por evolução,"from SPECIES_DRIZZILE : EVO_LEVEL, 35, SPECIES_INTELEON",src/data/pokemon/species_info/gen_8_families.h:662
819,Skwovet,SPECIES_SKWOVET,8,Sim,Nao,Nao,Desabilitado por configuração,,src/data/pokemon/species_info/gen_8_families.h:792
820,Greedent,SPECIES_GREEDENT,8,Sim,Nao,Nao,Desabilitado por configuração,,src/data/pokemon/species_info/gen_8_families.h:859
821,Rookidee,SPECIES_ROOKIDEE,8,Sim,Sim,Sim,Obtível normalmente,Hidden Grotto @ HIDDEN_GROTTO_ROUTE35,src/hidden_grotto.c (MAP_HIDDEN_GROTTO_ROUTE35)
822,Corvisquire,SPECIES_CORVISQUIRE,8,Sim,Sim,Sim,Obtível normalmente,Wild encounter @ ROUTE49,src/data/wild_encounters.json (MAP_ROUTE49)
823,Corviknight,SPECIES_CORVIKNIGHT,8,Sim,Sim,Sim,Obtível somente por evolução,"from SPECIES_CORVISQUIRE : EVO_LEVEL, 38, SPECIES_CORVIKNIGHT",src/data/pokemon/species_info/gen_8_families.h:1077
824,Blipbug,SPECIES_BLIPBUG,8,Sim,Nao,Nao,Desabilitado por configuração,,src/data/pokemon/species_info/gen_8_families.h:1211
825,Dottler,SPECIES_DOTTLER,8,Sim,Nao,Nao,Desabilitado por configuração,,src/data/pokemon/species_info/gen_8_families.h:1278
826,Orbeetle,SPECIES_ORBEETLE,8,Sim,Nao,Nao,Desabilitado por configuração,,src/data/pokemon/species_info/gen_8_families.h:1345
827,Nickit,SPECIES_NICKIT,8,Sim,Nao,Nao,Desabilitado por configuração,,src/data/pokemon/species_info/gen_8_families.h:1478
828,Thievul,SPECIES_THIEVUL,8,Sim,Nao,Nao,Desabilitado por configuração,,src/data/pokemon/species_info/gen_8_families.h:1545
829,Gossifleur,SPECIES_GOSSIFLEUR,8,Sim,Nao,Nao,Desabilitado por configuração,,src/data/pokemon/species_info/gen_8_families.h:1612
830,Eldegoss,SPECIES_ELDEGOSS,8,Sim,Nao,Nao,Desabilitado por configuração,,src/data/pokemon/species_info/gen_8_families.h:1679
831,Wooloo,SPECIES_WOOLOO,8,Sim,Nao,Nao,Desabilitado por configuração,,src/data/pokemon/species_info/gen_8_families.h:1746
832,Dubwool,SPECIES_DUBWOOL,8,Sim,Nao,Nao,Desabilitado por configuração,,src/data/pokemon/species_info/gen_8_families.h:1813
833,Chewtle,SPECIES_CHEWTLE,8,Sim,Nao,Nao,Desabilitado por configuração,,src/data/pokemon/species_info/gen_8_families.h:1880
834,Drednaw,SPECIES_DREDNAW,8,Sim,Nao,Nao,Desabilitado por configuração,,src/data/pokemon/species_info/gen_8_families.h:1950
835,Yamper,SPECIES_YAMPER,8,Sim,Nao,Nao,Desabilitado por configuração,,src/data/pokemon/species_info/gen_8_families.h:2083
836,Boltund,SPECIES_BOLTUND,8,Sim,Nao,Nao,Desabilitado por configuração,,src/data/pokemon/species_info/gen_8_families.h:2150
837,Rolycoly,SPECIES_ROLYCOLY,8,Sim,Nao,Nao,Desabilitado por configuração,,src/data/pokemon/species_info/gen_8_families.h:2217
838,Carkol,SPECIES_CARKOL,8,Sim,Nao,Nao,Desabilitado por configuração,,src/data/pokemon/species_info/gen_8_families.h:2288
839,Coalossal,SPECIES_COALOSSAL,8,Sim,Nao,Nao,Desabilitado por configuração,,src/data/pokemon/species_info/gen_8_families.h:2357
840,Applin,SPECIES_APPLIN,8,Sim,Sim,Sim,Obtível normalmente,Hidden Grotto @ HIDDEN_GROTTO_ROUTE32; Wild encounter @ DRAGONS_DEN_CAVERN; Wild encounter @ ROUTE32,src/data/wild_encounters.json (MAP_ROUTE32)
841,Flapple,SPECIES_FLAPPLE,8,Sim,Sim,Sim,Obtível somente por evolução,"from SPECIES_APPLIN : EVO_ITEM, ITEM_TART_APPLE, SPECIES_FLAPPLE",src/data/pokemon/species_info/gen_8_families.h:2567
842,Appletun,SPECIES_APPLETUN,8,Sim,Sim,Sim,Obtível somente por evolução,"from SPECIES_APPLIN : EVO_ITEM, ITEM_SWEET_APPLE, SPECIES_APPLETUN",src/data/pokemon/species_info/gen_8_families.h:2700
843,Silicobra,SPECIES_SILICOBRA,8,Sim,Sim,Sim,Obtível normalmente,Wild encounter @ SLOWPOKE_WELL_B2F,src/data/wild_encounters.json (MAP_SLOWPOKE_WELL_B2F)
844,Sandaconda,SPECIES_SANDACONDA,8,Sim,Sim,Sim,Obtível somente por evolução,"from SPECIES_SILICOBRA : EVO_LEVEL, 36, SPECIES_SANDACONDA",src/data/pokemon/species_info/gen_8_families.h:3031
845,Cramorant,SPECIES_CRAMORANT,8,Sim,Nao,Nao,Desabilitado por configuração,,src/data/pokemon/species_info/gen_8_families.h:3161
846,Arrokuda,SPECIES_ARROKUDA,8,Sim,Nao,Nao,Desabilitado por configuração,,src/data/pokemon/species_info/gen_8_families.h:3348
847,Barraskewda,SPECIES_BARRASKEWDA,8,Sim,Nao,Nao,Desabilitado por configuração,,src/data/pokemon/species_info/gen_8_families.h:3415
848,Toxel,SPECIES_TOXEL,8,Sim,Sim,Sim,Obtível normalmente,Wild encounter @ RAILWAY_CAVE_2F; Wild encounter @ RAILWAY_CAVE_3F,src/data/wild_encounters.json (MAP_RAILWAY_CAVE_2F)
849,Toxtricity,SPECIES_TOXTRICITY_AMPED,8,Sim,Sim,Sim,Obtível somente por evolução,"from SPECIES_TOXEL : EVO_LEVEL, 30, SPECIES_TOXTRICITY_AMPED, CONDITIONS({IF_AMPED_NATURE})",src/data/pokemon/species_info/gen_8_families.h:3551
850,Sizzlipede,SPECIES_SIZZLIPEDE,8,Sim,Sim,Sim,Obtível normalmente,Wild encounter @ ROUTE43,src/data/wild_encounters.json (MAP_ROUTE43)
851,Centiskorch,SPECIES_CENTISKORCH,8,Sim,Sim,Sim,Obtível normalmente,Wild encounter @ MT_SILVER_MOUNTAIN_SIDE; Wild encounter @ ROUTE26; Wild encounter @ ROUTE27,src/data/wild_encounters.json (MAP_MT_SILVER_MOUNTAIN_SIDE)
852,Clobbopus,SPECIES_CLOBBOPUS,8,Sim,Nao,Nao,Desabilitado por configuração,,src/data/pokemon/species_info/gen_8_families.h:4002
853,Grapploct,SPECIES_GRAPPLOCT,8,Sim,Nao,Nao,Desabilitado por configuração,,src/data/pokemon/species_info/gen_8_families.h:4069
854,Sinistea,SPECIES_SINISTEA_PHONY,8,Sim,Sim,Sim,Obtível normalmente,Wild encounter @ FOGGY_FOREST; Wild encounter @ KITAKAMI_BORDER,src/data/wild_encounters.json (MAP_KITAKAMI_BORDER)
855,Polteageist,SPECIES_POLTEAGEIST_PHONY,8,Sim,Sim,Sim,Obtível somente por evolução,"from SPECIES_SINISTEA_PHONY : EVO_ITEM, ITEM_CRACKED_POT, SPECIES_POLTEAGEIST_PHONY",src/data/pokemon/species_info/gen_8_families.h:4273
856,Hatenna,SPECIES_HATENNA,8,Sim,Nao,Nao,Desabilitado por configuração,,src/data/pokemon/species_info/gen_8_families.h:4408
857,Hattrem,SPECIES_HATTREM,8,Sim,Nao,Nao,Desabilitado por configuração,,src/data/pokemon/species_info/gen_8_families.h:4475
858,Hatterene,SPECIES_HATTERENE,8,Sim,Nao,Nao,Desabilitado por configuração,,src/data/pokemon/species_info/gen_8_families.h:4540
859,Impidimp,SPECIES_IMPIDIMP,8,Sim,Sim,Sim,Obtível normalmente,Wild encounter @ ROUTE42,src/data/wild_encounters.json (MAP_ROUTE42)
860,Morgrem,SPECIES_MORGREM,8,Sim,Sim,Sim,Obtível somente por evolução,"from SPECIES_IMPIDIMP : EVO_LEVEL, 28, SPECIES_MORGREM",src/data/pokemon/species_info/gen_8_families.h:4736
861,Grimmsnarl,SPECIES_GRIMMSNARL,8,Sim,Sim,Sim,Obtível somente por evolução,"from SPECIES_MORGREM : EVO_LEVEL, 42, SPECIES_GRIMMSNARL",src/data/pokemon/species_info/gen_8_families.h:4803
862,Obstagoon,SPECIES_OBSTAGOON,8,Sim,Sim,Sim,Obtível somente por evolução,"from SPECIES_LINOONE_GALAR : EVO_LEVEL, 35, SPECIES_OBSTAGOON, CONDITIONS({IF_TIME, TIME_NIGHT})",src/data/pokemon/species_info/gen_3_families.h:1423
863,Perrserker,SPECIES_PERRSERKER,8,Sim,Sim,Sim,Obtível somente por evolução,"from SPECIES_MEOWTH_GALAR : EVO_LEVEL, 28, SPECIES_PERRSERKER",src/data/pokemon/species_info/gen_1_families.h:7757
864,Cursola,SPECIES_CURSOLA,8,Sim,Sim,Sim,Obtível normalmente,Wild encounter @ SAFARI_ZONE_LOW_RIGHT,src/data/wild_encounters.json (MAP_SAFARI_ZONE_LOW_RIGHT)
865,Sirfetch'd,SPECIES_SIRFETCHD,8,Sim,Sim,Sim,Obtível somente por evolução,"from SPECIES_FARFETCHD_GALAR : EVO_BATTLE_END, 0, SPECIES_SIRFETCHD, CONDITIONS({IF_CRITICAL_HITS_GE, 2})",src/data/pokemon/species_info/gen_1_families.h:11698
866,Mr. Rime,SPECIES_MR_RIME,8,Sim,Sim,Sim,Obtível normalmente,Wild encounter @ ICE_PATH_B1F; Wild encounter @ ICE_PATH_B2F,src/data/wild_encounters.json (MAP_ICE_PATH_B1F)
867,Runerigus,SPECIES_RUNERIGUS,8,Sim,Sim,Sim,Obtível somente por evolução,"from SPECIES_YAMASK_GALAR : EVO_SCRIPT_TRIGGER, 0, SPECIES_RUNERIGUS, CONDITIONS({IF_CURRENT_DAMAGE_GE, 49})",src/data/pokemon/species_info/gen_5_families.h:6294
868,Milcery,SPECIES_MILCERY,8,Sim,Nao,Nao,Desabilitado por configuração,,src/data/pokemon/species_info/gen_8_families.h:4932
869,Alcremie Strawberry Vanilla Cream,SPECIES_ALCREMIE_STRAWBERRY_VANILLA_CREAM,8,Sim,Nao,Nao,Desabilitado por configuração,,src/data/pokemon/species_info/gen_8_families.h:5255
870,Falinks,SPECIES_FALINKS,8,Sim,Sim,Sim,Obtível normalmente,Hidden Grotto @ HIDDEN_GROTTO_LAKEOFRAGE; Wild encounter @ ROUTE50; Wild encounter @ TIN_TOWER_3F; Wild encounter @ TIN_TOWER_4F; Wild encounter @ TIN_TOWER_5F; Wild encounter @ TIN_TOWER_6F; Wild encounter @ TIN_TOWER_7F; Wild encounter @ TIN_TOWER_8F; Wild encounter @ TIN_TOWER_9F,src/data/wild_encounters.json (MAP_TIN_TOWER_3F)
871,Pincurchin,SPECIES_PINCURCHIN,8,Sim,Nao,Nao,Desabilitado por configuração,,src/data/pokemon/species_info/gen_8_families.h:5493
872,Snom,SPECIES_SNOM,8,Sim,Nao,Nao,Desabilitado por configuração,,src/data/pokemon/species_info/gen_8_families.h:5572
873,Frosmoth,SPECIES_FROSMOTH,8,Sim,Nao,Nao,Desabilitado por configuração,,src/data/pokemon/species_info/gen_8_families.h:5640
874,Stonjourner,SPECIES_STONJOURNER,8,Sim,Nao,Nao,Desabilitado por configuração,,src/data/pokemon/species_info/gen_8_families.h:5708
875,Eiscue,SPECIES_EISCUE_ICE,8,Sim,Nao,Nao,Desabilitado por configuração,,src/data/pokemon/species_info/gen_8_families.h:5776
876,Indeedee,SPECIES_INDEEDEE_M,8,Sim,Sim,Sim,Obtível normalmente,Wild encounter @ LAKE_OF_RAGE,src/data/wild_encounters.json (MAP_LAKE_OF_RAGE)
877,Morpeko,SPECIES_MORPEKO_FULL_BELLY,8,Sim,Nao,Nao,Desabilitado por configuração,,src/data/pokemon/species_info/gen_8_families.h:6040
878,Cufant,SPECIES_CUFANT,8,Sim,Nao,Nao,Desabilitado por configuração,,src/data/pokemon/species_info/gen_8_families.h:6169
879,Copperajah,SPECIES_COPPERAJAH,8,Sim,Nao,Nao,Desabilitado por configuração,,src/data/pokemon/species_info/gen_8_families.h:6237
880,Dracozolt,SPECIES_DRACOZOLT,8,Sim,Nao,Nao,Desabilitado por configuração,,src/data/pokemon/species_info/gen_8_families.h:6368
881,Arctozolt,SPECIES_ARCTOZOLT,8,Sim,Nao,Nao,Desabilitado por configuração,,src/data/pokemon/species_info/gen_8_families.h:6435
882,Dracovish,SPECIES_DRACOVISH,8,Sim,Nao,Nao,Desabilitado por configuração,,src/data/pokemon/species_info/gen_8_families.h:6501
883,Arctovish,SPECIES_ARCTOVISH,8,Sim,Nao,Nao,Desabilitado por configuração,,src/data/pokemon/species_info/gen_8_families.h:6568
884,Duraludon,SPECIES_DURALUDON,8,Sim,Sim,Sim,Obtível normalmente,Wild encounter @ KITAKAMI_MOUNTAIN1F; Wild encounter @ KITAKAMI_MOUNTAIN2F; Wild encounter @ KITAKAMI_MOUNTAIN3F; Wild encounter @ KITAKAMI_MOUNTAIN4F; Wild encounter @ VICTORY_ROAD_KANTO_1F; Wild encounter @ VICTORY_ROAD_KANTO_B1F; Wild encounter @ VICTORY_ROAD_KANTO_B2F,src/data/wild_encounters.json (MAP_VICTORY_ROAD_KANTO_B2F)
885,Dreepy,SPECIES_DREEPY,8,Sim,Sim,Sim,Obtível normalmente,Wild encounter @ DRAGONS_DEN_CAVERN,src/data/wild_encounters.json (MAP_DRAGONS_DEN_CAVERN)
886,Drakloak,SPECIES_DRAKLOAK,8,Sim,Sim,Sim,Obtível somente por evolução,"from SPECIES_DREEPY : EVO_LEVEL, 50, SPECIES_DRAKLOAK",src/data/pokemon/species_info/gen_8_families.h:6909
887,Dragapult,SPECIES_DRAGAPULT,8,Sim,Sim,Sim,Obtível somente por evolução,"from SPECIES_DRAKLOAK : EVO_LEVEL, 60, SPECIES_DRAGAPULT",src/data/pokemon/species_info/gen_8_families.h:6975
888,Zacian,SPECIES_ZACIAN_HERO,8,Sim,Sim,Nao,"Existe no código, mas não é obtível",,src/data/pokemon/species_info/gen_8_families.h:7043
889,Zamazenta,SPECIES_ZAMAZENTA_HERO,8,Sim,Sim,Nao,"Existe no código, mas não é obtível",,src/data/pokemon/species_info/gen_8_families.h:7184
890,Eternatus,SPECIES_ETERNATUS,8,Sim,Sim,Nao,"Existe no código, mas não é obtível",,src/data/pokemon/species_info/gen_8_families.h:7326
891,Kubfu,SPECIES_KUBFU,8,Sim,Sim,Sim,Obtível normalmente,"NPC gift (script) @ BLACKTHORN_CAVE; NPC gift (script, var) @ BLACKTHORN_CAVE",data/maps/BlackthornCave/scripts.inc:27 (MAP_BLACKTHORN_CAVE)
892,Urshifu,SPECIES_URSHIFU_SINGLE_STRIKE,8,Sim,Sim,Sim,Obtível somente por evolução,"from SPECIES_KUBFU : EVO_ITEM, ITEM_SCROLL_OF_DARKNESS, SPECIES_URSHIFU_SINGLE_STRIKE",src/data/pokemon/species_info/gen_8_families.h:7527
893,Zarude,SPECIES_ZARUDE,8,Sim,Sim,Sim,Obtível normalmente,"NPC gift (script) @ ROUTE40_HOUSE4; NPC gift (script, var) @ ROUTE40_HOUSE4",data/maps/Route40_House4/scripts.inc:282 (MAP_ROUTE40_HOUSE4)
894,Regieleki,SPECIES_REGIELEKI,8,Sim,Sim,Nao,"Existe no código, mas não é obtível",,src/data/pokemon/species_info/gen_8_families.h:7925
895,Regidrago,SPECIES_REGIDRAGO,8,Sim,Sim,Nao,"Existe no código, mas não é obtível",,src/data/pokemon/species_info/gen_8_families.h:7995
896,Glastrier,SPECIES_GLASTRIER,8,Sim,Sim,Nao,"Existe no código, mas não é obtível",,src/data/pokemon/species_info/gen_8_families.h:8065
897,Spectrier,SPECIES_SPECTRIER,8,Sim,Sim,Nao,"Existe no código, mas não é obtível",,src/data/pokemon/species_info/gen_8_families.h:8133
898,Calyrex,SPECIES_CALYREX,8,Sim,Sim,Nao,"Existe no código, mas não é obtível",,src/data/pokemon/species_info/gen_8_families.h:8202
899,Wyrdeer,SPECIES_WYRDEER,8,Sim,Sim,Sim,Obtível somente por evolução,"from SPECIES_STANTLER : EVO_LEVEL, 0, SPECIES_WYRDEER, CONDITIONS({IF_USED_MOVE_X_TIMES, MOVE_PSYSHIELD_BASH, 14})",src/data/pokemon/species_info/gen_2_families.h:8107
900,Kleavor,SPECIES_KLEAVOR,8,Sim,Sim,Sim,Obtível normalmente,Wild encounter @ ROUTE28,src/data/wild_encounters.json (MAP_ROUTE28)
901,Ursaluna,SPECIES_URSALUNA,8,Sim,Sim,Sim,Obtível somente por evolução,"from SPECIES_URSARING : EVO_ITEM, ITEM_PEAT_BLOCK, SPECIES_URSALUNA",src/data/pokemon/species_info/gen_2_families.h:6332
902,Basculegion,SPECIES_BASCULEGION_M,8,Sim,Sim,Sim,Obtível normalmente,Wild encounter @ MT_SILVER_1F_WATERFALL_ROOM; Wild encounter @ MT_SILVER_OUTSIDE; Wild encounter @ SAFARI_ZONE_TOP_RIGHT; Wild encounter @ VICTORY_ROAD_KANTO_B1F,src/data/wild_encounters.json (MAP_MT_SILVER_OUTSIDE)
903,Sneasler,SPECIES_SNEASLER,8,Sim,Sim,Sim,Obtível somente por evolução,"from SPECIES_SNEASEL_HISUI : EVO_LEVEL, 0, SPECIES_SNEASLER, CONDITIONS({IF_NOT_TIME, TIME_NIGHT}, {IF_HOLD_ITEM, ITEM_RAZOR_CLAW})",src/data/pokemon/species_info/gen_2_families.h:6097
904,Overqwil,SPECIES_OVERQWIL,8,Sim,Sim,Sim,Obtível normalmente,Wild encounter @ ROUTE50; Wild encounter @ SAFARI_ZONE_LOW_RIGHT; Wild encounter @ VAJRA_DESERT_EAST,src/data/wild_encounters.json (MAP_SAFARI_ZONE_LOW_RIGHT)
905,Enamorus,SPECIES_ENAMORUS_INCARNATE,8,Sim,Sim,Sim,Obtível normalmente,"NPC gift (script, var) @ BATTLE_CAFE",data/maps/BattleCafe/scripts.inc:1387 (MAP_BATTLE_CAFE)
906,Sprigatito,SPECIES_SPRIGATITO,9,Sim,Sim,Sim,Obtível normalmente,Game Corner gacha @ MAUVILLE_CITY_GAME_CORNER; Starter choice,src/game_corner_gacha.c (MAP_MAUVILLE_CITY_GAME_CORNER)
907,Floragato,SPECIES_FLORAGATO,9,Sim,Sim,Sim,Obtível somente por evolução,"from SPECIES_SPRIGATITO : EVO_LEVEL, 16, SPECIES_FLORAGATO",src/data/pokemon/species_info/gen_9_families.h:74
908,Meowscarada,SPECIES_MEOWSCARADA,9,Sim,Sim,Sim,Obtível somente por evolução,"from SPECIES_FLORAGATO : EVO_LEVEL, 36, SPECIES_MEOWSCARADA",src/data/pokemon/species_info/gen_9_families.h:140
909,Fuecoco,SPECIES_FUECOCO,9,Sim,Sim,Sim,Obtível normalmente,Game Corner gacha @ MAUVILLE_CITY_GAME_CORNER,src/game_corner_gacha.c (MAP_MAUVILLE_CITY_GAME_CORNER)
910,Crocalor,SPECIES_CROCALOR,9,Sim,Sim,Sim,Obtível somente por evolução,"from SPECIES_FUECOCO : EVO_LEVEL, 16, SPECIES_CROCALOR",src/data/pokemon/species_info/gen_9_families.h:339
911,Skeledirge,SPECIES_SKELEDIRGE,9,Sim,Sim,Sim,Obtível somente por evolução,"from SPECIES_CROCALOR : EVO_LEVEL, 36, SPECIES_SKELEDIRGE",src/data/pokemon/species_info/gen_9_families.h:405
912,Quaxly,SPECIES_QUAXLY,9,Sim,Sim,Sim,Obtível normalmente,Game Corner gacha @ MAUVILLE_CITY_GAME_CORNER; Wild encounter @ VICTORY_ROAD_KANTO_B1F,src/data/wild_encounters.json (MAP_VICTORY_ROAD_KANTO_B1F)
913,Quaxwell,SPECIES_QUAXWELL,9,Sim,Sim,Sim,Obtível somente por evolução,"from SPECIES_QUAXLY : EVO_LEVEL, 16, SPECIES_QUAXWELL",src/data/pokemon/species_info/gen_9_families.h:539
914,Quaquaval,SPECIES_QUAQUAVAL,9,Sim,Sim,Sim,Obtível somente por evolução,"from SPECIES_QUAXWELL : EVO_LEVEL, 36, SPECIES_QUAQUAVAL",src/data/pokemon/species_info/gen_9_families.h:605
915,Lechonk,SPECIES_LECHONK,9,Sim,Nao,Nao,Desabilitado por configuração,,src/data/pokemon/species_info/gen_9_families.h:672
916,Oinkologne,SPECIES_OINKOLOGNE_M,9,Sim,Nao,Nao,Desabilitado por configuração,,src/data/pokemon/species_info/gen_9_families.h:740
917,Tarountula,SPECIES_TAROUNTULA,9,Sim,Nao,Nao,Desabilitado por configuração,,src/data/pokemon/species_info/gen_9_families.h:873
918,Spidops,SPECIES_SPIDOPS,9,Sim,Nao,Nao,Desabilitado por configuração,,src/data/pokemon/species_info/gen_9_families.h:940
919,Nymble,SPECIES_NYMBLE,9,Sim,Nao,Nao,Desabilitado por configuração,,src/data/pokemon/species_info/gen_9_families.h:1007
920,Lokix,SPECIES_LOKIX,9,Sim,Nao,Nao,Desabilitado por configuração,,src/data/pokemon/species_info/gen_9_families.h:1074
921,Pawmi,SPECIES_PAWMI,9,Sim,Sim,Sim,Obtível normalmente,In-game trade; Wild encounter @ ROUTE44,src/data/wild_encounters.json (MAP_ROUTE44)
922,Pawmo,SPECIES_PAWMO,9,Sim,Sim,Sim,Obtível normalmente,Wild encounter @ ROUTE45,src/data/wild_encounters.json (MAP_ROUTE45)
923,Pawmot,SPECIES_PAWMOT,9,Sim,Sim,Sim,Obtível somente por evolução,"from SPECIES_PAWMO : EVO_LEVEL, 38, SPECIES_PAWMOT",src/data/pokemon/species_info/gen_9_families.h:1274
924,Tandemaus,SPECIES_TANDEMAUS,9,Sim,Sim,Sim,Obtível normalmente,Wild encounter @ ROUTE35; Wild encounter @ ROUTE37,src/data/wild_encounters.json (MAP_ROUTE35)
925,Maushold,SPECIES_MAUSHOLD_THREE,9,Sim,Sim,Sim,Obtível somente por evolução,"from SPECIES_TANDEMAUS : EVO_LEVEL_BATTLE_ONLY, 25, SPECIES_MAUSHOLD_THREE, CONDITIONS({IF_PID_MODULO_100_EQ, 0})",src/data/pokemon/species_info/gen_9_families.h:1409
926,Fidough,SPECIES_FIDOUGH,9,Sim,Nao,Nao,Desabilitado por configuração,,src/data/pokemon/species_info/gen_9_families.h:1543
927,Dachsbun,SPECIES_DACHSBUN,9,Sim,Nao,Nao,Desabilitado por configuração,,src/data/pokemon/species_info/gen_9_families.h:1610
928,Smoliv,SPECIES_SMOLIV,9,Sim,Nao,Nao,Desabilitado por configuração,,src/data/pokemon/species_info/gen_9_families.h:1677
929,Dolliv,SPECIES_DOLLIV,9,Sim,Nao,Nao,Desabilitado por configuração,,src/data/pokemon/species_info/gen_9_families.h:1744
930,Arboliva,SPECIES_ARBOLIVA,9,Sim,Nao,Nao,Desabilitado por configuração,,src/data/pokemon/species_info/gen_9_families.h:1810
931,Squawkabilly,SPECIES_SQUAWKABILLY_GREEN,9,Sim,Nao,Nao,Desabilitado por configuração,,src/data/pokemon/species_info/gen_9_families.h:1877
932,Nacli,SPECIES_NACLI,9,Sim,Sim,Sim,Obtível normalmente,Wild encounter @ DARK_CAVE_SOUTH_SIDE,src/data/wild_encounters.json (MAP_DARK_CAVE_SOUTH_SIDE)
933,Naclstack,SPECIES_NACLSTACK,9,Sim,Sim,Sim,Obtível normalmente,Wild encounter @ DARK_CAVE_NORTH_SIDE; Wild encounter @ MT_MORTAR_2F,src/data/wild_encounters.json (MAP_MT_MORTAR_2F)
934,Garganacl,SPECIES_GARGANACL,9,Sim,Sim,Sim,Obtível normalmente,Wild encounter @ VICTORY_ROAD_KANTO_1F; Wild encounter @ VICTORY_ROAD_KANTO_B1F; Wild encounter @ VICTORY_ROAD_KANTO_B2F,src/data/wild_encounters.json (MAP_VICTORY_ROAD_KANTO_B2F)
935,Charcadet,SPECIES_CHARCADET,9,Sim,Sim,Sim,Obtível normalmente,Wild encounter @ BURNED_TOWER_1F; Wild encounter @ BURNED_TOWER_B1F,src/data/wild_encounters.json (MAP_BURNED_TOWER_1F)
936,Armarouge,SPECIES_ARMAROUGE,9,Sim,Sim,Sim,Obtível somente por evolução,"from SPECIES_CHARCADET : EVO_ITEM, ITEM_AUSPICIOUS_ARMOR, SPECIES_ARMAROUGE",src/data/pokemon/species_info/gen_9_families.h:2415
937,Ceruledge,SPECIES_CERULEDGE,9,Sim,Sim,Sim,Obtível somente por evolução,"from SPECIES_CHARCADET : EVO_ITEM, ITEM_MALICIOUS_ARMOR, SPECIES_CERULEDGE",src/data/pokemon/species_info/gen_9_families.h:2480
938,Tadbulb,SPECIES_TADBULB,9,Sim,Nao,Nao,Desabilitado por configuração,,src/data/pokemon/species_info/gen_9_families.h:2547
939,Bellibolt,SPECIES_BELLIBOLT,9,Sim,Nao,Nao,Desabilitado por configuração,,src/data/pokemon/species_info/gen_9_families.h:2615
940,Wattrel,SPECIES_WATTREL,9,Sim,Sim,Sim,Obtível normalmente,Wild encounter @ ROUTE36,src/data/wild_encounters.json (MAP_ROUTE36)
941,Kilowattrel,SPECIES_KILOWATTREL,9,Sim,Sim,Sim,Obtível somente por evolução,"from SPECIES_WATTREL : EVO_LEVEL, 25, SPECIES_KILOWATTREL",src/data/pokemon/species_info/gen_9_families.h:2749
942,Maschiff,SPECIES_MASCHIFF,9,Sim,Nao,Nao,Desabilitado por configuração,,src/data/pokemon/species_info/gen_9_families.h:2816
943,Mabosstiff,SPECIES_MABOSSTIFF,9,Sim,Nao,Nao,Desabilitado por configuração,,src/data/pokemon/species_info/gen_9_families.h:2883
944,Shroodle,SPECIES_SHROODLE,9,Sim,Nao,Nao,Desabilitado por configuração,,src/data/pokemon/species_info/gen_9_families.h:2950
945,Grafaiai,SPECIES_GRAFAIAI,9,Sim,Nao,Nao,Desabilitado por configuração,,src/data/pokemon/species_info/gen_9_families.h:3017
946,Bramblin,SPECIES_BRAMBLIN,9,Sim,Nao,Nao,Desabilitado por configuração,,src/data/pokemon/species_info/gen_9_families.h:3084
947,Brambleghast,SPECIES_BRAMBLEGHAST,9,Sim,Nao,Nao,Desabilitado por configuração,,src/data/pokemon/species_info/gen_9_families.h:3151
948,Toedscool,SPECIES_TOEDSCOOL,9,Sim,Nao,Nao,Desabilitado por configuração,,src/data/pokemon/species_info/gen_9_families.h:3218
949,Toedscruel,SPECIES_TOEDSCRUEL,9,Sim,Nao,Nao,Desabilitado por configuração,,src/data/pokemon/species_info/gen_9_families.h:3287
950,Klawf,SPECIES_KLAWF,9,Sim,Nao,Nao,Desabilitado por configuração,,src/data/pokemon/species_info/gen_9_families.h:3356
951,Capsakid,SPECIES_CAPSAKID,9,Sim,Sim,Sim,Obtível somente por reprodução,egg from SPECIES_SCOVILLAIN,src/data/pokemon/species_info/gen_9_families.h:3424
952,Scovillain,SPECIES_SCOVILLAIN,9,Sim,Sim,Sim,Obtível normalmente,Wild encounter @ ROUTE27,src/data/wild_encounters.json (MAP_ROUTE27)
953,Rellor,SPECIES_RELLOR,9,Sim,Nao,Nao,Desabilitado por configuração,,src/data/pokemon/species_info/gen_9_families.h:3619
954,Rabsca,SPECIES_RABSCA,9,Sim,Nao,Nao,Desabilitado por configuração,,src/data/pokemon/species_info/gen_9_families.h:3686
955,Flittle,SPECIES_FLITTLE,9,Sim,Sim,Sim,Obtível somente por reprodução,egg from SPECIES_ESPATHRA,src/data/pokemon/species_info/gen_9_families.h:3753
956,Espathra,SPECIES_ESPATHRA,9,Sim,Sim,Sim,Obtível normalmente,Hidden Grotto @ HIDDEN_GROTTO_ROUTE38; Wild encounter @ KITAKAMI_BORDER,src/data/wild_encounters.json (MAP_KITAKAMI_BORDER)
957,Tinkatink,SPECIES_TINKATINK,9,Sim,Sim,Sim,Obtível normalmente,Wild encounter @ UNION_CAVE_1F; Wild encounter @ UNION_CAVE_B1F,src/data/wild_encounters.json (MAP_UNION_CAVE_1F)
958,Tinkatuff,SPECIES_TINKATUFF,9,Sim,Sim,Sim,Obtível somente por evolução,"from SPECIES_TINKATINK : EVO_LEVEL, 24, SPECIES_TINKATUFF",src/data/pokemon/species_info/gen_9_families.h:3954
959,Tinkaton,SPECIES_TINKATON,9,Sim,Sim,Sim,Obtível somente por evolução,"from SPECIES_TINKATUFF : EVO_LEVEL, 38, SPECIES_TINKATON",src/data/pokemon/species_info/gen_9_families.h:4020
960,Wiglett,SPECIES_WIGLETT,9,Sim,Nao,Nao,Desabilitado por configuração,,src/data/pokemon/species_info/gen_9_families.h:4087
961,Wugtrio,SPECIES_WUGTRIO,9,Sim,Nao,Nao,Desabilitado por configuração,,src/data/pokemon/species_info/gen_9_families.h:4153
962,Bombirdier,SPECIES_BOMBIRDIER,9,Sim,Nao,Nao,Desabilitado por configuração,,src/data/pokemon/species_info/gen_9_families.h:4219
963,Finizen,SPECIES_FINIZEN,9,Sim,Sim,Sim,Obtível normalmente,Wild encounter @ ROUTE33; Wild encounter @ ROUTE33SOUTH; Wild encounter @ ROUTE33SOUTH_2; Wild encounter @ ROUTE41; Wild encounter @ SOUTHERN_PASSAGE; Wild encounter @ SOUTH_PASSAGE_END; Wild encounter @ SOUTH_PASSAGE_SIDE,src/data/wild_encounters.json (MAP_ROUTE33)
964,Palafin,SPECIES_PALAFIN_ZERO,9,Sim,Sim,Sim,Obtível normalmente,Wild encounter @ ROUTE33SOUTH; Wild encounter @ ROUTE33SOUTH_2; Wild encounter @ ROUTE33SOUTH_UNDERWATER; Wild encounter @ ROUTE50UNDERWATER; Wild encounter @ ROUTE50UNDERWATER_CAVE1; Wild encounter @ SOUTHERN_PASSAGE; Wild encounter @ SOUTH_PASSAGE_END; Wild encounter @ SOUTH_PASSAGE_SIDE,src/data/wild_encounters.json (MAP_ROUTE33SOUTH)
965,Varoom,SPECIES_VAROOM,9,Sim,Nao,Nao,Desabilitado por configuração,,src/data/pokemon/species_info/gen_9_families.h:4489
966,Revavroom,SPECIES_REVAVROOM,9,Sim,Nao,Nao,Desabilitado por configuração,,src/data/pokemon/species_info/gen_9_families.h:4556
967,Cyclizar,SPECIES_CYCLIZAR,9,Sim,Sim,Sim,Obtível normalmente,Hidden Grotto @ HIDDEN_GROTTO_LAKEOFRAGE; Wild encounter @ KITAKAMI_BORDER,src/data/wild_encounters.json (MAP_KITAKAMI_BORDER)
968,Orthworm,SPECIES_ORTHWORM,9,Sim,Nao,Nao,Desabilitado por configuração,,src/data/pokemon/species_info/gen_9_families.h:4691
969,Glimmet,SPECIES_GLIMMET,9,Sim,Sim,Sim,Obtível normalmente,Wild encounter @ MT_MORTAR_2F; Wild encounter @ MT_MORTAR_B1F,src/data/wild_encounters.json (MAP_MT_MORTAR_B1F)
970,Glimmora,SPECIES_GLIMMORA,9,Sim,Sim,Sim,Obtível somente por evolução,"from SPECIES_GLIMMET : EVO_LEVEL, 35, SPECIES_GLIMMORA",src/data/pokemon/species_info/gen_9_families.h:4827
971,Greavard,SPECIES_GREAVARD,9,Sim,Nao,Nao,Desabilitado por configuração,,src/data/pokemon/species_info/gen_9_families.h:4958
972,Houndstone,SPECIES_HOUNDSTONE,9,Sim,Nao,Nao,Desabilitado por configuração,,src/data/pokemon/species_info/gen_9_families.h:5025
973,Flamigo,SPECIES_FLAMIGO,9,Sim,Sim,Sim,Obtível normalmente,Wild encounter @ ROUTE48,src/data/wild_encounters.json (MAP_ROUTE48)
974,Cetoddle,SPECIES_CETODDLE,9,Sim,Nao,Nao,Desabilitado por configuração,,src/data/pokemon/species_info/gen_9_families.h:5160
975,Cetitan,SPECIES_CETITAN,9,Sim,Nao,Nao,Desabilitado por configuração,,src/data/pokemon/species_info/gen_9_families.h:5227
976,Veluza,SPECIES_VELUZA,9,Sim,Nao,Nao,Desabilitado por configuração,,src/data/pokemon/species_info/gen_9_families.h:5294
977,Dondozo,SPECIES_DONDOZO,9,Sim,Sim,Sim,Obtível normalmente,Wild encounter @ ROUTE50; Wild encounter @ VAJRA_DESERT_EAST; Wild encounter @ WHIRL_ISLANDS_B1F; Wild encounter @ WHIRL_ISLANDS_B2F; Wild encounter @ WHIRL_ISLANDS_DESCENT,src/data/wild_encounters.json (MAP_WHIRL_ISLANDS_B1F)
978,Tatsugiri,SPECIES_TATSUGIRI_CURLY,9,Sim,Sim,Sim,Obtível normalmente,Wild encounter @ DRAGONS_DEN_CAVERN; Wild encounter @ ROUTE35,src/data/wild_encounters.json (MAP_ROUTE35)
979,Annihilape,SPECIES_ANNIHILAPE,9,Sim,Sim,Sim,Obtível somente por evolução,"from SPECIES_PRIMEAPE : EVO_LEVEL, 0, SPECIES_ANNIHILAPE, CONDITIONS({IF_USED_MOVE_X_TIMES, MOVE_RAGE_FIST, 20})",src/data/pokemon/species_info/gen_1_families.h:8198
980,Clodsire,SPECIES_CLODSIRE,9,Sim,Sim,Sim,Obtível normalmente,Wild encounter @ CLIFF_EDGE_GATE,src/data/wild_encounters.json (MAP_CLIFF_EDGE_GATE)
981,Farigiraf,SPECIES_FARIGIRAF,9,Sim,Sim,Sim,Obtível normalmente,Wild encounter @ MT_SILVER_OUTSIDE,src/data/wild_encounters.json (MAP_MT_SILVER_OUTSIDE)
982,Dudunsparce,SPECIES_DUDUNSPARCE_TWO_SEGMENT,9,Sim,Sim,Sim,Obtível somente por evolução,"from SPECIES_DUNSPARCE : EVO_LEVEL, 0, SPECIES_DUDUNSPARCE_TWO_SEGMENT, CONDITIONS({IF_KNOWS_MOVE, MOVE_HYPER_DRILL}, {IF_PID_MODULO_100_GT, 0})",src/data/pokemon/species_info/gen_2_families.h:4909
983,Kingambit,SPECIES_KINGAMBIT,9,Sim,Sim,Sim,Obtível somente por evolução,"from SPECIES_BISHARP : EVO_LEVEL, 0, SPECIES_KINGAMBIT, CONDITIONS({IF_HOLD_ITEM, ITEM_LEADERS_CREST})",src/data/pokemon/species_info/gen_5_families.h:11816
984,Great Tusk,SPECIES_GREAT_TUSK,9,Sim,Sim,Sim,Obtível normalmente,Wild encounter @ METEOR_CAVE1,src/data/wild_encounters.json (MAP_METEOR_CAVE1)
985,Scream Tail,SPECIES_SCREAM_TAIL,9,Sim,Sim,Sim,Obtível normalmente,Wild encounter @ METEOR_CAVE1,src/data/wild_encounters.json (MAP_METEOR_CAVE1)
986,Brute Bonnet,SPECIES_BRUTE_BONNET,9,Sim,Sim,Sim,Obtível normalmente,Wild encounter @ METEOR_CAVE1,src/data/wild_encounters.json (MAP_METEOR_CAVE1)
987,Flutter Mane,SPECIES_FLUTTER_MANE,9,Sim,Sim,Sim,Obtível normalmente,Static legendary battle @ METEOR_CAVE1,data/maps/MeteorCave1/scripts.inc:148 (MAP_METEOR_CAVE1)
988,Slither Wing,SPECIES_SLITHER_WING,9,Sim,Sim,Sim,Obtível normalmente,Wild encounter @ METEOR_CAVE1,src/data/wild_encounters.json (MAP_METEOR_CAVE1)
989,Sandy Shocks,SPECIES_SANDY_SHOCKS,9,Sim,Sim,Sim,Obtível normalmente,Wild encounter @ METEOR_CAVE1,src/data/wild_encounters.json (MAP_METEOR_CAVE1)
990,Iron Treads,SPECIES_IRON_TREADS,9,Sim,Sim,Sim,Obtível normalmente,Wild encounter @ METEOR_CAVE2,src/data/wild_encounters.json (MAP_METEOR_CAVE2)
991,Iron Bundle,SPECIES_IRON_BUNDLE,9,Sim,Sim,Sim,Obtível normalmente,Wild encounter @ METEOR_CAVE2,src/data/wild_encounters.json (MAP_METEOR_CAVE2)
992,Iron Hands,SPECIES_IRON_HANDS,9,Sim,Sim,Sim,Obtível normalmente,Wild encounter @ METEOR_CAVE2,src/data/wild_encounters.json (MAP_METEOR_CAVE2)
993,Iron Jugulis,SPECIES_IRON_JUGULIS,9,Sim,Sim,Sim,Obtível normalmente,Wild encounter @ METEOR_CAVE2,src/data/wild_encounters.json (MAP_METEOR_CAVE2)
994,Iron Moth,SPECIES_IRON_MOTH,9,Sim,Sim,Sim,Obtível normalmente,Wild encounter @ METEOR_CAVE2,src/data/wild_encounters.json (MAP_METEOR_CAVE2)
995,Iron Thorns,SPECIES_IRON_THORNS,9,Sim,Sim,Sim,Obtível normalmente,Wild encounter @ METEOR_CAVE2,src/data/wild_encounters.json (MAP_METEOR_CAVE2)
996,Frigibax,SPECIES_FRIGIBAX,9,Sim,Sim,Sim,Obtível normalmente,Wild encounter @ SNOWTOP_MOUNTAIN_B1F,src/data/wild_encounters.json (MAP_SNOWTOP_MOUNTAIN_B1F)
997,Arctibax,SPECIES_ARCTIBAX,9,Sim,Sim,Sim,Obtível normalmente,Hidden Grotto @ HIDDEN_GROTTO_ROUTE44; Wild encounter @ ICE_PATH_DEPTHS,src/data/wild_encounters.json (MAP_ICE_PATH_DEPTHS)
998,Baxcalibur,SPECIES_BAXCALIBUR,9,Sim,Sim,Sim,Obtível somente por evolução,"from SPECIES_ARCTIBAX : EVO_LEVEL, 54, SPECIES_BAXCALIBUR",src/data/pokemon/species_info/gen_9_families.h:6780
999,Gimmighoul,SPECIES_GIMMIGHOUL_CHEST,9,Sim,Sim,Sim,Obtível normalmente,"NPC gift (script) @ CIANWOOD_HOUSE3; NPC gift (script, var) @ CIANWOOD_HOUSE3",data/maps/CianwoodHouse3/scripts.inc:310 (MAP_CIANWOOD_HOUSE3)
1000,Gholdengo,SPECIES_GHOLDENGO,9,Sim,Sim,Sim,Obtível somente por evolução,"from SPECIES_GIMMIGHOUL_CHEST : EVO_LEVEL, 55, SPECIES_GHOLDENGO",src/data/pokemon/species_info/gen_9_families.h:7034
1001,Wo-Chien,SPECIES_WO_CHIEN,9,Sim,Nao,Nao,Desabilitado por configuração,,src/data/pokemon/species_info/gen_9_families.h:7101
1002,Chien-Pao,SPECIES_CHIEN_PAO,9,Sim,Sim,Sim,Obtível normalmente,Boss legendary battle @ ICE_PATH_DEPTHS2,data/maps/IcePath_Depths2/scripts.inc:14 (MAP_ICE_PATH_DEPTHS2)
1003,Ting-Lu,SPECIES_TING_LU,9,Sim,Nao,Nao,Desabilitado por configuração,,src/data/pokemon/species_info/gen_9_families.h:7239
1004,Chi-Yu,SPECIES_CHI_YU,9,Sim,Sim,Sim,Obtível normalmente,Wild encounter @ BATTLE_CAFE,src/data/wild_encounters.json (MAP_BATTLE_CAFE)
1005,Roaring Moon,SPECIES_ROARING_MOON,9,Sim,Sim,Sim,Obtível normalmente,Wild encounter @ METEOR_CAVE1,src/data/wild_encounters.json (MAP_METEOR_CAVE1)
1006,Iron Valiant,SPECIES_IRON_VALIANT,9,Sim,Sim,Sim,Obtível normalmente,Static legendary battle @ METEOR_CAVE2,data/maps/MeteorCave2/scripts.inc:23 (MAP_METEOR_CAVE2)
1007,Koraidon,SPECIES_KORAIDON,9,Sim,Sim,Sim,Obtível normalmente,"NPC gift (script, var) @ BATTLE_CAFE",data/maps/BattleCafe/scripts.inc:1692 (MAP_BATTLE_CAFE)
1008,Miraidon,SPECIES_MIRAIDON,9,Sim,Sim,Sim,Obtível normalmente,"NPC gift (script, var) @ BATTLE_CAFE",data/maps/BattleCafe/scripts.inc:1672 (MAP_BATTLE_CAFE)
1009,Walking Wake,SPECIES_WALKING_WAKE,9,Sim,Sim,Sim,Obtível normalmente,Boss legendary battle @ METEOR_CAVE1_LEGENDARY_ROOM,data/maps/MeteorCave1_LegendaryRoom/scripts.inc:246 (MAP_METEOR_CAVE1_LEGENDARY_ROOM)
1010,Iron Leaves,SPECIES_IRON_LEAVES,9,Sim,Sim,Sim,Obtível normalmente,Boss legendary battle @ METEOR_CAVE2_LEGENDARY_ROOM,data/maps/MeteorCave2_LegendaryRoom/scripts.inc:222 (MAP_METEOR_CAVE2_LEGENDARY_ROOM)
1011,Dipplin,SPECIES_DIPPLIN,9,Sim,Sim,Sim,Obtível somente por evolução,"from SPECIES_APPLIN : EVO_ITEM, ITEM_SYRUPY_APPLE, SPECIES_DIPPLIN",src/data/pokemon/species_info/gen_8_families.h:2832
1012,Poltchageist,SPECIES_POLTCHAGEIST_COUNTERFEIT,9,Sim,Sim,Sim,Obtível normalmente,Hidden Grotto @ HIDDEN_GROTTO_ROUTE35,src/hidden_grotto.c (MAP_HIDDEN_GROTTO_ROUTE35)
1013,Sinistcha,SPECIES_SINISTCHA_UNREMARKABLE,9,Sim,Sim,Sim,Obtível somente por evolução,"from SPECIES_POLTCHAGEIST_COUNTERFEIT : EVO_ITEM, ITEM_UNREMARKABLE_TEACUP, SPECIES_SINISTCHA_UNREMARKABLE",src/data/pokemon/species_info/gen_9_families.h:7932
1014,Okidogi,SPECIES_OKIDOGI,9,Sim,Nao,Nao,Desabilitado por configuração,,src/data/pokemon/species_info/gen_9_families.h:8068
1015,Munkidori,SPECIES_MUNKIDORI,9,Sim,Nao,Nao,Desabilitado por configuração,,src/data/pokemon/species_info/gen_9_families.h:8137
1016,Fezandipiti,SPECIES_FEZANDIPITI,9,Sim,Sim,Sim,Obtível normalmente,Static legendary battle @ KITAKAMI_WELL_B1F,data/maps/KitakamiWell_B1F/scripts.inc:13 (MAP_KITAKAMI_WELL_B1F)
1017,Ogerpon Teal,SPECIES_OGERPON_TEAL,9,Sim,Sim,Sim,Obtível normalmente,Boss legendary battle @ KITAKAMI_MOUNTAIN_ENCLAVE,data/maps/KitakamiMountainEnclave/scripts.inc:11 (MAP_KITAKAMI_MOUNTAIN_ENCLAVE)
1018,Archaludon,SPECIES_ARCHALUDON,9,Sim,Sim,Sim,Obtível somente por evolução,"from SPECIES_DURALUDON : EVO_ITEM, ITEM_METAL_ALLOY, SPECIES_ARCHALUDON",src/data/pokemon/species_info/gen_8_families.h:6773
1019,Hydrapple,SPECIES_HYDRAPPLE,9,Sim,Sim,Sim,Obtível somente por evolução,"from SPECIES_DIPPLIN : EVO_LEVEL, 0, SPECIES_HYDRAPPLE, CONDITIONS({IF_KNOWS_MOVE, MOVE_DRAGON_CHEER})",src/data/pokemon/species_info/gen_8_families.h:2897
1020,Gouging Fire,SPECIES_GOUGING_FIRE,9,Sim,Sim,Sim,Obtível normalmente,Boss legendary battle @ METEOR_CAVE1_LEGENDARY_ROOM,data/maps/MeteorCave1_LegendaryRoom/scripts.inc:234 (MAP_METEOR_CAVE1_LEGENDARY_ROOM)
1021,Raging Bolt,SPECIES_RAGING_BOLT,9,Sim,Sim,Sim,Obtível normalmente,Boss legendary battle @ METEOR_CAVE1_LEGENDARY_ROOM,data/maps/MeteorCave1_LegendaryRoom/scripts.inc:222 (MAP_METEOR_CAVE1_LEGENDARY_ROOM)
1022,Iron Boulder,SPECIES_IRON_BOULDER,9,Sim,Sim,Sim,Obtível normalmente,Boss legendary battle @ METEOR_CAVE2_LEGENDARY_ROOM,data/maps/MeteorCave2_LegendaryRoom/scripts.inc:234 (MAP_METEOR_CAVE2_LEGENDARY_ROOM)
1023,Iron Crown,SPECIES_IRON_CROWN,9,Sim,Sim,Sim,Obtível normalmente,Boss legendary battle @ METEOR_CAVE2_LEGENDARY_ROOM,data/maps/MeteorCave2_LegendaryRoom/scripts.inc:246 (MAP_METEOR_CAVE2_LEGENDARY_ROOM)
1024,Terapagos,SPECIES_TERAPAGOS_NORMAL,9,Sim,Sim,Nao,"Existe no código, mas não é obtível",,src/data/pokemon/species_info/gen_9_families.h:8632
1025,Pecharunt,SPECIES_PECHARUNT,9,Sim,Sim,Nao,"Existe no código, mas não é obtível",,src/data/pokemon/species_info/gen_9_families.h:8841
