EspecieBase,Forma,ConstInterna,Categoria,ExisteNoRepo,Habilitada,ObtivelPermanente,ComoObter/Ativar,TransformacaoDeBatalha,Evidencia
VENUSAUR,VENUSAUR_MEGA,SPECIES_VENUSAUR_MEGA,Mega Evolution,Sim,Sim,Não,Mega (item) (ITEM_GRASSTITE),Mega (item) (ITEM_GRASSTITE),src/data/pokemon/species_info/gen_1_families.h:248
CHARIZARD,CHARIZARD_MEGA_X,SPECIES_CHARIZARD_MEGA_X,Mega Evolution,Sim,Sim,Não,Mega (item) (ITEM_DRAGOTITE),Mega (item) (ITEM_DRAGOTITE),src/data/pokemon/species_info/gen_1_families.h:616
CHARIZARD,CHARIZARD_MEGA_Y,SPECIES_CHARIZARD_MEGA_Y,Mega Evolution,Sim,Sim,Não,Mega (item) (ITEM_FIRETITE),Mega (item) (ITEM_FIRETITE),src/data/pokemon/species_info/gen_1_families.h:692
BLASTOISE,BLASTOISE_MEGA,SPECIES_BLASTOISE_MEGA,Mega Evolution,Sim,Sim,Não,Mega (item) (ITEM_WATERTITE),Mega (item) (ITEM_WATERTITE),src/data/pokemon/species_info/gen_1_families.h:1063
BEEDRILL,BEEDRILL_MEGA,SPECIES_BEEDRILL_MEGA,Mega Evolution,Sim,Sim,Não,Mega (item) (ITEM_BUGTITE),Mega (item) (ITEM_BUGTITE),src/data/pokemon/species_info/gen_1_families.h:1772
PIDGEOT,PIDGEOT_MEGA,SPECIES_PIDGEOT_MEGA,Mega Evolution,Sim,Sim,Não,Mega (item) (ITEM_FLYINGITE),Mega (item) (ITEM_FLYINGITE),src/data/pokemon/species_info/gen_1_families.h:2100
ALAKAZAM,ALAKAZAM_MEGA,SPECIES_ALAKAZAM_MEGA,Mega Evolution,Sim,Sim,Não,Mega (item) (ITEM_PSYCHITE),Mega (item) (ITEM_PSYCHITE),src/data/pokemon/species_info/gen_1_families.h:9158
SLOWBRO,SLOWBRO_MEGA,SPECIES_SLOWBRO_MEGA,Mega Evolution,Sim,Sim,Não,Mega (item) (ITEM_WATERTITE),Mega (item) (ITEM_WATERTITE),src/data/pokemon/species_info/gen_1_families.h:11001
GENGAR,GENGAR_MEGA,SPECIES_GENGAR_MEGA,Mega Evolution,Sim,Sim,Não,Mega (item) (ITEM_GHOSTITE),Mega (item) (ITEM_GHOSTITE),src/data/pokemon/species_info/gen_1_families.h:12814
KANGASKHAN,KANGASKHAN_MEGA,SPECIES_KANGASKHAN_MEGA,Mega Evolution,Sim,Sim,Não,Mega (item) (ITEM_NORMALITE),Mega (item) (ITEM_NORMALITE),src/data/pokemon/species_info/gen_1_families.h:15865
PINSIR,PINSIR_MEGA,SPECIES_PINSIR_MEGA,Mega Evolution,Sim,Sim,Não,Mega (item) (ITEM_BUGTITE),Mega (item) (ITEM_BUGTITE),src/data/pokemon/species_info/gen_1_families.h:17949
GYARADOS,GYARADOS_MEGA,SPECIES_GYARADOS_MEGA,Mega Evolution,Sim,Sim,Não,Mega (item) (ITEM_WATERTITE),Mega (item) (ITEM_WATERTITE),src/data/pokemon/species_info/gen_1_families.h:18502
AERODACTYL,AERODACTYL_MEGA,SPECIES_AERODACTYL_MEGA,Mega Evolution,Sim,Sim,Não,Mega (item) (ITEM_ROCKTITE),Mega (item) (ITEM_ROCKTITE),src/data/pokemon/species_info/gen_1_families.h:20237
MEWTWO,MEWTWO_MEGA_X,SPECIES_MEWTWO_MEGA_X,Mega Evolution,Sim,Sim,Não,Mega (item) (ITEM_FIGHTITE),Mega (item) (ITEM_FIGHTITE),src/data/pokemon/species_info/gen_1_families.h:21410
MEWTWO,MEWTWO_MEGA_Y,SPECIES_MEWTWO_MEGA_Y,Mega Evolution,Sim,Sim,Não,Mega (item) (ITEM_PSYCHITE),Mega (item) (ITEM_PSYCHITE),src/data/pokemon/species_info/gen_1_families.h:21491
AMPHAROS,AMPHAROS_MEGA,SPECIES_AMPHAROS_MEGA,Mega Evolution,Sim,Sim,Não,Mega (item) (ITEM_ELECTRITE),Mega (item) (ITEM_ELECTRITE),src/data/pokemon/species_info/gen_2_families.h:2366
STEELIX,STEELIX_MEGA,SPECIES_STEELIX_MEGA,Mega Evolution,Sim,Sim,Não,Mega (item) (ITEM_STEELTITE),Mega (item) (ITEM_STEELTITE),src/data/pokemon/species_info/gen_1_families.h:13121
SCIZOR,SCIZOR_MEGA,SPECIES_SCIZOR_MEGA,Mega Evolution,Sim,Sim,Não,Mega (item) (ITEM_BUGTITE),Mega (item) (ITEM_BUGTITE),src/data/pokemon/species_info/gen_1_families.h:17103
HERACROSS,HERACROSS_MEGA,SPECIES_HERACROSS_MEGA,Mega Evolution,Sim,Sim,Não,Mega (item) (ITEM_BUGTITE),Mega (item) (ITEM_BUGTITE),src/data/pokemon/species_info/gen_2_families.h:5755
HOUNDOOM,HOUNDOOM_MEGA,SPECIES_HOUNDOOM_MEGA,Mega Evolution,Sim,Sim,Não,Mega (item) (ITEM_DARKTITE),Mega (item) (ITEM_DARKTITE),src/data/pokemon/species_info/gen_2_families.h:7791
TYRANITAR,TYRANITAR_MEGA,SPECIES_TYRANITAR_MEGA,Mega Evolution,Sim,Sim,Não,Mega (item) (ITEM_ROCKTITE),Mega (item) (ITEM_ROCKTITE),src/data/pokemon/species_info/gen_2_families.h:8809
SCEPTILE,SCEPTILE_MEGA,SPECIES_SCEPTILE_MEGA,Mega Evolution,Sim,Sim,Não,Mega (item) (ITEM_GRASSTITE),Mega (item) (ITEM_GRASSTITE),src/data/pokemon/species_info/gen_3_families.h:233
BLAZIKEN,BLAZIKEN_MEGA,SPECIES_BLAZIKEN_MEGA,Mega Evolution,Sim,Sim,Não,Mega (item) (ITEM_BONDSTONE),Mega (item) (ITEM_BONDSTONE),src/data/pokemon/species_info/gen_3_families.h:573
SWAMPERT,SWAMPERT_MEGA,SPECIES_SWAMPERT_MEGA,Mega Evolution,Sim,Sim,Não,Mega (item) (ITEM_WATERTITE),Mega (item) (ITEM_WATERTITE),src/data/pokemon/species_info/gen_3_families.h:882
GARDEVOIR,GARDEVOIR_MEGA,SPECIES_GARDEVOIR_MEGA,Mega Evolution,Sim,Sim,Não,Mega (item) (ITEM_FAIRYTITE),Mega (item) (ITEM_FAIRYTITE),src/data/pokemon/species_info/gen_3_families.h:2998
SABLEYE,SABLEYE_MEGA,SPECIES_SABLEYE_MEGA,Mega Evolution,Sim,Sim,Não,Mega (item) (ITEM_DARKTITE),Mega (item) (ITEM_DARKTITE),src/data/pokemon/species_info/gen_3_families.h:4892
MAWILE,MAWILE_MEGA,SPECIES_MAWILE_MEGA,Mega Evolution,Sim,Sim,Não,Mega (item) (ITEM_FAIRYTITE),Mega (item) (ITEM_FAIRYTITE),src/data/pokemon/species_info/gen_3_families.h:5055
AGGRON,AGGRON_MEGA,SPECIES_AGGRON_MEGA,Mega Evolution,Sim,Sim,Não,Mega (item) (ITEM_STEELTITE),Mega (item) (ITEM_STEELTITE),src/data/pokemon/species_info/gen_3_families.h:5363
MEDICHAM,MEDICHAM_MEGA,SPECIES_MEDICHAM_MEGA,Mega Evolution,Sim,Sim,Não,Mega (item) (ITEM_FIGHTITE),Mega (item) (ITEM_FIGHTITE),src/data/pokemon/species_info/gen_3_families.h:5616
MANECTRIC,MANECTRIC_MEGA,SPECIES_MANECTRIC_MEGA,Mega Evolution,Sim,Sim,Não,Mega (item) (ITEM_ELECTRITE),Mega (item) (ITEM_ELECTRITE),src/data/pokemon/species_info/gen_3_families.h:5842
SHARPEDO,SHARPEDO_MEGA,SPECIES_SHARPEDO_MEGA,Mega Evolution,Sim,Sim,Não,Mega (item) (ITEM_WATERTITE),Mega (item) (ITEM_WATERTITE),src/data/pokemon/species_info/gen_3_families.h:6838
CAMERUPT,CAMERUPT_MEGA,SPECIES_CAMERUPT_MEGA,Mega Evolution,Sim,Sim,Não,Mega (item) (ITEM_FIRETITE),Mega (item) (ITEM_FIRETITE),src/data/pokemon/species_info/gen_3_families.h:7250
ALTARIA,ALTARIA_MEGA,SPECIES_ALTARIA_MEGA,Mega Evolution,Sim,Sim,Não,Mega (item) (ITEM_FAIRYTITE),Mega (item) (ITEM_FAIRYTITE),src/data/pokemon/species_info/gen_3_families.h:8209
BANETTE,BANETTE_MEGA,SPECIES_BANETTE_MEGA,Mega Evolution,Sim,Sim,Não,Mega (item) (ITEM_GHOSTITE),Mega (item) (ITEM_GHOSTITE),src/data/pokemon/species_info/gen_3_families.h:10172
ABSOL,ABSOL_MEGA,SPECIES_ABSOL_MEGA,Mega Evolution,Sim,Sim,Não,Mega (item) (ITEM_DARKTITE),Mega (item) (ITEM_DARKTITE),src/data/pokemon/species_info/gen_3_families.h:10908
GLALIE,GLALIE_MEGA,SPECIES_GLALIE_MEGA,Mega Evolution,Sim,Sim,Não,Mega (item) (ITEM_ICETITE),Mega (item) (ITEM_ICETITE),src/data/pokemon/species_info/gen_3_families.h:11213
SALAMENCE,SALAMENCE_MEGA,SPECIES_SALAMENCE_MEGA,Mega Evolution,Sim,Sim,Não,Mega (item) (ITEM_DRAGOTITE),Mega (item) (ITEM_DRAGOTITE),src/data/pokemon/species_info/gen_3_families.h:12294
METAGROSS,METAGROSS_MEGA,SPECIES_METAGROSS_MEGA,Mega Evolution,Sim,Sim,Não,Mega (item) (ITEM_STEELTITE),Mega (item) (ITEM_STEELTITE),src/data/pokemon/species_info/gen_3_families.h:12605
LATIAS,LATIAS_MEGA,SPECIES_LATIAS_MEGA,Mega Evolution,Sim,Sim,Não,Mega (item) (ITEM_DRAGOTITE),Mega (item) (ITEM_DRAGOTITE),src/data/pokemon/species_info/gen_3_families.h:13015
LATIOS,LATIOS_MEGA,SPECIES_LATIOS_MEGA,Mega Evolution,Sim,Sim,Não,Mega (item) (ITEM_DRAGOTITE),Mega (item) (ITEM_DRAGOTITE),src/data/pokemon/species_info/gen_3_families.h:13179
LOPUNNY,LOPUNNY_MEGA,SPECIES_LOPUNNY_MEGA,Mega Evolution,Sim,Sim,Não,Mega (item) (ITEM_NORMALITE),Mega (item) (ITEM_NORMALITE),src/data/pokemon/species_info/gen_4_families.h:3631
GARCHOMP,GARCHOMP_MEGA,SPECIES_GARCHOMP_MEGA,Mega Evolution,Sim,Sim,Não,Mega (item) (ITEM_GROUNDITE),Mega (item) (ITEM_GROUNDITE),src/data/pokemon/species_info/gen_4_families.h:4571
LUCARIO,LUCARIO_MEGA,SPECIES_LUCARIO_MEGA,Mega Evolution,Sim,Sim,Não,Mega (item) (ITEM_FIGHTITE),Mega (item) (ITEM_FIGHTITE),src/data/pokemon/species_info/gen_4_families.h:4858
ABOMASNOW,ABOMASNOW_MEGA,SPECIES_ABOMASNOW_MEGA,Mega Evolution,Sim,Sim,Não,Mega (item) (ITEM_ICETITE),Mega (item) (ITEM_ICETITE),src/data/pokemon/species_info/gen_4_families.h:5934
GALLADE,GALLADE_MEGA,SPECIES_GALLADE_MEGA,Mega Evolution,Sim,Sim,Não,Mega (item) (ITEM_PSYCHITE),Mega (item) (ITEM_PSYCHITE),src/data/pokemon/species_info/gen_3_families.h:3155
AUDINO,AUDINO_MEGA,SPECIES_AUDINO_MEGA,Mega Evolution,Sim,Sim,Não,Mega (item) (ITEM_NORMALITE),Mega (item) (ITEM_NORMALITE),src/data/pokemon/species_info/gen_5_families.h:3030
DIANCIE,DIANCIE_MEGA,SPECIES_DIANCIE_MEGA,Mega Evolution,Sim,Sim,Não,Mega (item) (ITEM_FAIRYTITE),Mega (item) (ITEM_FAIRYTITE),src/data/pokemon/species_info/gen_6_families.h:7395
RAYQUAZA,RAYQUAZA_MEGA,SPECIES_RAYQUAZA_MEGA,Mega Evolution,Sim,Sim,Não,Mega (golpe),Mega (golpe),src/data/pokemon/species_info/gen_3_families.h:13666
KYOGRE,KYOGRE_PRIMAL,SPECIES_KYOGRE_PRIMAL,Primal Reversion,Sim,Sim,Não,Primal (orbe) (ITEM_BLUE_ORB),Primal (orbe) (ITEM_BLUE_ORB),src/data/pokemon/species_info/gen_3_families.h:13343
GROUDON,GROUDON_PRIMAL,SPECIES_GROUDON_PRIMAL,Primal Reversion,Sim,Sim,Não,Primal (orbe) (ITEM_RED_ORB),Primal (orbe) (ITEM_RED_ORB),src/data/pokemon/species_info/gen_3_families.h:13503
RATTATA,RATTATA_ALOLA,SPECIES_RATTATA_ALOLA,Regional (Alola),Sim,Sim,Sim,Encontro selvagem @ SAFARI_ZONE_LOW_MID [src/data/wild_encounters.json],,src/data/pokemon/species_info/gen_1_families.h:2364
RATICATE,RATICATE_ALOLA,SPECIES_RATICATE_ALOLA,Regional (Alola),Sim,Sim,Sim,"evolution: from SPECIES_RATTATA_ALOLA : EVO_LEVEL, 20, SPECIES_RATICATE_ALOLA, CONDITIONS({IF_TIME, TIME_NIGHT})",,src/data/pokemon/species_info/gen_1_families.h:2447
RAICHU,RAICHU_ALOLA,SPECIES_RAICHU_ALOLA,Regional (Alola),Sim,Sim,Sim,"evolution: from SPECIES_PIKACHU : EVO_ITEM, ITEM_STRANGE_SOUVENIR, SPECIES_RAICHU_ALOLA",,src/data/pokemon/species_info/gen_1_families.h:4162
SANDSHREW,SANDSHREW_ALOLA,SPECIES_SANDSHREW_ALOLA,Regional (Alola),Sim,Sim,Sim,Encontro selvagem @ SAFARI_ZONE_TOP_MID [src/data/wild_encounters.json],,src/data/pokemon/species_info/gen_1_families.h:4534
SANDSLASH,SANDSLASH_ALOLA,SPECIES_SANDSLASH_ALOLA,Regional (Alola),Sim,Sim,Sim,"evolution: from SPECIES_SANDSHREW_ALOLA : EVO_ITEM, ITEM_ICE_STONE, SPECIES_SANDSLASH_ALOLA",,src/data/pokemon/species_info/gen_1_families.h:4609
VULPIX,VULPIX_ALOLA,SPECIES_VULPIX_ALOLA,Regional (Alola),Sim,Sim,Sim,Encontro selvagem @ SAFARI_ZONE_TOP_MID [src/data/wild_encounters.json],,src/data/pokemon/species_info/gen_1_families.h:5638
NINETALES,NINETALES_ALOLA,SPECIES_NINETALES_ALOLA,Regional (Alola),Sim,Sim,Sim,"evolution: from SPECIES_VULPIX_ALOLA : EVO_ITEM, ITEM_ICE_STONE, SPECIES_NINETALES_ALOLA",,src/data/pokemon/species_info/gen_1_families.h:5713
DIGLETT,DIGLETT_ALOLA,SPECIES_DIGLETT_ALOLA,Regional (Alola),Sim,Sim,Sim,Encontro selvagem @ SAFARI_ZONE_LOW_MID [src/data/wild_encounters.json],,src/data/pokemon/species_info/gen_1_families.h:7216
DUGTRIO,DUGTRIO_ALOLA,SPECIES_DUGTRIO_ALOLA,Regional (Alola),Sim,Sim,Sim,"evolution: from SPECIES_DIGLETT_ALOLA : EVO_LEVEL, 26, SPECIES_DUGTRIO_ALOLA",,src/data/pokemon/species_info/gen_1_families.h:7292
MEOWTH,MEOWTH_ALOLA,SPECIES_MEOWTH_ALOLA,Regional (Alola),Sim,Sim,Sim,Encontro selvagem @ SAFARI_ZONE_LOW_MID [src/data/wild_encounters.json],,src/data/pokemon/species_info/gen_1_families.h:7539
PERSIAN,PERSIAN_ALOLA,SPECIES_PERSIAN_ALOLA,Regional (Alola),Sim,Sim,Sim,"evolution: from SPECIES_MEOWTH_ALOLA : EVO_LEVEL, 0, SPECIES_PERSIAN_ALOLA, CONDITIONS({IF_MIN_FRIENDSHIP, FRIENDSHIP_EVO_THRESHOLD})",,src/data/pokemon/species_info/gen_1_families.h:7614
GEODUDE,GEODUDE_ALOLA,SPECIES_GEODUDE_ALOLA,Regional (Alola),Sim,Sim,Sim,Encontro selvagem @ SAFARI_ZONE_LOW_MID [src/data/wild_encounters.json],,src/data/pokemon/species_info/gen_1_families.h:10262
GRAVELER,GRAVELER_ALOLA,SPECIES_GRAVELER_ALOLA,Regional (Alola),Sim,Sim,Sim,"evolution: from SPECIES_GEODUDE_ALOLA : EVO_LEVEL, 25, SPECIES_GRAVELER_ALOLA",,src/data/pokemon/species_info/gen_1_families.h:10338
GOLEM,GOLEM_ALOLA,SPECIES_GOLEM_ALOLA,Regional (Alola),Sim,Sim,Sim,"evolution: from SPECIES_GRAVELER_ALOLA : EVO_ITEM, ITEM_LINKING_CORD, SPECIES_GOLEM_ALOLA",,src/data/pokemon/species_info/gen_1_families.h:10415
GRIMER,GRIMER_ALOLA,SPECIES_GRIMER_ALOLA,Regional (Alola),Sim,Sim,Sim,Encontro selvagem @ SAFARI_ZONE_TOP_MID [src/data/wild_encounters.json],,src/data/pokemon/species_info/gen_1_families.h:12261
MUK,MUK_ALOLA,SPECIES_MUK_ALOLA,Regional (Alola),Sim,Sim,Sim,"evolution: from SPECIES_GRIMER_ALOLA : EVO_LEVEL, 38, SPECIES_MUK_ALOLA",,src/data/pokemon/species_info/gen_1_families.h:12335
EXEGGUTOR,EXEGGUTOR_ALOLA,SPECIES_EXEGGUTOR_ALOLA,Regional (Alola),Sim,Sim,Sim,Encontro selvagem @ SAFARI_ZONE_TOP_RIGHT [src/data/wild_encounters.json],,src/data/pokemon/species_info/gen_1_families.h:14047
MAROWAK,MAROWAK_ALOLA,SPECIES_MAROWAK_ALOLA,Regional (Alola),Sim,Sim,Sim,Encontro selvagem @ SAFARI_ZONE_TOP_LEFT [src/data/wild_encounters.json],,src/data/pokemon/species_info/gen_1_families.h:14283
MEOWTH,MEOWTH_GALAR,SPECIES_MEOWTH_GALAR,Regional (Galar),Sim,Sim,Sim,Encontro selvagem @ SAFARI_ZONE_TOP_MID [src/data/wild_encounters.json],,src/data/pokemon/species_info/gen_1_families.h:7688
PONYTA,PONYTA_GALAR,SPECIES_PONYTA_GALAR,Regional (Galar),Sim,Sim,Sim,Encontro selvagem @ SAFARI_ZONE_TOP_MID [src/data/wild_encounters.json],,src/data/pokemon/species_info/gen_1_families.h:10636
RAPIDASH,RAPIDASH_GALAR,SPECIES_RAPIDASH_GALAR,Regional (Galar),Sim,Sim,Sim,"evolution: from SPECIES_PONYTA_GALAR : EVO_LEVEL, 32, SPECIES_RAPIDASH_GALAR",,src/data/pokemon/species_info/gen_1_families.h:10705
SLOWPOKE,SLOWPOKE_GALAR,SPECIES_SLOWPOKE_GALAR,Regional (Galar),Sim,Sim,Sim,Encontro selvagem @ SAFARI_ZONE_LOW_MID [src/data/wild_encounters.json],,src/data/pokemon/species_info/gen_1_families.h:11082
SLOWBRO,SLOWBRO_GALAR,SPECIES_SLOWBRO_GALAR,Regional (Galar),Sim,Sim,Sim,Encontro selvagem @ SAFARI_ZONE_LOW_MID [src/data/wild_encounters.json],,src/data/pokemon/species_info/gen_1_families.h:11155
FARFETCHD,FARFETCHD_GALAR,SPECIES_FARFETCHD_GALAR,Regional (Galar),Sim,Sim,Sim,Encontro selvagem @ SAFARI_ZONE_LOW_MID [src/data/wild_encounters.json],,src/data/pokemon/species_info/gen_1_families.h:11627
WEEZING,WEEZING_GALAR,SPECIES_WEEZING_GALAR,Regional (Galar),Sim,Sim,Sim,Encontro selvagem @ SAFARI_ZONE_TOP_RIGHT [src/data/wild_encounters.json],,src/data/pokemon/species_info/gen_1_families.h:15051
MR_MIME,MR_MIME_GALAR,SPECIES_MR_MIME_GALAR,Regional (Galar),Sim,Sim,Sim,Encontro selvagem @ SAFARI_ZONE_TOP_LEFT [src/data/wild_encounters.json],,src/data/pokemon/species_info/gen_1_families.h:16771
ARTICUNO,ARTICUNO_GALAR,SPECIES_ARTICUNO_GALAR,Regional (Galar),Sim,Sim,Sim,Presente de NPC @ BATTLE_CAFE [data/maps/BattleCafe/scripts.inc:1267],,src/data/pokemon/species_info/gen_1_families.h:20616
ZAPDOS,ZAPDOS_GALAR,SPECIES_ZAPDOS_GALAR,Regional (Galar),Sim,Sim,Sim,Presente de NPC @ BATTLE_CAFE [data/maps/BattleCafe/scripts.inc:1287],,src/data/pokemon/species_info/gen_1_families.h:20774
MOLTRES,MOLTRES_GALAR,SPECIES_MOLTRES_GALAR,Regional (Galar),Sim,Sim,Sim,Presente de NPC @ BATTLE_CAFE [data/maps/BattleCafe/scripts.inc:1307],,src/data/pokemon/species_info/gen_1_families.h:20956
SLOWKING,SLOWKING_GALAR,SPECIES_SLOWKING_GALAR,Regional (Galar),Sim,Sim,Sim,Encontro selvagem @ SAFARI_ZONE_TOP_RIGHT [src/data/wild_encounters.json],,src/data/pokemon/species_info/gen_1_families.h:11225
CORSOLA,CORSOLA_GALAR,SPECIES_CORSOLA_GALAR,Regional (Galar),Sim,Sim,Sim,Encontro selvagem @ SAFARI_ZONE_LOW_RIGHT [src/data/wild_encounters.json],,src/data/pokemon/species_info/gen_2_families.h:6964
ZIGZAGOON,ZIGZAGOON_GALAR,SPECIES_ZIGZAGOON_GALAR,Regional (Galar),Sim,Sim,Sim,Encontro selvagem @ SAFARI_ZONE_LOW_MID [src/data/wild_encounters.json],,src/data/pokemon/species_info/gen_3_families.h:1286
LINOONE,LINOONE_GALAR,SPECIES_LINOONE_GALAR,Regional (Galar),Sim,Sim,Sim,"evolution: from SPECIES_ZIGZAGOON_GALAR : EVO_LEVEL, 20, SPECIES_LINOONE_GALAR",,src/data/pokemon/species_info/gen_3_families.h:1355
DARUMAKA,DARUMAKA_GALAR,SPECIES_DARUMAKA_GALAR,Regional (Galar),Sim,Sim,Sim,Encontro selvagem @ SAFARI_ZONE_LOW_RIGHT [src/data/wild_encounters.json],,src/data/pokemon/species_info/gen_5_families.h:5361
DARMANITAN_STANDARD,DARMANITAN_GALAR_STANDARD,SPECIES_DARMANITAN_GALAR_STANDARD,Regional (Galar),Sim,Sim,Sim,Encontro selvagem @ SAFARI_ZONE_LOW_RIGHT [src/data/wild_encounters.json],Ao trocar (batalha); HP baixo em batalha,src/data/pokemon/species_info/gen_5_families.h:5430
YAMASK,YAMASK_GALAR,SPECIES_YAMASK_GALAR,Regional (Galar),Sim,Sim,Sim,Encontro selvagem @ SAFARI_ZONE_LOW_LEFT [src/data/wild_encounters.json],,src/data/pokemon/species_info/gen_5_families.h:6222
STUNFISK,STUNFISK_GALAR,SPECIES_STUNFISK_GALAR,Regional (Galar),Sim,Sim,Sim,Encontro selvagem @ SAFARI_ZONE_LOW_LEFT [src/data/wild_encounters.json],,src/data/pokemon/species_info/gen_5_families.h:11165
GROWLITHE,GROWLITHE_HISUI,SPECIES_GROWLITHE_HISUI,Regional (Hisui),Sim,Sim,Sim,Encontro selvagem @ SAFARI_ZONE_TOP_MID [src/data/wild_encounters.json],,src/data/pokemon/species_info/gen_1_families.h:8416
ARCANINE,ARCANINE_HISUI,SPECIES_ARCANINE_HISUI,Regional (Hisui),Sim,Sim,Sim,"evolution: from SPECIES_GROWLITHE_HISUI : EVO_ITEM, ITEM_FIRE_STONE, SPECIES_ARCANINE_HISUI",,src/data/pokemon/species_info/gen_1_families.h:8485
VOLTORB,VOLTORB_HISUI,SPECIES_VOLTORB_HISUI,Regional (Hisui),Sim,Sim,Sim,Encontro selvagem @ SAFARI_ZONE_LOW_LEFT [src/data/wild_encounters.json],,src/data/pokemon/species_info/gen_1_families.h:13741
ELECTRODE,ELECTRODE_HISUI,SPECIES_ELECTRODE_HISUI,Regional (Hisui),Sim,Sim,Sim,Encontro selvagem @ SAFARI_ZONE_LOW_LEFT [src/data/wild_encounters.json],,src/data/pokemon/species_info/gen_1_families.h:13809
TYPHLOSION,TYPHLOSION_HISUI,SPECIES_TYPHLOSION_HISUI,Regional (Hisui),Sim,Sim,Sim,"evolution: from SPECIES_QUILAVA : EVO_ITEM, ITEM_DUSK_STONE, SPECIES_TYPHLOSION_HISUI",,src/data/pokemon/species_info/gen_2_families.h:590
QWILFISH,QWILFISH_HISUI,SPECIES_QWILFISH_HISUI,Regional (Hisui),Sim,Sim,Sim,breeding: egg from SPECIES_OVERQWIL,,src/data/pokemon/species_info/gen_2_families.h:5446
SNEASEL,SNEASEL_HISUI,SPECIES_SNEASEL_HISUI,Regional (Hisui),Sim,Sim,Sim,Encontro selvagem @ SAFARI_ZONE_TOP_LEFT [src/data/wild_encounters.json],,src/data/pokemon/species_info/gen_2_families.h:6012
SAMUROTT,SAMUROTT_HISUI,SPECIES_SAMUROTT_HISUI,Regional (Hisui),Sim,Sim,Sim,Encontro selvagem @ SAFARI_ZONE_TOP_RIGHT [src/data/wild_encounters.json],,src/data/pokemon/species_info/gen_5_families.h:817
LILLIGANT,LILLIGANT_HISUI,SPECIES_LILLIGANT_HISUI,Regional (Hisui),Sim,Sim,Sim,"evolution: from SPECIES_PETILIL : EVO_ITEM, ITEM_DUSK_STONE, SPECIES_LILLIGANT_HISUI",,src/data/pokemon/species_info/gen_5_families.h:4515
ZORUA,ZORUA_HISUI,SPECIES_ZORUA_HISUI,Regional (Hisui),Sim,Sim,Sim,Encontro selvagem @ SAFARI_ZONE_LOW_LEFT [src/data/wild_encounters.json],,src/data/pokemon/species_info/gen_5_families.h:7016
ZOROARK,ZOROARK_HISUI,SPECIES_ZOROARK_HISUI,Regional (Hisui),Sim,Sim,Sim,"evolution: from SPECIES_ZORUA_HISUI : EVO_LEVEL, 30, SPECIES_ZOROARK_HISUI",,src/data/pokemon/species_info/gen_5_families.h:7085
BRAVIARY,BRAVIARY_HISUI,SPECIES_BRAVIARY_HISUI,Regional (Hisui),Sim,Sim,Sim,Encontro selvagem @ SAFARI_ZONE_TOP_RIGHT [src/data/wild_encounters.json],,src/data/pokemon/species_info/gen_5_families.h:12104
SLIGGOO,SLIGGOO_HISUI,SPECIES_SLIGGOO_HISUI,Regional (Hisui),Sim,Sim,Sim,breeding: egg from SPECIES_GOODRA_HISUI,,src/data/pokemon/species_info/gen_6_families.h:5420
GOODRA,GOODRA_HISUI,SPECIES_GOODRA_HISUI,Regional (Hisui),Sim,Sim,Sim,Encontro selvagem @ SAFARI_ZONE_LOW_RIGHT [src/data/wild_encounters.json],,src/data/pokemon/species_info/gen_6_families.h:5492
AVALUGG,AVALUGG_HISUI,SPECIES_AVALUGG_HISUI,Regional (Hisui),Sim,Sim,Sim,Encontro selvagem @ SAFARI_ZONE_LOW_RIGHT [src/data/wild_encounters.json],,src/data/pokemon/species_info/gen_6_families.h:6479
DECIDUEYE,DECIDUEYE_HISUI,SPECIES_DECIDUEYE_HISUI,Regional (Hisui),Sim,Sim,Sim,Encontro selvagem @ SAFARI_ZONE_TOP_RIGHT [src/data/wild_encounters.json],,src/data/pokemon/species_info/gen_7_families.h:222
PIKACHU,PIKACHU_COSPLAY,SPECIES_PIKACHU_COSPLAY,Alternativa/cosmética/batalha,Sim,Não,Não,Sem método de ativação definido,,src/data/pokemon/species_info/gen_1_families.h:3141
PIKACHU,PIKACHU_ROCK_STAR,SPECIES_PIKACHU_ROCK_STAR,Alternativa/cosmética/batalha,Sim,Não,Não,Sem método de ativação definido,,src/data/pokemon/species_info/gen_1_families.h:3195
PIKACHU,PIKACHU_BELLE,SPECIES_PIKACHU_BELLE,Alternativa/cosmética/batalha,Sim,Não,Não,Sem método de ativação definido,,src/data/pokemon/species_info/gen_1_families.h:3249
PIKACHU,PIKACHU_POP_STAR,SPECIES_PIKACHU_POP_STAR,Alternativa/cosmética/batalha,Sim,Não,Não,Sem método de ativação definido,,src/data/pokemon/species_info/gen_1_families.h:3304
PIKACHU,PIKACHU_PHD,SPECIES_PIKACHU_PHD,Alternativa/cosmética/batalha,Sim,Não,Não,Sem método de ativação definido,,src/data/pokemon/species_info/gen_1_families.h:3359
PIKACHU,PIKACHU_LIBRE,SPECIES_PIKACHU_LIBRE,Alternativa/cosmética/batalha,Sim,Não,Não,Sem método de ativação definido,,src/data/pokemon/species_info/gen_1_families.h:3413
PIKACHU,PIKACHU_ORIGINAL,SPECIES_PIKACHU_ORIGINAL,Alternativa/cosmética/batalha,Sim,Não,Não,Sem método de ativação definido,,src/data/pokemon/species_info/gen_1_families.h:3470
PIKACHU,PIKACHU_HOENN,SPECIES_PIKACHU_HOENN,Alternativa/cosmética/batalha,Sim,Não,Não,Sem método de ativação definido,,src/data/pokemon/species_info/gen_1_families.h:3529
PIKACHU,PIKACHU_SINNOH,SPECIES_PIKACHU_SINNOH,Alternativa/cosmética/batalha,Sim,Não,Não,Sem método de ativação definido,,src/data/pokemon/species_info/gen_1_families.h:3587
PIKACHU,PIKACHU_UNOVA,SPECIES_PIKACHU_UNOVA,Alternativa/cosmética/batalha,Sim,Não,Não,Sem método de ativação definido,,src/data/pokemon/species_info/gen_1_families.h:3645
PIKACHU,PIKACHU_KALOS,SPECIES_PIKACHU_KALOS,Alternativa/cosmética/batalha,Sim,Não,Não,Sem método de ativação definido,,src/data/pokemon/species_info/gen_1_families.h:3703
PIKACHU,PIKACHU_ALOLA,SPECIES_PIKACHU_ALOLA,Alternativa/cosmética/batalha,Sim,Não,Não,Sem método de ativação definido,,src/data/pokemon/species_info/gen_1_families.h:3761
PIKACHU,PIKACHU_PARTNER,SPECIES_PIKACHU_PARTNER,Alternativa/cosmética/batalha,Sim,Não,Não,Sem método de ativação definido,,src/data/pokemon/species_info/gen_1_families.h:3819
PIKACHU,PIKACHU_WORLD,SPECIES_PIKACHU_WORLD,Alternativa/cosmética/batalha,Sim,Não,Não,Sem método de ativação definido,,src/data/pokemon/species_info/gen_1_families.h:3878
PICHU,PICHU_SPIKY_EARED,SPECIES_PICHU_SPIKY_EARED,Alternativa/cosmética/batalha,Sim,Sim,Não,Sem método de ativação definido,,src/data/pokemon/species_info/gen_1_families.h:2963
UNOWN,UNOWN_B,SPECIES_UNOWN_B,Alternativa/cosmética/batalha,Sim,Sim,Sim,"Letra definida pela personality do Unown selvagem (GetUnownSpeciesId, src/pokemon.c:2018); Unown selvagem em Ruins of Alph B1F (src/data/wild_encounters.json, gRuinsOfAlph_1)",,src/data/pokemon/species_info/gen_2_families.h:4322
UNOWN,UNOWN_C,SPECIES_UNOWN_C,Alternativa/cosmética/batalha,Sim,Sim,Sim,"Letra definida pela personality do Unown selvagem (GetUnownSpeciesId, src/pokemon.c:2018); Unown selvagem em Ruins of Alph B1F (src/data/wild_encounters.json, gRuinsOfAlph_1)",,src/data/pokemon/species_info/gen_2_families.h:4323
UNOWN,UNOWN_D,SPECIES_UNOWN_D,Alternativa/cosmética/batalha,Sim,Sim,Sim,"Letra definida pela personality do Unown selvagem (GetUnownSpeciesId, src/pokemon.c:2018); Unown selvagem em Ruins of Alph B1F (src/data/wild_encounters.json, gRuinsOfAlph_1)",,src/data/pokemon/species_info/gen_2_families.h:4324
UNOWN,UNOWN_E,SPECIES_UNOWN_E,Alternativa/cosmética/batalha,Sim,Sim,Sim,"Letra definida pela personality do Unown selvagem (GetUnownSpeciesId, src/pokemon.c:2018); Unown selvagem em Ruins of Alph B1F (src/data/wild_encounters.json, gRuinsOfAlph_1)",,src/data/pokemon/species_info/gen_2_families.h:4325
UNOWN,UNOWN_F,SPECIES_UNOWN_F,Alternativa/cosmética/batalha,Sim,Sim,Sim,"Letra definida pela personality do Unown selvagem (GetUnownSpeciesId, src/pokemon.c:2018); Unown selvagem em Ruins of Alph B1F (src/data/wild_encounters.json, gRuinsOfAlph_1)",,src/data/pokemon/species_info/gen_2_families.h:4326
UNOWN,UNOWN_G,SPECIES_UNOWN_G,Alternativa/cosmética/batalha,Sim,Sim,Sim,"Letra definida pela personality do Unown selvagem (GetUnownSpeciesId, src/pokemon.c:2018); Unown selvagem em Ruins of Alph B1F (src/data/wild_encounters.json, gRuinsOfAlph_1)",,src/data/pokemon/species_info/gen_2_families.h:4327
UNOWN,UNOWN_H,SPECIES_UNOWN_H,Alternativa/cosmética/batalha,Sim,Sim,Sim,"Letra definida pela personality do Unown selvagem (GetUnownSpeciesId, src/pokemon.c:2018); Unown selvagem em Ruins of Alph B1F (src/data/wild_encounters.json, gRuinsOfAlph_1)",,src/data/pokemon/species_info/gen_2_families.h:4328
UNOWN,UNOWN_I,SPECIES_UNOWN_I,Alternativa/cosmética/batalha,Sim,Sim,Sim,"Letra definida pela personality do Unown selvagem (GetUnownSpeciesId, src/pokemon.c:2018); Unown selvagem em Ruins of Alph B1F (src/data/wild_encounters.json, gRuinsOfAlph_1)",,src/data/pokemon/species_info/gen_2_families.h:4329
UNOWN,UNOWN_J,SPECIES_UNOWN_J,Alternativa/cosmética/batalha,Sim,Sim,Sim,"Letra definida pela personality do Unown selvagem (GetUnownSpeciesId, src/pokemon.c:2018); Unown selvagem em Ruins of Alph B1F (src/data/wild_encounters.json, gRuinsOfAlph_1)",,src/data/pokemon/species_info/gen_2_families.h:4330
UNOWN,UNOWN_K,SPECIES_UNOWN_K,Alternativa/cosmética/batalha,Sim,Sim,Sim,"Letra definida pela personality do Unown selvagem (GetUnownSpeciesId, src/pokemon.c:2018); Unown selvagem em Ruins of Alph B1F (src/data/wild_encounters.json, gRuinsOfAlph_1)",,src/data/pokemon/species_info/gen_2_families.h:4331
UNOWN,UNOWN_L,SPECIES_UNOWN_L,Alternativa/cosmética/batalha,Sim,Sim,Sim,"Letra definida pela personality do Unown selvagem (GetUnownSpeciesId, src/pokemon.c:2018); Unown selvagem em Ruins of Alph B1F (src/data/wild_encounters.json, gRuinsOfAlph_1)",,src/data/pokemon/species_info/gen_2_families.h:4332
UNOWN,UNOWN_M,SPECIES_UNOWN_M,Alternativa/cosmética/batalha,Sim,Sim,Sim,"Letra definida pela personality do Unown selvagem (GetUnownSpeciesId, src/pokemon.c:2018); Unown selvagem em Ruins of Alph B1F (src/data/wild_encounters.json, gRuinsOfAlph_1)",,src/data/pokemon/species_info/gen_2_families.h:4333
UNOWN,UNOWN_N,SPECIES_UNOWN_N,Alternativa/cosmética/batalha,Sim,Sim,Sim,"Letra definida pela personality do Unown selvagem (GetUnownSpeciesId, src/pokemon.c:2018); Unown selvagem em Ruins of Alph B1F (src/data/wild_encounters.json, gRuinsOfAlph_1)",,src/data/pokemon/species_info/gen_2_families.h:4334
UNOWN,UNOWN_O,SPECIES_UNOWN_O,Alternativa/cosmética/batalha,Sim,Sim,Sim,"Letra definida pela personality do Unown selvagem (GetUnownSpeciesId, src/pokemon.c:2018); Unown selvagem em Ruins of Alph B1F (src/data/wild_encounters.json, gRuinsOfAlph_1)",,src/data/pokemon/species_info/gen_2_families.h:4335
UNOWN,UNOWN_P,SPECIES_UNOWN_P,Alternativa/cosmética/batalha,Sim,Sim,Sim,"Letra definida pela personality do Unown selvagem (GetUnownSpeciesId, src/pokemon.c:2018); Unown selvagem em Ruins of Alph B1F (src/data/wild_encounters.json, gRuinsOfAlph_1)",,src/data/pokemon/species_info/gen_2_families.h:4336
UNOWN,UNOWN_Q,SPECIES_UNOWN_Q,Alternativa/cosmética/batalha,Sim,Sim,Sim,"Letra definida pela personality do Unown selvagem (GetUnownSpeciesId, src/pokemon.c:2018); Unown selvagem em Ruins of Alph B1F (src/data/wild_encounters.json, gRuinsOfAlph_1)",,src/data/pokemon/species_info/gen_2_families.h:4337
UNOWN,UNOWN_R,SPECIES_UNOWN_R,Alternativa/cosmética/batalha,Sim,Sim,Sim,"Letra definida pela personality do Unown selvagem (GetUnownSpeciesId, src/pokemon.c:2018); Unown selvagem em Ruins of Alph B1F (src/data/wild_encounters.json, gRuinsOfAlph_1)",,src/data/pokemon/species_info/gen_2_families.h:4338
UNOWN,UNOWN_S,SPECIES_UNOWN_S,Alternativa/cosmética/batalha,Sim,Sim,Sim,"Letra definida pela personality do Unown selvagem (GetUnownSpeciesId, src/pokemon.c:2018); Unown selvagem em Ruins of Alph B1F (src/data/wild_encounters.json, gRuinsOfAlph_1)",,src/data/pokemon/species_info/gen_2_families.h:4339
UNOWN,UNOWN_T,SPECIES_UNOWN_T,Alternativa/cosmética/batalha,Sim,Sim,Sim,"Letra definida pela personality do Unown selvagem (GetUnownSpeciesId, src/pokemon.c:2018); Unown selvagem em Ruins of Alph B1F (src/data/wild_encounters.json, gRuinsOfAlph_1)",,src/data/pokemon/species_info/gen_2_families.h:4340
UNOWN,UNOWN_U,SPECIES_UNOWN_U,Alternativa/cosmética/batalha,Sim,Sim,Sim,"Letra definida pela personality do Unown selvagem (GetUnownSpeciesId, src/pokemon.c:2018); Unown selvagem em Ruins of Alph B1F (src/data/wild_encounters.json, gRuinsOfAlph_1)",,src/data/pokemon/species_info/gen_2_families.h:4341
UNOWN,UNOWN_V,SPECIES_UNOWN_V,Alternativa/cosmética/batalha,Sim,Sim,Sim,"Letra definida pela personality do Unown selvagem (GetUnownSpeciesId, src/pokemon.c:2018); Unown selvagem em Ruins of Alph B1F (src/data/wild_encounters.json, gRuinsOfAlph_1)",,src/data/pokemon/species_info/gen_2_families.h:4342
UNOWN,UNOWN_W,SPECIES_UNOWN_W,Alternativa/cosmética/batalha,Sim,Sim,Sim,"Letra definida pela personality do Unown selvagem (GetUnownSpeciesId, src/pokemon.c:2018); Unown selvagem em Ruins of Alph B1F (src/data/wild_encounters.json, gRuinsOfAlph_1)",,src/data/pokemon/species_info/gen_2_families.h:4343
UNOWN,UNOWN_X,SPECIES_UNOWN_X,Alternativa/cosmética/batalha,Sim,Sim,Sim,"Letra definida pela personality do Unown selvagem (GetUnownSpeciesId, src/pokemon.c:2018); Unown selvagem em Ruins of Alph B1F (src/data/wild_encounters.json, gRuinsOfAlph_1)",,src/data/pokemon/species_info/gen_2_families.h:4344
UNOWN,UNOWN_Y,SPECIES_UNOWN_Y,Alternativa/cosmética/batalha,Sim,Sim,Sim,"Letra definida pela personality do Unown selvagem (GetUnownSpeciesId, src/pokemon.c:2018); Unown selvagem em Ruins of Alph B1F (src/data/wild_encounters.json, gRuinsOfAlph_1)",,src/data/pokemon/species_info/gen_2_families.h:4345
UNOWN,UNOWN_Z,SPECIES_UNOWN_Z,Alternativa/cosmética/batalha,Sim,Sim,Sim,"Letra definida pela personality do Unown selvagem (GetUnownSpeciesId, src/pokemon.c:2018); Unown selvagem em Ruins of Alph B1F (src/data/wild_encounters.json, gRuinsOfAlph_1)",,src/data/pokemon/species_info/gen_2_families.h:4346
UNOWN,UNOWN_EXCLAMATION,SPECIES_UNOWN_EXCLAMATION,Alternativa/cosmética/batalha,Sim,Sim,Sim,"Letra definida pela personality do Unown selvagem (GetUnownSpeciesId, src/pokemon.c:2018); Unown selvagem em Ruins of Alph B1F (src/data/wild_encounters.json, gRuinsOfAlph_1)",,src/data/pokemon/species_info/gen_2_families.h:4347
UNOWN,UNOWN_QUESTION,SPECIES_UNOWN_QUESTION,Alternativa/cosmética/batalha,Sim,Sim,Sim,"Letra definida pela personality do Unown selvagem (GetUnownSpeciesId, src/pokemon.c:2018); Unown selvagem em Ruins of Alph B1F (src/data/wild_encounters.json, gRuinsOfAlph_1)",,src/data/pokemon/species_info/gen_2_families.h:4348
CASTFORM_NORMAL,CASTFORM_SUNNY,SPECIES_CASTFORM_SUNNY,Alternativa/cosmética/batalha,Sim,Não,Não,Sem método de ativação definido,,src/data/pokemon/species_info/gen_3_families.h:9675
CASTFORM_NORMAL,CASTFORM_RAINY,SPECIES_CASTFORM_RAINY,Alternativa/cosmética/batalha,Sim,Não,Não,Sem método de ativação definido,,src/data/pokemon/species_info/gen_3_families.h:9759
CASTFORM_NORMAL,CASTFORM_SNOWY,SPECIES_CASTFORM_SNOWY,Alternativa/cosmética/batalha,Sim,Não,Não,Sem método de ativação definido,,src/data/pokemon/species_info/gen_3_families.h:9841
DEOXYS_NORMAL,DEOXYS_ATTACK,SPECIES_DEOXYS_ATTACK,Alternativa/cosmética/batalha,Sim,Sim,Não,"BLOQUEADO(ITEM_METEORITE): FORM_CHANGE_ITEM_USE, SPECIES_DEOXYS_ATTACK, ITEM_METEORITE",,src/data/pokemon/species_info/gen_3_families.h:13931
DEOXYS_NORMAL,DEOXYS_DEFENSE,SPECIES_DEOXYS_DEFENSE,Alternativa/cosmética/batalha,Sim,Sim,Não,"BLOQUEADO(ITEM_METEORITE): FORM_CHANGE_ITEM_USE, SPECIES_DEOXYS_DEFENSE, ITEM_METEORITE",,src/data/pokemon/species_info/gen_3_families.h:14012
DEOXYS_NORMAL,DEOXYS_SPEED,SPECIES_DEOXYS_SPEED,Alternativa/cosmética/batalha,Sim,Sim,Não,"BLOQUEADO(ITEM_METEORITE): FORM_CHANGE_ITEM_USE, SPECIES_DEOXYS_SPEED, ITEM_METEORITE",,src/data/pokemon/species_info/gen_3_families.h:14094
BURMY_PLANT,BURMY_SANDY,SPECIES_BURMY_SANDY,Alternativa/cosmética/batalha,Sim,Não,Não,Sem método de ativação definido,,src/data/pokemon/species_info/gen_4_families.h:1997
BURMY_PLANT,BURMY_TRASH,SPECIES_BURMY_TRASH,Alternativa/cosmética/batalha,Sim,Não,Não,Sem método de ativação definido,,src/data/pokemon/species_info/gen_4_families.h:2068
WORMADAM_PLANT,WORMADAM_SANDY,SPECIES_WORMADAM_SANDY,Alternativa/cosmética/batalha,Sim,Não,Não,Sem método de ativação definido,,src/data/pokemon/species_info/gen_4_families.h:2207
WORMADAM_PLANT,WORMADAM_TRASH,SPECIES_WORMADAM_TRASH,Alternativa/cosmética/batalha,Sim,Não,Não,Sem método de ativação definido,,src/data/pokemon/species_info/gen_4_families.h:2275
CHERRIM_OVERCAST,CHERRIM_SUNSHINE,SPECIES_CHERRIM_SUNSHINE,Alternativa/cosmética/batalha,Sim,Não,Não,Sem método de ativação definido,,src/data/pokemon/species_info/gen_4_families.h:2992
SHELLOS_WEST,SHELLOS_EAST,SPECIES_SHELLOS_EAST,Alternativa/cosmética/batalha,Sim,Sim,Sim,Encontro selvagem @ ROUTE33SOUTH_2 [src/data/wild_encounters.json],,src/data/pokemon/species_info/gen_4_families.h:3137
GASTRODON_WEST,GASTRODON_EAST,SPECIES_GASTRODON_EAST,Alternativa/cosmética/batalha,Sim,Sim,Sim,Encontro selvagem @ ROUTE33SOUTH [src/data/wild_encounters.json],,src/data/pokemon/species_info/gen_4_families.h:3271
ROTOM,ROTOM_HEAT,SPECIES_ROTOM_HEAT,Alternativa/cosmética/batalha,Sim,Sim,Sim,"FORM_CHANGE_MOVE, SPECIES_ROTOM_HEAT, MOVE_OVERHEAT, WHEN_LEARNED",,src/data/pokemon/species_info/gen_4_families.h:6098
ROTOM,ROTOM_WASH,SPECIES_ROTOM_WASH,Alternativa/cosmética/batalha,Sim,Sim,Sim,"FORM_CHANGE_MOVE, SPECIES_ROTOM_WASH, MOVE_HYDRO_PUMP, WHEN_LEARNED",,src/data/pokemon/species_info/gen_4_families.h:6175
ROTOM,ROTOM_FROST,SPECIES_ROTOM_FROST,Alternativa/cosmética/batalha,Sim,Sim,Sim,"FORM_CHANGE_MOVE, SPECIES_ROTOM_FROST, MOVE_BLIZZARD, WHEN_LEARNED",,src/data/pokemon/species_info/gen_4_families.h:6253
ROTOM,ROTOM_FAN,SPECIES_ROTOM_FAN,Alternativa/cosmética/batalha,Sim,Sim,Sim,"FORM_CHANGE_MOVE, SPECIES_ROTOM_FAN, MOVE_AIR_SLASH, WHEN_LEARNED",,src/data/pokemon/species_info/gen_4_families.h:6329
ROTOM,ROTOM_MOW,SPECIES_ROTOM_MOW,Alternativa/cosmética/batalha,Sim,Sim,Sim,"FORM_CHANGE_MOVE, SPECIES_ROTOM_MOW, MOVE_LEAF_STORM, WHEN_LEARNED",,src/data/pokemon/species_info/gen_4_families.h:6430
DIALGA,DIALGA_ORIGIN,SPECIES_DIALGA_ORIGIN,Alternativa/cosmética/batalha,Sim,Sim,Não,"BLOQUEADO(ITEM_ADAMANT_CRYSTAL): FORM_CHANGE_ITEM_HOLD, SPECIES_DIALGA_ORIGIN, ITEM_ADAMANT_CRYSTAL",,src/data/pokemon/species_info/gen_4_families.h:6839
PALKIA,PALKIA_ORIGIN,SPECIES_PALKIA_ORIGIN,Alternativa/cosmética/batalha,Sim,Sim,Não,"BLOQUEADO(ITEM_LUSTROUS_GLOBE): FORM_CHANGE_ITEM_HOLD, SPECIES_PALKIA_ORIGIN, ITEM_LUSTROUS_GLOBE",,src/data/pokemon/species_info/gen_4_families.h:7065
GIRATINA_ALTERED,GIRATINA_ORIGIN,SPECIES_GIRATINA_ORIGIN,Alternativa/cosmética/batalha,Sim,Sim,Sim,"FORM_CHANGE_ITEM_HOLD, SPECIES_GIRATINA_ORIGIN, ITEM_GRISEOUS_ORB",,src/data/pokemon/species_info/gen_4_families.h:7446
SHAYMIN_LAND,SHAYMIN_SKY,SPECIES_SHAYMIN_SKY,Alternativa/cosmética/batalha,Sim,Sim,Sim,"FORM_CHANGE_ITEM_USE, SPECIES_SHAYMIN_SKY, ITEM_GRACIDEA",,src/data/pokemon/species_info/gen_4_families.h:8011
ARCEUS_NORMAL,ARCEUS_FIGHTING,SPECIES_ARCEUS_FIGHTING,Alternativa/cosmética/batalha,Sim,Sim,Não,"BLOQUEADO(ITEM_FIST_PLATE): FORM_CHANGE_ITEM_HOLD, SPECIES_ARCEUS_FIGHTING, ITEM_FIST_PLATE, ABILITY_MULTITYPE",,src/data/pokemon/species_info/gen_4_families.h:8179
ARCEUS_NORMAL,ARCEUS_FLYING,SPECIES_ARCEUS_FLYING,Alternativa/cosmética/batalha,Sim,Sim,Não,"BLOQUEADO(ITEM_SKY_PLATE): FORM_CHANGE_ITEM_HOLD, SPECIES_ARCEUS_FLYING, ITEM_SKY_PLATE, ABILITY_MULTITYPE",,src/data/pokemon/species_info/gen_4_families.h:8180
ARCEUS_NORMAL,ARCEUS_POISON,SPECIES_ARCEUS_POISON,Alternativa/cosmética/batalha,Sim,Sim,Não,"BLOQUEADO(ITEM_TOXIC_PLATE): FORM_CHANGE_ITEM_HOLD, SPECIES_ARCEUS_POISON, ITEM_TOXIC_PLATE, ABILITY_MULTITYPE",,src/data/pokemon/species_info/gen_4_families.h:8181
ARCEUS_NORMAL,ARCEUS_GROUND,SPECIES_ARCEUS_GROUND,Alternativa/cosmética/batalha,Sim,Sim,Não,"BLOQUEADO(ITEM_EARTH_PLATE): FORM_CHANGE_ITEM_HOLD, SPECIES_ARCEUS_GROUND, ITEM_EARTH_PLATE, ABILITY_MULTITYPE",,src/data/pokemon/species_info/gen_4_families.h:8182
ARCEUS_NORMAL,ARCEUS_ROCK,SPECIES_ARCEUS_ROCK,Alternativa/cosmética/batalha,Sim,Sim,Não,"BLOQUEADO(ITEM_STONE_PLATE): FORM_CHANGE_ITEM_HOLD, SPECIES_ARCEUS_ROCK, ITEM_STONE_PLATE, ABILITY_MULTITYPE",,src/data/pokemon/species_info/gen_4_families.h:8183
ARCEUS_NORMAL,ARCEUS_BUG,SPECIES_ARCEUS_BUG,Alternativa/cosmética/batalha,Sim,Sim,Não,"BLOQUEADO(ITEM_INSECT_PLATE): FORM_CHANGE_ITEM_HOLD, SPECIES_ARCEUS_BUG, ITEM_INSECT_PLATE, ABILITY_MULTITYPE",,src/data/pokemon/species_info/gen_4_families.h:8184
ARCEUS_NORMAL,ARCEUS_GHOST,SPECIES_ARCEUS_GHOST,Alternativa/cosmética/batalha,Sim,Sim,Não,"BLOQUEADO(ITEM_SPOOKY_PLATE): FORM_CHANGE_ITEM_HOLD, SPECIES_ARCEUS_GHOST, ITEM_SPOOKY_PLATE, ABILITY_MULTITYPE",,src/data/pokemon/species_info/gen_4_families.h:8185
ARCEUS_NORMAL,ARCEUS_STEEL,SPECIES_ARCEUS_STEEL,Alternativa/cosmética/batalha,Sim,Sim,Não,"BLOQUEADO(ITEM_IRON_PLATE): FORM_CHANGE_ITEM_HOLD, SPECIES_ARCEUS_STEEL, ITEM_IRON_PLATE, ABILITY_MULTITYPE",,src/data/pokemon/species_info/gen_4_families.h:8186
ARCEUS_NORMAL,ARCEUS_FIRE,SPECIES_ARCEUS_FIRE,Alternativa/cosmética/batalha,Sim,Sim,Não,"BLOQUEADO(ITEM_FLAME_PLATE): FORM_CHANGE_ITEM_HOLD, SPECIES_ARCEUS_FIRE, ITEM_FLAME_PLATE, ABILITY_MULTITYPE",,src/data/pokemon/species_info/gen_4_families.h:8187
ARCEUS_NORMAL,ARCEUS_WATER,SPECIES_ARCEUS_WATER,Alternativa/cosmética/batalha,Sim,Sim,Não,"BLOQUEADO(ITEM_SPLASH_PLATE): FORM_CHANGE_ITEM_HOLD, SPECIES_ARCEUS_WATER, ITEM_SPLASH_PLATE, ABILITY_MULTITYPE",,src/data/pokemon/species_info/gen_4_families.h:8188
ARCEUS_NORMAL,ARCEUS_GRASS,SPECIES_ARCEUS_GRASS,Alternativa/cosmética/batalha,Sim,Sim,Não,"BLOQUEADO(ITEM_MEADOW_PLATE): FORM_CHANGE_ITEM_HOLD, SPECIES_ARCEUS_GRASS, ITEM_MEADOW_PLATE, ABILITY_MULTITYPE",,src/data/pokemon/species_info/gen_4_families.h:8189
ARCEUS_NORMAL,ARCEUS_ELECTRIC,SPECIES_ARCEUS_ELECTRIC,Alternativa/cosmética/batalha,Sim,Sim,Não,"BLOQUEADO(ITEM_ZAP_PLATE): FORM_CHANGE_ITEM_HOLD, SPECIES_ARCEUS_ELECTRIC, ITEM_ZAP_PLATE, ABILITY_MULTITYPE",,src/data/pokemon/species_info/gen_4_families.h:8190
ARCEUS_NORMAL,ARCEUS_PSYCHIC,SPECIES_ARCEUS_PSYCHIC,Alternativa/cosmética/batalha,Sim,Sim,Não,"BLOQUEADO(ITEM_MIND_PLATE): FORM_CHANGE_ITEM_HOLD, SPECIES_ARCEUS_PSYCHIC, ITEM_MIND_PLATE, ABILITY_MULTITYPE",,src/data/pokemon/species_info/gen_4_families.h:8191
ARCEUS_NORMAL,ARCEUS_ICE,SPECIES_ARCEUS_ICE,Alternativa/cosmética/batalha,Sim,Sim,Não,"BLOQUEADO(ITEM_ICICLE_PLATE): FORM_CHANGE_ITEM_HOLD, SPECIES_ARCEUS_ICE, ITEM_ICICLE_PLATE, ABILITY_MULTITYPE",,src/data/pokemon/species_info/gen_4_families.h:8192
ARCEUS_NORMAL,ARCEUS_DRAGON,SPECIES_ARCEUS_DRAGON,Alternativa/cosmética/batalha,Sim,Sim,Não,"BLOQUEADO(ITEM_DRACO_PLATE): FORM_CHANGE_ITEM_HOLD, SPECIES_ARCEUS_DRAGON, ITEM_DRACO_PLATE, ABILITY_MULTITYPE",,src/data/pokemon/species_info/gen_4_families.h:8193
ARCEUS_NORMAL,ARCEUS_DARK,SPECIES_ARCEUS_DARK,Alternativa/cosmética/batalha,Sim,Sim,Não,"BLOQUEADO(ITEM_DREAD_PLATE): FORM_CHANGE_ITEM_HOLD, SPECIES_ARCEUS_DARK, ITEM_DREAD_PLATE, ABILITY_MULTITYPE",,src/data/pokemon/species_info/gen_4_families.h:8194
ARCEUS_NORMAL,ARCEUS_FAIRY,SPECIES_ARCEUS_FAIRY,Alternativa/cosmética/batalha,Sim,Sim,Não,"BLOQUEADO(ITEM_PIXIE_PLATE): FORM_CHANGE_ITEM_HOLD, SPECIES_ARCEUS_FAIRY, ITEM_PIXIE_PLATE, ABILITY_MULTITYPE",,src/data/pokemon/species_info/gen_4_families.h:8195
BASCULIN_RED_STRIPED,BASCULIN_BLUE_STRIPED,SPECIES_BASCULIN_BLUE_STRIPED,Alternativa/cosmética/batalha,Sim,Sim,Sim,Encontro selvagem @ ROUTE32 [src/data/wild_encounters.json],,src/data/pokemon/species_info/gen_5_families.h:4657
BASCULIN_RED_STRIPED,BASCULIN_WHITE_STRIPED,SPECIES_BASCULIN_WHITE_STRIPED,Alternativa/cosmética/batalha,Sim,Sim,Sim,Encontro selvagem @ WHIRL_ISLANDS_B1F [src/data/wild_encounters.json],,src/data/pokemon/species_info/gen_5_families.h:4727
DARMANITAN_STANDARD,DARMANITAN_ZEN,SPECIES_DARMANITAN_ZEN,Alternativa/cosmética/batalha,Sim,Sim,Não,HP baixo em batalha,HP baixo em batalha,src/data/pokemon/species_info/gen_5_families.h:5300
DARMANITAN_STANDARD,DARMANITAN_GALAR_ZEN,SPECIES_DARMANITAN_GALAR_ZEN,Regional (Galar),Sim,Sim,Não,HP baixo em batalha,HP baixo em batalha,src/data/pokemon/species_info/gen_5_families.h:5498
DEERLING_SPRING,DEERLING_SUMMER,SPECIES_DEERLING_SUMMER,Alternativa/cosmética/batalha,Sim,Não,Não,Sem método de ativação definido,,src/data/pokemon/species_info/gen_5_families.h:8183
DEERLING_SPRING,DEERLING_AUTUMN,SPECIES_DEERLING_AUTUMN,Alternativa/cosmética/batalha,Sim,Não,Não,Sem método de ativação definido,,src/data/pokemon/species_info/gen_5_families.h:8250
DEERLING_SPRING,DEERLING_WINTER,SPECIES_DEERLING_WINTER,Alternativa/cosmética/batalha,Sim,Não,Não,Sem método de ativação definido,,src/data/pokemon/species_info/gen_5_families.h:8317
SAWSBUCK_SPRING,SAWSBUCK_SUMMER,SPECIES_SAWSBUCK_SUMMER,Alternativa/cosmética/batalha,Sim,Não,Não,Sem método de ativação definido,,src/data/pokemon/species_info/gen_5_families.h:8449
SAWSBUCK_SPRING,SAWSBUCK_AUTUMN,SPECIES_SAWSBUCK_AUTUMN,Alternativa/cosmética/batalha,Sim,Não,Não,Sem método de ativação definido,,src/data/pokemon/species_info/gen_5_families.h:8514
SAWSBUCK_SPRING,SAWSBUCK_WINTER,SPECIES_SAWSBUCK_WINTER,Alternativa/cosmética/batalha,Sim,Não,Não,Sem método de ativação definido,,src/data/pokemon/species_info/gen_5_families.h:8579
TORNADUS_INCARNATE,TORNADUS_THERIAN,SPECIES_TORNADUS_THERIAN,Alternativa/cosmética/batalha,Sim,Sim,Sim,"FORM_CHANGE_ITEM_USE, SPECIES_TORNADUS_THERIAN, ITEM_REVEAL_GLASS",,src/data/pokemon/species_info/gen_5_families.h:13158
THUNDURUS_INCARNATE,THUNDURUS_THERIAN,SPECIES_THUNDURUS_THERIAN,Alternativa/cosmética/batalha,Sim,Sim,Sim,"FORM_CHANGE_ITEM_USE, SPECIES_THUNDURUS_THERIAN, ITEM_REVEAL_GLASS",,src/data/pokemon/species_info/gen_5_families.h:13328
LANDORUS_INCARNATE,LANDORUS_THERIAN,SPECIES_LANDORUS_THERIAN,Alternativa/cosmética/batalha,Sim,Sim,Sim,"FORM_CHANGE_ITEM_USE, SPECIES_LANDORUS_THERIAN, ITEM_REVEAL_GLASS",,src/data/pokemon/species_info/gen_5_families.h:13656
ENAMORUS_INCARNATE,ENAMORUS_THERIAN,SPECIES_ENAMORUS_THERIAN,Alternativa/cosmética/batalha,Sim,Sim,Sim,"FORM_CHANGE_ITEM_USE, SPECIES_ENAMORUS_THERIAN, ITEM_REVEAL_GLASS",,src/data/pokemon/species_info/gen_8_families.h:8485
KYUREM,KYUREM_WHITE,SPECIES_KYUREM_WHITE,Alternativa/cosmética/batalha,Sim,Sim,Não,Sem método de ativação definido,,src/data/pokemon/species_info/gen_5_families.h:13811
KYUREM,KYUREM_BLACK,SPECIES_KYUREM_BLACK,Alternativa/cosmética/batalha,Sim,Sim,Não,Sem método de ativação definido,,src/data/pokemon/species_info/gen_5_families.h:13885
KELDEO_ORDINARY,KELDEO_RESOLUTE,SPECIES_KELDEO_RESOLUTE,Alternativa/cosmética/batalha,Sim,Sim,Sim,"FORM_CHANGE_MOVE, SPECIES_KELDEO_RESOLUTE, MOVE_SECRET_SWORD, WHEN_LEARNED",,src/data/pokemon/species_info/gen_5_families.h:14035
MELOETTA_ARIA,MELOETTA_PIROUETTE,SPECIES_MELOETTA_PIROUETTE,Alternativa/cosmética/batalha,Sim,Sim,Não,Após o golpe (batalha),Após o golpe (batalha),src/data/pokemon/species_info/gen_5_families.h:14187
GENESECT,GENESECT_DOUSE,SPECIES_GENESECT_DOUSE,Alternativa/cosmética/batalha,Sim,Sim,Não,"BLOQUEADO(ITEM_DOUSE_DRIVE): FORM_CHANGE_ITEM_HOLD, SPECIES_GENESECT_DOUSE, ITEM_DOUSE_DRIVE",,src/data/pokemon/species_info/gen_5_families.h:14340
GENESECT,GENESECT_SHOCK,SPECIES_GENESECT_SHOCK,Alternativa/cosmética/batalha,Sim,Sim,Não,"BLOQUEADO(ITEM_SHOCK_DRIVE): FORM_CHANGE_ITEM_HOLD, SPECIES_GENESECT_SHOCK, ITEM_SHOCK_DRIVE",,src/data/pokemon/species_info/gen_5_families.h:14341
GENESECT,GENESECT_BURN,SPECIES_GENESECT_BURN,Alternativa/cosmética/batalha,Sim,Sim,Não,"BLOQUEADO(ITEM_BURN_DRIVE): FORM_CHANGE_ITEM_HOLD, SPECIES_GENESECT_BURN, ITEM_BURN_DRIVE",,src/data/pokemon/species_info/gen_5_families.h:14342
GENESECT,GENESECT_CHILL,SPECIES_GENESECT_CHILL,Alternativa/cosmética/batalha,Sim,Sim,Não,"BLOQUEADO(ITEM_CHILL_DRIVE): FORM_CHANGE_ITEM_HOLD, SPECIES_GENESECT_CHILL, ITEM_CHILL_DRIVE",,src/data/pokemon/species_info/gen_5_families.h:14343
GRENINJA,GRENINJA_BATTLE_BOND,SPECIES_GRENINJA_BATTLE_BOND,Alternativa/cosmética/batalha,Sim,Sim,Sim,Presente de NPC @ ROUTE40_HOUSE4 [data/maps/Route40_House4/scripts.inc:210],,src/data/pokemon/species_info/gen_6_families.h:775
GRENINJA,GRENINJA_ASH,SPECIES_GRENINJA_ASH,Alternativa/cosmética/batalha,Sim,Sim,Não,Battle Bond,Battle Bond,src/data/pokemon/species_info/gen_6_families.h:839
VIVILLON_ICY_SNOW,VIVILLON_POLAR,SPECIES_VIVILLON_POLAR,Alternativa/cosmética/batalha,Sim,Não,Não,Sem método de ativação definido,,src/data/pokemon/species_info/gen_6_families.h:1574
VIVILLON_ICY_SNOW,VIVILLON_TUNDRA,SPECIES_VIVILLON_TUNDRA,Alternativa/cosmética/batalha,Sim,Não,Não,Sem método de ativação definido,,src/data/pokemon/species_info/gen_6_families.h:1584
VIVILLON_ICY_SNOW,VIVILLON_CONTINENTAL,SPECIES_VIVILLON_CONTINENTAL,Alternativa/cosmética/batalha,Sim,Não,Não,Sem método de ativação definido,,src/data/pokemon/species_info/gen_6_families.h:1594
VIVILLON_ICY_SNOW,VIVILLON_GARDEN,SPECIES_VIVILLON_GARDEN,Alternativa/cosmética/batalha,Sim,Não,Não,Sem método de ativação definido,,src/data/pokemon/species_info/gen_6_families.h:1604
VIVILLON_ICY_SNOW,VIVILLON_ELEGANT,SPECIES_VIVILLON_ELEGANT,Alternativa/cosmética/batalha,Sim,Não,Não,Sem método de ativação definido,,src/data/pokemon/species_info/gen_6_families.h:1614
VIVILLON_ICY_SNOW,VIVILLON_MEADOW,SPECIES_VIVILLON_MEADOW,Alternativa/cosmética/batalha,Sim,Não,Não,Sem método de ativação definido,,src/data/pokemon/species_info/gen_6_families.h:1624
VIVILLON_ICY_SNOW,VIVILLON_MODERN,SPECIES_VIVILLON_MODERN,Alternativa/cosmética/batalha,Sim,Não,Não,Sem método de ativação definido,,src/data/pokemon/species_info/gen_6_families.h:1634
VIVILLON_ICY_SNOW,VIVILLON_MARINE,SPECIES_VIVILLON_MARINE,Alternativa/cosmética/batalha,Sim,Não,Não,Sem método de ativação definido,,src/data/pokemon/species_info/gen_6_families.h:1644
VIVILLON_ICY_SNOW,VIVILLON_ARCHIPELAGO,SPECIES_VIVILLON_ARCHIPELAGO,Alternativa/cosmética/batalha,Sim,Não,Não,Sem método de ativação definido,,src/data/pokemon/species_info/gen_6_families.h:1654
VIVILLON_ICY_SNOW,VIVILLON_HIGH_PLAINS,SPECIES_VIVILLON_HIGH_PLAINS,Alternativa/cosmética/batalha,Sim,Não,Não,Sem método de ativação definido,,src/data/pokemon/species_info/gen_6_families.h:1664
VIVILLON_ICY_SNOW,VIVILLON_SANDSTORM,SPECIES_VIVILLON_SANDSTORM,Alternativa/cosmética/batalha,Sim,Não,Não,Sem método de ativação definido,,src/data/pokemon/species_info/gen_6_families.h:1674
VIVILLON_ICY_SNOW,VIVILLON_RIVER,SPECIES_VIVILLON_RIVER,Alternativa/cosmética/batalha,Sim,Não,Não,Sem método de ativação definido,,src/data/pokemon/species_info/gen_6_families.h:1684
VIVILLON_ICY_SNOW,VIVILLON_MONSOON,SPECIES_VIVILLON_MONSOON,Alternativa/cosmética/batalha,Sim,Não,Não,Sem método de ativação definido,,src/data/pokemon/species_info/gen_6_families.h:1694
VIVILLON_ICY_SNOW,VIVILLON_SAVANNA,SPECIES_VIVILLON_SAVANNA,Alternativa/cosmética/batalha,Sim,Não,Não,Sem método de ativação definido,,src/data/pokemon/species_info/gen_6_families.h:1704
VIVILLON_ICY_SNOW,VIVILLON_SUN,SPECIES_VIVILLON_SUN,Alternativa/cosmética/batalha,Sim,Não,Não,Sem método de ativação definido,,src/data/pokemon/species_info/gen_6_families.h:1714
VIVILLON_ICY_SNOW,VIVILLON_OCEAN,SPECIES_VIVILLON_OCEAN,Alternativa/cosmética/batalha,Sim,Não,Não,Sem método de ativação definido,,src/data/pokemon/species_info/gen_6_families.h:1724
VIVILLON_ICY_SNOW,VIVILLON_JUNGLE,SPECIES_VIVILLON_JUNGLE,Alternativa/cosmética/batalha,Sim,Não,Não,Sem método de ativação definido,,src/data/pokemon/species_info/gen_6_families.h:1734
VIVILLON_ICY_SNOW,VIVILLON_FANCY,SPECIES_VIVILLON_FANCY,Alternativa/cosmética/batalha,Sim,Não,Não,Sem método de ativação definido,,src/data/pokemon/species_info/gen_6_families.h:1744
VIVILLON_ICY_SNOW,VIVILLON_POKEBALL,SPECIES_VIVILLON_POKEBALL,Alternativa/cosmética/batalha,Sim,Não,Não,Sem método de ativação definido,,src/data/pokemon/species_info/gen_6_families.h:1754
FLABEBE_RED,FLABEBE_YELLOW,SPECIES_FLABEBE_YELLOW,Alternativa/cosmética/batalha,Sim,Sim,Sim,breeding: egg from SPECIES_FLOETTE_YELLOW,,src/data/pokemon/species_info/gen_6_families.h:2057
FLABEBE_RED,FLABEBE_ORANGE,SPECIES_FLABEBE_ORANGE,Alternativa/cosmética/batalha,Sim,Sim,Sim,breeding: egg from SPECIES_FLOETTE_ORANGE,,src/data/pokemon/species_info/gen_6_families.h:2067
FLABEBE_RED,FLABEBE_BLUE,SPECIES_FLABEBE_BLUE,Alternativa/cosmética/batalha,Sim,Sim,Sim,breeding: egg from SPECIES_FLOETTE_BLUE,,src/data/pokemon/species_info/gen_6_families.h:2077
FLABEBE_RED,FLABEBE_WHITE,SPECIES_FLABEBE_WHITE,Alternativa/cosmética/batalha,Sim,Sim,Sim,breeding: egg from SPECIES_FLOETTE_WHITE,,src/data/pokemon/species_info/gen_6_families.h:2087
FLOETTE_RED,FLOETTE_YELLOW,SPECIES_FLOETTE_YELLOW,Alternativa/cosmética/batalha,Sim,Sim,Sim,Encontro selvagem @ TOHJO_PASS [src/data/wild_encounters.json],,src/data/pokemon/species_info/gen_6_families.h:2171
FLOETTE_RED,FLOETTE_ORANGE,SPECIES_FLOETTE_ORANGE,Alternativa/cosmética/batalha,Sim,Sim,Sim,Encontro selvagem @ TOHJO_PASS [src/data/wild_encounters.json],,src/data/pokemon/species_info/gen_6_families.h:2181
FLOETTE_RED,FLOETTE_BLUE,SPECIES_FLOETTE_BLUE,Alternativa/cosmética/batalha,Sim,Sim,Sim,Encontro selvagem @ TOHJO_PASS [src/data/wild_encounters.json],,src/data/pokemon/species_info/gen_6_families.h:2191
FLOETTE_RED,FLOETTE_WHITE,SPECIES_FLOETTE_WHITE,Alternativa/cosmética/batalha,Sim,Sim,Sim,Encontro selvagem @ TOHJO_PASS [src/data/wild_encounters.json],,src/data/pokemon/species_info/gen_6_families.h:2201
FLOETTE_RED,FLOETTE_ETERNAL,SPECIES_FLOETTE_ETERNAL,Alternativa/cosmética/batalha,Sim,Sim,Sim,Presente de NPC @ ROUTE40_HOUSE4 [data/maps/Route40_House4/scripts.inc:258],,src/data/pokemon/species_info/gen_6_families.h:2211
FLORGES_RED,FLORGES_YELLOW,SPECIES_FLORGES_YELLOW,Alternativa/cosmética/batalha,Sim,Sim,Sim,"evolution: from SPECIES_FLOETTE_YELLOW : EVO_ITEM, ITEM_SHINY_STONE, SPECIES_FLORGES_YELLOW",,src/data/pokemon/species_info/gen_6_families.h:2309
FLORGES_RED,FLORGES_ORANGE,SPECIES_FLORGES_ORANGE,Alternativa/cosmética/batalha,Sim,Sim,Sim,"evolution: from SPECIES_FLOETTE_ORANGE : EVO_ITEM, ITEM_SHINY_STONE, SPECIES_FLORGES_ORANGE",,src/data/pokemon/species_info/gen_6_families.h:2319
FLORGES_RED,FLORGES_BLUE,SPECIES_FLORGES_BLUE,Alternativa/cosmética/batalha,Sim,Sim,Sim,"evolution: from SPECIES_FLOETTE_BLUE : EVO_ITEM, ITEM_SHINY_STONE, SPECIES_FLORGES_BLUE",,src/data/pokemon/species_info/gen_6_families.h:2329
FLORGES_RED,FLORGES_WHITE,SPECIES_FLORGES_WHITE,Alternativa/cosmética/batalha,Sim,Sim,Sim,"evolution: from SPECIES_FLOETTE_WHITE : EVO_ITEM, ITEM_SHINY_STONE, SPECIES_FLORGES_WHITE",,src/data/pokemon/species_info/gen_6_families.h:2338
FURFROU_NATURAL,FURFROU_HEART,SPECIES_FURFROU_HEART,Alternativa/cosmética/batalha,Sim,Não,Não,Sem método de ativação definido,,src/data/pokemon/species_info/gen_6_families.h:2763
FURFROU_NATURAL,FURFROU_STAR,SPECIES_FURFROU_STAR,Alternativa/cosmética/batalha,Sim,Não,Não,Sem método de ativação definido,,src/data/pokemon/species_info/gen_6_families.h:2764
FURFROU_NATURAL,FURFROU_DIAMOND,SPECIES_FURFROU_DIAMOND,Alternativa/cosmética/batalha,Sim,Não,Não,Sem método de ativação definido,,src/data/pokemon/species_info/gen_6_families.h:2765
FURFROU_NATURAL,FURFROU_DEBUTANTE,SPECIES_FURFROU_DEBUTANTE,Alternativa/cosmética/batalha,Sim,Não,Não,Sem método de ativação definido,,src/data/pokemon/species_info/gen_6_families.h:2766
FURFROU_NATURAL,FURFROU_MATRON,SPECIES_FURFROU_MATRON,Alternativa/cosmética/batalha,Sim,Não,Não,Sem método de ativação definido,,src/data/pokemon/species_info/gen_6_families.h:2767
FURFROU_NATURAL,FURFROU_DANDY,SPECIES_FURFROU_DANDY,Alternativa/cosmética/batalha,Sim,Não,Não,Sem método de ativação definido,,src/data/pokemon/species_info/gen_6_families.h:2768
FURFROU_NATURAL,FURFROU_LA_REINE,SPECIES_FURFROU_LA_REINE,Alternativa/cosmética/batalha,Sim,Não,Não,Sem método de ativação definido,,src/data/pokemon/species_info/gen_6_families.h:2769
FURFROU_NATURAL,FURFROU_KABUKI,SPECIES_FURFROU_KABUKI,Alternativa/cosmética/batalha,Sim,Não,Não,Sem método de ativação definido,,src/data/pokemon/species_info/gen_6_families.h:2770
FURFROU_NATURAL,FURFROU_PHARAOH,SPECIES_FURFROU_PHARAOH,Alternativa/cosmética/batalha,Sim,Não,Não,Sem método de ativação definido,,src/data/pokemon/species_info/gen_6_families.h:2771
MEOWSTIC_M,MEOWSTIC_F,SPECIES_MEOWSTIC_F,Alternativa/cosmética/batalha,Sim,Sim,Sim,Hidden Grotto @ HIDDEN_GROTTO_ROUTE38 [src/hidden_grotto.c],,src/data/pokemon/species_info/gen_6_families.h:2918
AEGISLASH_SHIELD,AEGISLASH_BLADE,SPECIES_AEGISLASH_BLADE,Alternativa/cosmética/batalha,Sim,Sim,Não,Antes do golpe (batalha); Antes do golpe (batalha),Antes do golpe (batalha),src/data/pokemon/species_info/gen_6_families.h:3329
PUMPKABOO_AVERAGE,PUMPKABOO_SMALL,SPECIES_PUMPKABOO_SMALL,Alternativa/cosmética/batalha,Sim,Não,Não,Sem método de ativação definido,,src/data/pokemon/species_info/gen_6_families.h:5857
PUMPKABOO_AVERAGE,PUMPKABOO_LARGE,SPECIES_PUMPKABOO_LARGE,Alternativa/cosmética/batalha,Sim,Não,Não,Sem método de ativação definido,,src/data/pokemon/species_info/gen_6_families.h:5924
PUMPKABOO_AVERAGE,PUMPKABOO_SUPER,SPECIES_PUMPKABOO_SUPER,Alternativa/cosmética/batalha,Sim,Não,Não,Sem método de ativação definido,,src/data/pokemon/species_info/gen_6_families.h:5991
GOURGEIST_AVERAGE,GOURGEIST_SMALL,SPECIES_GOURGEIST_SMALL,Alternativa/cosmética/batalha,Sim,Não,Não,Sem método de ativação definido,,src/data/pokemon/species_info/gen_6_families.h:6125
GOURGEIST_AVERAGE,GOURGEIST_LARGE,SPECIES_GOURGEIST_LARGE,Alternativa/cosmética/batalha,Sim,Não,Não,Sem método de ativação definido,,src/data/pokemon/species_info/gen_6_families.h:6190
GOURGEIST_AVERAGE,GOURGEIST_SUPER,SPECIES_GOURGEIST_SUPER,Alternativa/cosmética/batalha,Sim,Não,Não,Sem método de ativação definido,,src/data/pokemon/species_info/gen_6_families.h:6255
XERNEAS_NEUTRAL,XERNEAS_ACTIVE,SPECIES_XERNEAS_ACTIVE,Alternativa/cosmética/batalha,Sim,Sim,Não,Início de batalha,Início de batalha,src/data/pokemon/species_info/gen_6_families.h:6767
ZYGARDE_50,ZYGARDE_10_AURA_BREAK,SPECIES_ZYGARDE_10_AURA_BREAK,Alternativa/cosmética/batalha,Sim,Sim,Não,"BLOQUEADO(ITEM_ZYGARDE_CUBE): FORM_CHANGE_ITEM_USE_MULTICHOICE, SPECIES_ZYGARDE_10_AURA_BREAK, ITEM_ZYGARDE_CUBE, 0",,src/data/pokemon/species_info/gen_6_families.h:7045
ZYGARDE_50,ZYGARDE_10_POWER_CONSTRUCT,SPECIES_ZYGARDE_10_POWER_CONSTRUCT,Alternativa/cosmética/batalha,Sim,Sim,Não,"BLOQUEADO(ITEM_ZYGARDE_CUBE): FORM_CHANGE_ITEM_USE_MULTICHOICE, SPECIES_ZYGARDE_10_POWER_CONSTRUCT, ITEM_ZYGARDE_CUBE, 1",,src/data/pokemon/species_info/gen_6_families.h:7112
ZYGARDE_50,ZYGARDE_50_POWER_CONSTRUCT,SPECIES_ZYGARDE_50_POWER_CONSTRUCT,Alternativa/cosmética/batalha,Sim,Sim,Não,"BLOQUEADO(ITEM_ZYGARDE_CUBE): FORM_CHANGE_ITEM_USE_MULTICHOICE, SPECIES_ZYGARDE_50_POWER_CONSTRUCT, ITEM_ZYGARDE_CUBE, 1",,src/data/pokemon/species_info/gen_6_families.h:6978
ZYGARDE_50,ZYGARDE_COMPLETE,SPECIES_ZYGARDE_COMPLETE,Alternativa/cosmética/batalha,Sim,Sim,Não,HP baixo em batalha; HP baixo em batalha,HP baixo em batalha,src/data/pokemon/species_info/gen_6_families.h:7179
HOOPA_CONFINED,HOOPA_UNBOUND,SPECIES_HOOPA_UNBOUND,Alternativa/cosmética/batalha,Sim,Sim,Sim,"FORM_CHANGE_ITEM_USE, SPECIES_HOOPA_UNBOUND, ITEM_PRISON_BOTTLE",,src/data/pokemon/species_info/gen_6_families.h:7557
ORICORIO_BAILE,ORICORIO_POM_POM,SPECIES_ORICORIO_POM_POM,Alternativa/cosmética/batalha,Sim,Sim,Sim,"FORM_CHANGE_ITEM_USE, SPECIES_ORICORIO_POM_POM, ITEM_YELLOW_NECTAR",,src/data/pokemon/species_info/gen_7_families.h:1745
ORICORIO_BAILE,ORICORIO_PAU,SPECIES_ORICORIO_PAU,Alternativa/cosmética/batalha,Sim,Sim,Sim,"FORM_CHANGE_ITEM_USE, SPECIES_ORICORIO_PAU, ITEM_PINK_NECTAR",,src/data/pokemon/species_info/gen_7_families.h:1821
ORICORIO_BAILE,ORICORIO_SENSU,SPECIES_ORICORIO_SENSU,Alternativa/cosmética/batalha,Sim,Sim,Sim,Encontro selvagem @ ROUTE47 [src/data/wild_encounters.json],,src/data/pokemon/species_info/gen_7_families.h:1897
ROCKRUFF,ROCKRUFF_OWN_TEMPO,SPECIES_ROCKRUFF_OWN_TEMPO,Alternativa/cosmética/batalha,Sim,Sim,Sim,Hidden Grotto @ HIDDEN_GROTTO_GOLDENROD_SHORE [src/hidden_grotto.c],,src/data/pokemon/species_info/gen_7_families.h:2271
LYCANROC_MIDDAY,LYCANROC_MIDNIGHT,SPECIES_LYCANROC_MIDNIGHT,Alternativa/cosmética/batalha,Sim,Sim,Sim,Encontro selvagem @ MT_SILVER_1F_ITEM_ROOM [src/data/wild_encounters.json],,src/data/pokemon/species_info/gen_7_families.h:2404
LYCANROC_MIDDAY,LYCANROC_DUSK,SPECIES_LYCANROC_DUSK,Alternativa/cosmética/batalha,Sim,Sim,Sim,Encontro selvagem @ MT_SILVER_1F_WATERFALL_ROOM [src/data/wild_encounters.json],,src/data/pokemon/species_info/gen_7_families.h:2473
WISHIWASHI_SOLO,WISHIWASHI_SCHOOL,SPECIES_WISHIWASHI_SCHOOL,Alternativa/cosmética/batalha,Sim,Não,Não,HP baixo em batalha,HP baixo em batalha,src/data/pokemon/species_info/gen_7_families.h:2620
SILVALLY_NORMAL,SILVALLY_FIGHTING,SPECIES_SILVALLY_FIGHTING,Alternativa/cosmética/batalha,Sim,Não,Não,"BLOQUEADO(ITEM_FIGHTING_MEMORY): FORM_CHANGE_ITEM_HOLD, SPECIES_SILVALLY_FIGHTING, ITEM_FIGHTING_MEMORY, ABILITY_RKS_SYSTEM",,src/data/pokemon/species_info/gen_7_families.h:4832
SILVALLY_NORMAL,SILVALLY_FLYING,SPECIES_SILVALLY_FLYING,Alternativa/cosmética/batalha,Sim,Não,Não,"BLOQUEADO(ITEM_FLYING_MEMORY): FORM_CHANGE_ITEM_HOLD, SPECIES_SILVALLY_FLYING, ITEM_FLYING_MEMORY, ABILITY_RKS_SYSTEM",,src/data/pokemon/species_info/gen_7_families.h:4833
SILVALLY_NORMAL,SILVALLY_POISON,SPECIES_SILVALLY_POISON,Alternativa/cosmética/batalha,Sim,Não,Não,"BLOQUEADO(ITEM_POISON_MEMORY): FORM_CHANGE_ITEM_HOLD, SPECIES_SILVALLY_POISON, ITEM_POISON_MEMORY, ABILITY_RKS_SYSTEM",,src/data/pokemon/species_info/gen_7_families.h:4834
SILVALLY_NORMAL,SILVALLY_GROUND,SPECIES_SILVALLY_GROUND,Alternativa/cosmética/batalha,Sim,Não,Não,"BLOQUEADO(ITEM_GROUND_MEMORY): FORM_CHANGE_ITEM_HOLD, SPECIES_SILVALLY_GROUND, ITEM_GROUND_MEMORY, ABILITY_RKS_SYSTEM",,src/data/pokemon/species_info/gen_7_families.h:4835
SILVALLY_NORMAL,SILVALLY_ROCK,SPECIES_SILVALLY_ROCK,Alternativa/cosmética/batalha,Sim,Não,Não,"BLOQUEADO(ITEM_ROCK_MEMORY): FORM_CHANGE_ITEM_HOLD, SPECIES_SILVALLY_ROCK, ITEM_ROCK_MEMORY, ABILITY_RKS_SYSTEM",,src/data/pokemon/species_info/gen_7_families.h:4836
SILVALLY_NORMAL,SILVALLY_BUG,SPECIES_SILVALLY_BUG,Alternativa/cosmética/batalha,Sim,Não,Não,"BLOQUEADO(ITEM_BUG_MEMORY): FORM_CHANGE_ITEM_HOLD, SPECIES_SILVALLY_BUG, ITEM_BUG_MEMORY, ABILITY_RKS_SYSTEM",,src/data/pokemon/species_info/gen_7_families.h:4837
SILVALLY_NORMAL,SILVALLY_GHOST,SPECIES_SILVALLY_GHOST,Alternativa/cosmética/batalha,Sim,Não,Não,"BLOQUEADO(ITEM_GHOST_MEMORY): FORM_CHANGE_ITEM_HOLD, SPECIES_SILVALLY_GHOST, ITEM_GHOST_MEMORY, ABILITY_RKS_SYSTEM",,src/data/pokemon/species_info/gen_7_families.h:4838
SILVALLY_NORMAL,SILVALLY_STEEL,SPECIES_SILVALLY_STEEL,Alternativa/cosmética/batalha,Sim,Não,Não,"BLOQUEADO(ITEM_STEEL_MEMORY): FORM_CHANGE_ITEM_HOLD, SPECIES_SILVALLY_STEEL, ITEM_STEEL_MEMORY, ABILITY_RKS_SYSTEM",,src/data/pokemon/species_info/gen_7_families.h:4839
SILVALLY_NORMAL,SILVALLY_FIRE,SPECIES_SILVALLY_FIRE,Alternativa/cosmética/batalha,Sim,Não,Não,"BLOQUEADO(ITEM_FIRE_MEMORY): FORM_CHANGE_ITEM_HOLD, SPECIES_SILVALLY_FIRE, ITEM_FIRE_MEMORY, ABILITY_RKS_SYSTEM",,src/data/pokemon/species_info/gen_7_families.h:4840
SILVALLY_NORMAL,SILVALLY_WATER,SPECIES_SILVALLY_WATER,Alternativa/cosmética/batalha,Sim,Não,Não,"BLOQUEADO(ITEM_WATER_MEMORY): FORM_CHANGE_ITEM_HOLD, SPECIES_SILVALLY_WATER, ITEM_WATER_MEMORY, ABILITY_RKS_SYSTEM",,src/data/pokemon/species_info/gen_7_families.h:4841
SILVALLY_NORMAL,SILVALLY_GRASS,SPECIES_SILVALLY_GRASS,Alternativa/cosmética/batalha,Sim,Não,Não,"BLOQUEADO(ITEM_GRASS_MEMORY): FORM_CHANGE_ITEM_HOLD, SPECIES_SILVALLY_GRASS, ITEM_GRASS_MEMORY, ABILITY_RKS_SYSTEM",,src/data/pokemon/species_info/gen_7_families.h:4842
SILVALLY_NORMAL,SILVALLY_ELECTRIC,SPECIES_SILVALLY_ELECTRIC,Alternativa/cosmética/batalha,Sim,Não,Não,"BLOQUEADO(ITEM_ELECTRIC_MEMORY): FORM_CHANGE_ITEM_HOLD, SPECIES_SILVALLY_ELECTRIC, ITEM_ELECTRIC_MEMORY, ABILITY_RKS_SYSTEM",,src/data/pokemon/species_info/gen_7_families.h:4843
SILVALLY_NORMAL,SILVALLY_PSYCHIC,SPECIES_SILVALLY_PSYCHIC,Alternativa/cosmética/batalha,Sim,Não,Não,"BLOQUEADO(ITEM_PSYCHIC_MEMORY): FORM_CHANGE_ITEM_HOLD, SPECIES_SILVALLY_PSYCHIC, ITEM_PSYCHIC_MEMORY, ABILITY_RKS_SYSTEM",,src/data/pokemon/species_info/gen_7_families.h:4844
SILVALLY_NORMAL,SILVALLY_ICE,SPECIES_SILVALLY_ICE,Alternativa/cosmética/batalha,Sim,Não,Não,"BLOQUEADO(ITEM_ICE_MEMORY): FORM_CHANGE_ITEM_HOLD, SPECIES_SILVALLY_ICE, ITEM_ICE_MEMORY, ABILITY_RKS_SYSTEM",,src/data/pokemon/species_info/gen_7_families.h:4845
SILVALLY_NORMAL,SILVALLY_DRAGON,SPECIES_SILVALLY_DRAGON,Alternativa/cosmética/batalha,Sim,Não,Não,"BLOQUEADO(ITEM_DRAGON_MEMORY): FORM_CHANGE_ITEM_HOLD, SPECIES_SILVALLY_DRAGON, ITEM_DRAGON_MEMORY, ABILITY_RKS_SYSTEM",,src/data/pokemon/species_info/gen_7_families.h:4846
SILVALLY_NORMAL,SILVALLY_DARK,SPECIES_SILVALLY_DARK,Alternativa/cosmética/batalha,Sim,Não,Não,"BLOQUEADO(ITEM_DARK_MEMORY): FORM_CHANGE_ITEM_HOLD, SPECIES_SILVALLY_DARK, ITEM_DARK_MEMORY, ABILITY_RKS_SYSTEM",,src/data/pokemon/species_info/gen_7_families.h:4847
SILVALLY_NORMAL,SILVALLY_FAIRY,SPECIES_SILVALLY_FAIRY,Alternativa/cosmética/batalha,Sim,Não,Não,"BLOQUEADO(ITEM_FAIRY_MEMORY): FORM_CHANGE_ITEM_HOLD, SPECIES_SILVALLY_FAIRY, ITEM_FAIRY_MEMORY, ABILITY_RKS_SYSTEM",,src/data/pokemon/species_info/gen_7_families.h:4848
MINIOR_METEOR_RED,MINIOR_METEOR_ORANGE,SPECIES_MINIOR_METEOR_ORANGE,Alternativa/cosmética/batalha,Sim,Não,Não,HP baixo em batalha,HP baixo em batalha,src/data/pokemon/species_info/gen_7_families.h:4960
MINIOR_METEOR_RED,MINIOR_METEOR_YELLOW,SPECIES_MINIOR_METEOR_YELLOW,Alternativa/cosmética/batalha,Sim,Não,Não,HP baixo em batalha,HP baixo em batalha,src/data/pokemon/species_info/gen_7_families.h:4961
MINIOR_METEOR_RED,MINIOR_METEOR_GREEN,SPECIES_MINIOR_METEOR_GREEN,Alternativa/cosmética/batalha,Sim,Não,Não,HP baixo em batalha,HP baixo em batalha,src/data/pokemon/species_info/gen_7_families.h:4962
MINIOR_METEOR_RED,MINIOR_METEOR_BLUE,SPECIES_MINIOR_METEOR_BLUE,Alternativa/cosmética/batalha,Sim,Não,Não,HP baixo em batalha,HP baixo em batalha,src/data/pokemon/species_info/gen_7_families.h:4963
MINIOR_METEOR_RED,MINIOR_METEOR_INDIGO,SPECIES_MINIOR_METEOR_INDIGO,Alternativa/cosmética/batalha,Sim,Não,Não,HP baixo em batalha,HP baixo em batalha,src/data/pokemon/species_info/gen_7_families.h:4964
MINIOR_METEOR_RED,MINIOR_METEOR_VIOLET,SPECIES_MINIOR_METEOR_VIOLET,Alternativa/cosmética/batalha,Sim,Não,Não,HP baixo em batalha,HP baixo em batalha,src/data/pokemon/species_info/gen_7_families.h:4965
MINIOR_METEOR_RED,MINIOR_CORE_RED,SPECIES_MINIOR_CORE_RED,Alternativa/cosmética/batalha,Sim,Não,Não,Início de batalha; HP baixo em batalha; Ao trocar (batalha),Ao trocar (batalha); HP baixo em batalha; Início de batalha,src/data/pokemon/species_info/gen_7_families.h:4966
MINIOR_METEOR_RED,MINIOR_CORE_ORANGE,SPECIES_MINIOR_CORE_ORANGE,Alternativa/cosmética/batalha,Sim,Não,Não,Início de batalha; HP baixo em batalha; Ao trocar (batalha),Ao trocar (batalha); HP baixo em batalha; Início de batalha,src/data/pokemon/species_info/gen_7_families.h:4967
MINIOR_METEOR_RED,MINIOR_CORE_YELLOW,SPECIES_MINIOR_CORE_YELLOW,Alternativa/cosmética/batalha,Sim,Não,Não,Início de batalha; HP baixo em batalha; Ao trocar (batalha),Ao trocar (batalha); HP baixo em batalha; Início de batalha,src/data/pokemon/species_info/gen_7_families.h:4968
MINIOR_METEOR_RED,MINIOR_CORE_GREEN,SPECIES_MINIOR_CORE_GREEN,Alternativa/cosmética/batalha,Sim,Não,Não,Início de batalha; HP baixo em batalha; Ao trocar (batalha),Ao trocar (batalha); HP baixo em batalha; Início de batalha,src/data/pokemon/species_info/gen_7_families.h:4969
MINIOR_METEOR_RED,MINIOR_CORE_BLUE,SPECIES_MINIOR_CORE_BLUE,Alternativa/cosmética/batalha,Sim,Não,Não,Início de batalha; HP baixo em batalha; Ao trocar (batalha),Ao trocar (batalha); HP baixo em batalha; Início de batalha,src/data/pokemon/species_info/gen_7_families.h:4970
MINIOR_METEOR_RED,MINIOR_CORE_INDIGO,SPECIES_MINIOR_CORE_INDIGO,Alternativa/cosmética/batalha,Sim,Não,Não,Início de batalha; HP baixo em batalha; Ao trocar (batalha),Ao trocar (batalha); HP baixo em batalha; Início de batalha,src/data/pokemon/species_info/gen_7_families.h:4971
MINIOR_METEOR_RED,MINIOR_CORE_VIOLET,SPECIES_MINIOR_CORE_VIOLET,Alternativa/cosmética/batalha,Sim,Não,Não,Início de batalha; HP baixo em batalha; Ao trocar (batalha),Ao trocar (batalha); HP baixo em batalha; Início de batalha,src/data/pokemon/species_info/gen_7_families.h:4972
MIMIKYU_DISGUISED,MIMIKYU_BUSTED,SPECIES_MIMIKYU_BUSTED,Alternativa/cosmética/batalha,Sim,Sim,Não,Dano de confusão (batalha); Ao ser atingido (batalha); Ao ser atingido (batalha),Ao ser atingido (batalha); Dano de confusão (batalha),src/data/pokemon/species_info/gen_7_families.h:5314
NECROZMA,NECROZMA_DUSK_MANE,SPECIES_NECROZMA_DUSK_MANE,Alternativa/cosmética/batalha,Sim,Sim,Não,Sem método de ativação definido,,src/data/pokemon/species_info/gen_7_families.h:7229
NECROZMA,NECROZMA_DAWN_WINGS,SPECIES_NECROZMA_DAWN_WINGS,Alternativa/cosmética/batalha,Sim,Sim,Não,Sem método de ativação definido,,src/data/pokemon/species_info/gen_7_families.h:7304
NECROZMA,NECROZMA_ULTRA,SPECIES_NECROZMA_ULTRA,Ultra Burst,Sim,Sim,Não,Ultra Burst — BLOQUEADO: item ITEM_ULTRANECROZIUM_Z não distribuído; Ultra Burst — BLOQUEADO: item ITEM_ULTRANECROZIUM_Z não distribuído,Ultra Burst — BLOQUEADO: item ITEM_ULTRANECROZIUM_Z não distribuído,src/data/pokemon/species_info/gen_7_families.h:7381
MAGEARNA,MAGEARNA_ORIGINAL,SPECIES_MAGEARNA_ORIGINAL,Alternativa/cosmética/batalha,Sim,Sim,Sim,Presente de NPC @ ROUTE40_HOUSE4 [data/maps/Route40_House4/scripts.inc:306],,src/data/pokemon/species_info/gen_7_families.h:7533
CRAMORANT,CRAMORANT_GULPING,SPECIES_CRAMORANT_GULPING,Alternativa/cosmética/batalha,Sim,Não,Não,Sem método de ativação definido,,src/data/pokemon/species_info/gen_8_families.h:3228
CRAMORANT,CRAMORANT_GORGING,SPECIES_CRAMORANT_GORGING,Alternativa/cosmética/batalha,Sim,Não,Não,Sem método de ativação definido,,src/data/pokemon/species_info/gen_8_families.h:3287
TOXTRICITY_AMPED,TOXTRICITY_LOW_KEY,SPECIES_TOXTRICITY_LOW_KEY,Alternativa/cosmética/batalha,Sim,Sim,Sim,"evolution: from SPECIES_TOXEL : EVO_LEVEL, 30, SPECIES_TOXTRICITY_LOW_KEY, CONDITIONS({IF_LOW_KEY_NATURE})",,src/data/pokemon/species_info/gen_8_families.h:3675
SINISTEA_PHONY,SINISTEA_ANTIQUE,SPECIES_SINISTEA_ANTIQUE,Alternativa/cosmética/batalha,Sim,Sim,Sim,breeding: egg from SPECIES_POLTEAGEIST_ANTIQUE,,src/data/pokemon/species_info/gen_8_families.h:4205
POLTEAGEIST_PHONY,POLTEAGEIST_ANTIQUE,SPECIES_POLTEAGEIST_ANTIQUE,Alternativa/cosmética/batalha,Sim,Sim,Sim,"evolution: from SPECIES_SINISTEA_PHONY : EVO_ITEM, ITEM_CHIPPED_POT, SPECIES_POLTEAGEIST_ANTIQUE",,src/data/pokemon/species_info/gen_8_families.h:4339
ALCREMIE_STRAWBERRY_VANILLA_CREAM,ALCREMIE_STRAWBERRY_RUBY_CREAM,SPECIES_ALCREMIE_STRAWBERRY_RUBY_CREAM,Alternativa/cosmética/batalha,Sim,Não,Não,Sem método de ativação definido,,src/data/pokemon/species_info/gen_8_families.h:5256
ALCREMIE_STRAWBERRY_VANILLA_CREAM,ALCREMIE_STRAWBERRY_MATCHA_CREAM,SPECIES_ALCREMIE_STRAWBERRY_MATCHA_CREAM,Alternativa/cosmética/batalha,Sim,Não,Não,Sem método de ativação definido,,src/data/pokemon/species_info/gen_8_families.h:5257
ALCREMIE_STRAWBERRY_VANILLA_CREAM,ALCREMIE_STRAWBERRY_MINT_CREAM,SPECIES_ALCREMIE_STRAWBERRY_MINT_CREAM,Alternativa/cosmética/batalha,Sim,Não,Não,Sem método de ativação definido,,src/data/pokemon/species_info/gen_8_families.h:5258
ALCREMIE_STRAWBERRY_VANILLA_CREAM,ALCREMIE_STRAWBERRY_LEMON_CREAM,SPECIES_ALCREMIE_STRAWBERRY_LEMON_CREAM,Alternativa/cosmética/batalha,Sim,Não,Não,Sem método de ativação definido,,src/data/pokemon/species_info/gen_8_families.h:5259
ALCREMIE_STRAWBERRY_VANILLA_CREAM,ALCREMIE_STRAWBERRY_SALTED_CREAM,SPECIES_ALCREMIE_STRAWBERRY_SALTED_CREAM,Alternativa/cosmética/batalha,Sim,Não,Não,Sem método de ativação definido,,src/data/pokemon/species_info/gen_8_families.h:5260
ALCREMIE_STRAWBERRY_VANILLA_CREAM,ALCREMIE_STRAWBERRY_RUBY_SWIRL,SPECIES_ALCREMIE_STRAWBERRY_RUBY_SWIRL,Alternativa/cosmética/batalha,Sim,Não,Não,Sem método de ativação definido,,src/data/pokemon/species_info/gen_8_families.h:5261
ALCREMIE_STRAWBERRY_VANILLA_CREAM,ALCREMIE_STRAWBERRY_CARAMEL_SWIRL,SPECIES_ALCREMIE_STRAWBERRY_CARAMEL_SWIRL,Alternativa/cosmética/batalha,Sim,Não,Não,Sem método de ativação definido,,src/data/pokemon/species_info/gen_8_families.h:5262
ALCREMIE_STRAWBERRY_VANILLA_CREAM,ALCREMIE_STRAWBERRY_RAINBOW_SWIRL,SPECIES_ALCREMIE_STRAWBERRY_RAINBOW_SWIRL,Alternativa/cosmética/batalha,Sim,Não,Não,Sem método de ativação definido,,src/data/pokemon/species_info/gen_8_families.h:5263
EISCUE_ICE,EISCUE_NOICE,SPECIES_EISCUE_NOICE,Alternativa/cosmética/batalha,Sim,Não,Não,Dano de confusão (batalha); Ao ser atingido (batalha),Ao ser atingido (batalha); Dano de confusão (batalha),src/data/pokemon/species_info/gen_8_families.h:5844
INDEEDEE_M,INDEEDEE_F,SPECIES_INDEEDEE_F,Alternativa/cosmética/batalha,Sim,Sim,Sim,Encontro selvagem @ LAKE_OF_RAGE [src/data/wild_encounters.json],,src/data/pokemon/species_info/gen_8_families.h:5971
MORPEKO_FULL_BELLY,MORPEKO_HANGRY,SPECIES_MORPEKO_HANGRY,Alternativa/cosmética/batalha,Sim,Não,Não,Sem método de ativação definido,,src/data/pokemon/species_info/gen_8_families.h:6108
ZACIAN_HERO,ZACIAN_CROWNED,SPECIES_ZACIAN_CROWNED,Alternativa/cosmética/batalha,Sim,Sim,Não,Início de batalha — BLOQUEADO: item ITEM_RUSTED_SWORD não distribuído,Início de batalha — BLOQUEADO: item ITEM_RUSTED_SWORD não distribuído,src/data/pokemon/species_info/gen_8_families.h:7112
ZAMAZENTA_HERO,ZAMAZENTA_CROWNED,SPECIES_ZAMAZENTA_CROWNED,Alternativa/cosmética/batalha,Sim,Sim,Não,Início de batalha — BLOQUEADO: item ITEM_RUSTED_SHIELD não distribuído,Início de batalha — BLOQUEADO: item ITEM_RUSTED_SHIELD não distribuído,src/data/pokemon/species_info/gen_8_families.h:7254
ETERNATUS,ETERNATUS_ETERNAMAX,SPECIES_ETERNATUS_ETERNAMAX,Alternativa/cosmética/batalha,Sim,Sim,Não,Sem método de ativação definido,,src/data/pokemon/species_info/gen_8_families.h:7396
URSHIFU_SINGLE_STRIKE,URSHIFU_RAPID_STRIKE,SPECIES_URSHIFU_RAPID_STRIKE,Alternativa/cosmética/batalha,Sim,Sim,Sim,"evolution: from SPECIES_KUBFU : EVO_ITEM, ITEM_SCROLL_OF_WATERS, SPECIES_URSHIFU_RAPID_STRIKE",,src/data/pokemon/species_info/gen_8_families.h:7659
ZARUDE,ZARUDE_DADA,SPECIES_ZARUDE_DADA,Alternativa/cosmética/batalha,Sim,Sim,Não,Sem método de ativação definido,,src/data/pokemon/species_info/gen_8_families.h:7863
CALYREX,CALYREX_ICE,SPECIES_CALYREX_ICE,Alternativa/cosmética/batalha,Sim,Sim,Não,Sem método de ativação definido,,src/data/pokemon/species_info/gen_8_families.h:8272
CALYREX,CALYREX_SHADOW,SPECIES_CALYREX_SHADOW,Forma especial do hack,Sim,Sim,Não,Sem método de ativação definido,,src/data/pokemon/species_info/gen_8_families.h:8342
BASCULEGION_M,BASCULEGION_F,SPECIES_BASCULEGION_F,Alternativa/cosmética/batalha,Sim,Sim,Sim,Encontro selvagem @ MT_SILVER_1F_WATERFALL_ROOM [src/data/wild_encounters.json],,src/data/pokemon/species_info/gen_5_families.h:4865
ALCREMIE_STRAWBERRY_VANILLA_CREAM,ALCREMIE_BERRY_VANILLA_CREAM,SPECIES_ALCREMIE_BERRY_VANILLA_CREAM,Alternativa/cosmética/batalha,Sim,Não,Não,Sem método de ativação definido,,src/data/pokemon/species_info/gen_8_families.h:5264
ALCREMIE_STRAWBERRY_VANILLA_CREAM,ALCREMIE_BERRY_RUBY_CREAM,SPECIES_ALCREMIE_BERRY_RUBY_CREAM,Alternativa/cosmética/batalha,Sim,Não,Não,Sem método de ativação definido,,src/data/pokemon/species_info/gen_8_families.h:5265
ALCREMIE_STRAWBERRY_VANILLA_CREAM,ALCREMIE_BERRY_MATCHA_CREAM,SPECIES_ALCREMIE_BERRY_MATCHA_CREAM,Alternativa/cosmética/batalha,Sim,Não,Não,Sem método de ativação definido,,src/data/pokemon/species_info/gen_8_families.h:5266
ALCREMIE_STRAWBERRY_VANILLA_CREAM,ALCREMIE_BERRY_MINT_CREAM,SPECIES_ALCREMIE_BERRY_MINT_CREAM,Alternativa/cosmética/batalha,Sim,Não,Não,Sem método de ativação definido,,src/data/pokemon/species_info/gen_8_families.h:5267
ALCREMIE_STRAWBERRY_VANILLA_CREAM,ALCREMIE_BERRY_LEMON_CREAM,SPECIES_ALCREMIE_BERRY_LEMON_CREAM,Alternativa/cosmética/batalha,Sim,Não,Não,Sem método de ativação definido,,src/data/pokemon/species_info/gen_8_families.h:5268
ALCREMIE_STRAWBERRY_VANILLA_CREAM,ALCREMIE_BERRY_SALTED_CREAM,SPECIES_ALCREMIE_BERRY_SALTED_CREAM,Alternativa/cosmética/batalha,Sim,Não,Não,Sem método de ativação definido,,src/data/pokemon/species_info/gen_8_families.h:5269
ALCREMIE_STRAWBERRY_VANILLA_CREAM,ALCREMIE_BERRY_RUBY_SWIRL,SPECIES_ALCREMIE_BERRY_RUBY_SWIRL,Alternativa/cosmética/batalha,Sim,Não,Não,Sem método de ativação definido,,src/data/pokemon/species_info/gen_8_families.h:5270
ALCREMIE_STRAWBERRY_VANILLA_CREAM,ALCREMIE_BERRY_CARAMEL_SWIRL,SPECIES_ALCREMIE_BERRY_CARAMEL_SWIRL,Alternativa/cosmética/batalha,Sim,Não,Não,Sem método de ativação definido,,src/data/pokemon/species_info/gen_8_families.h:5271
ALCREMIE_STRAWBERRY_VANILLA_CREAM,ALCREMIE_BERRY_RAINBOW_SWIRL,SPECIES_ALCREMIE_BERRY_RAINBOW_SWIRL,Alternativa/cosmética/batalha,Sim,Não,Não,Sem método de ativação definido,,src/data/pokemon/species_info/gen_8_families.h:5272
ALCREMIE_STRAWBERRY_VANILLA_CREAM,ALCREMIE_LOVE_VANILLA_CREAM,SPECIES_ALCREMIE_LOVE_VANILLA_CREAM,Alternativa/cosmética/batalha,Sim,Não,Não,Sem método de ativação definido,,src/data/pokemon/species_info/gen_8_families.h:5273
ALCREMIE_STRAWBERRY_VANILLA_CREAM,ALCREMIE_LOVE_RUBY_CREAM,SPECIES_ALCREMIE_LOVE_RUBY_CREAM,Alternativa/cosmética/batalha,Sim,Não,Não,Sem método de ativação definido,,src/data/pokemon/species_info/gen_8_families.h:5274
ALCREMIE_STRAWBERRY_VANILLA_CREAM,ALCREMIE_LOVE_MATCHA_CREAM,SPECIES_ALCREMIE_LOVE_MATCHA_CREAM,Alternativa/cosmética/batalha,Sim,Não,Não,Sem método de ativação definido,,src/data/pokemon/species_info/gen_8_families.h:5275
ALCREMIE_STRAWBERRY_VANILLA_CREAM,ALCREMIE_LOVE_MINT_CREAM,SPECIES_ALCREMIE_LOVE_MINT_CREAM,Alternativa/cosmética/batalha,Sim,Não,Não,Sem método de ativação definido,,src/data/pokemon/species_info/gen_8_families.h:5276
ALCREMIE_STRAWBERRY_VANILLA_CREAM,ALCREMIE_LOVE_LEMON_CREAM,SPECIES_ALCREMIE_LOVE_LEMON_CREAM,Alternativa/cosmética/batalha,Sim,Não,Não,Sem método de ativação definido,,src/data/pokemon/species_info/gen_8_families.h:5277
ALCREMIE_STRAWBERRY_VANILLA_CREAM,ALCREMIE_LOVE_SALTED_CREAM,SPECIES_ALCREMIE_LOVE_SALTED_CREAM,Alternativa/cosmética/batalha,Sim,Não,Não,Sem método de ativação definido,,src/data/pokemon/species_info/gen_8_families.h:5278
ALCREMIE_STRAWBERRY_VANILLA_CREAM,ALCREMIE_LOVE_RUBY_SWIRL,SPECIES_ALCREMIE_LOVE_RUBY_SWIRL,Alternativa/cosmética/batalha,Sim,Não,Não,Sem método de ativação definido,,src/data/pokemon/species_info/gen_8_families.h:5279
ALCREMIE_STRAWBERRY_VANILLA_CREAM,ALCREMIE_LOVE_CARAMEL_SWIRL,SPECIES_ALCREMIE_LOVE_CARAMEL_SWIRL,Alternativa/cosmética/batalha,Sim,Não,Não,Sem método de ativação definido,,src/data/pokemon/species_info/gen_8_families.h:5280
ALCREMIE_STRAWBERRY_VANILLA_CREAM,ALCREMIE_LOVE_RAINBOW_SWIRL,SPECIES_ALCREMIE_LOVE_RAINBOW_SWIRL,Alternativa/cosmética/batalha,Sim,Não,Não,Sem método de ativação definido,,src/data/pokemon/species_info/gen_8_families.h:5281
ALCREMIE_STRAWBERRY_VANILLA_CREAM,ALCREMIE_STAR_VANILLA_CREAM,SPECIES_ALCREMIE_STAR_VANILLA_CREAM,Alternativa/cosmética/batalha,Sim,Não,Não,Sem método de ativação definido,,src/data/pokemon/species_info/gen_8_families.h:5282
ALCREMIE_STRAWBERRY_VANILLA_CREAM,ALCREMIE_STAR_RUBY_CREAM,SPECIES_ALCREMIE_STAR_RUBY_CREAM,Alternativa/cosmética/batalha,Sim,Não,Não,Sem método de ativação definido,,src/data/pokemon/species_info/gen_8_families.h:5283
ALCREMIE_STRAWBERRY_VANILLA_CREAM,ALCREMIE_STAR_MATCHA_CREAM,SPECIES_ALCREMIE_STAR_MATCHA_CREAM,Alternativa/cosmética/batalha,Sim,Não,Não,Sem método de ativação definido,,src/data/pokemon/species_info/gen_8_families.h:5284
ALCREMIE_STRAWBERRY_VANILLA_CREAM,ALCREMIE_STAR_MINT_CREAM,SPECIES_ALCREMIE_STAR_MINT_CREAM,Alternativa/cosmética/batalha,Sim,Não,Não,Sem método de ativação definido,,src/data/pokemon/species_info/gen_8_families.h:5285
ALCREMIE_STRAWBERRY_VANILLA_CREAM,ALCREMIE_STAR_LEMON_CREAM,SPECIES_ALCREMIE_STAR_LEMON_CREAM,Alternativa/cosmética/batalha,Sim,Não,Não,Sem método de ativação definido,,src/data/pokemon/species_info/gen_8_families.h:5286
ALCREMIE_STRAWBERRY_VANILLA_CREAM,ALCREMIE_STAR_SALTED_CREAM,SPECIES_ALCREMIE_STAR_SALTED_CREAM,Alternativa/cosmética/batalha,Sim,Não,Não,Sem método de ativação definido,,src/data/pokemon/species_info/gen_8_families.h:5287
ALCREMIE_STRAWBERRY_VANILLA_CREAM,ALCREMIE_STAR_RUBY_SWIRL,SPECIES_ALCREMIE_STAR_RUBY_SWIRL,Alternativa/cosmética/batalha,Sim,Não,Não,Sem método de ativação definido,,src/data/pokemon/species_info/gen_8_families.h:5288
ALCREMIE_STRAWBERRY_VANILLA_CREAM,ALCREMIE_STAR_CARAMEL_SWIRL,SPECIES_ALCREMIE_STAR_CARAMEL_SWIRL,Alternativa/cosmética/batalha,Sim,Não,Não,Sem método de ativação definido,,src/data/pokemon/species_info/gen_8_families.h:5289
ALCREMIE_STRAWBERRY_VANILLA_CREAM,ALCREMIE_STAR_RAINBOW_SWIRL,SPECIES_ALCREMIE_STAR_RAINBOW_SWIRL,Alternativa/cosmética/batalha,Sim,Não,Não,Sem método de ativação definido,,src/data/pokemon/species_info/gen_8_families.h:5290
ALCREMIE_STRAWBERRY_VANILLA_CREAM,ALCREMIE_CLOVER_VANILLA_CREAM,SPECIES_ALCREMIE_CLOVER_VANILLA_CREAM,Alternativa/cosmética/batalha,Sim,Não,Não,Sem método de ativação definido,,src/data/pokemon/species_info/gen_8_families.h:5291
ALCREMIE_STRAWBERRY_VANILLA_CREAM,ALCREMIE_CLOVER_RUBY_CREAM,SPECIES_ALCREMIE_CLOVER_RUBY_CREAM,Alternativa/cosmética/batalha,Sim,Não,Não,Sem método de ativação definido,,src/data/pokemon/species_info/gen_8_families.h:5292
ALCREMIE_STRAWBERRY_VANILLA_CREAM,ALCREMIE_CLOVER_MATCHA_CREAM,SPECIES_ALCREMIE_CLOVER_MATCHA_CREAM,Alternativa/cosmética/batalha,Sim,Não,Não,Sem método de ativação definido,,src/data/pokemon/species_info/gen_8_families.h:5293
ALCREMIE_STRAWBERRY_VANILLA_CREAM,ALCREMIE_CLOVER_MINT_CREAM,SPECIES_ALCREMIE_CLOVER_MINT_CREAM,Alternativa/cosmética/batalha,Sim,Não,Não,Sem método de ativação definido,,src/data/pokemon/species_info/gen_8_families.h:5294
ALCREMIE_STRAWBERRY_VANILLA_CREAM,ALCREMIE_CLOVER_LEMON_CREAM,SPECIES_ALCREMIE_CLOVER_LEMON_CREAM,Alternativa/cosmética/batalha,Sim,Não,Não,Sem método de ativação definido,,src/data/pokemon/species_info/gen_8_families.h:5295
ALCREMIE_STRAWBERRY_VANILLA_CREAM,ALCREMIE_CLOVER_SALTED_CREAM,SPECIES_ALCREMIE_CLOVER_SALTED_CREAM,Alternativa/cosmética/batalha,Sim,Não,Não,Sem método de ativação definido,,src/data/pokemon/species_info/gen_8_families.h:5296
ALCREMIE_STRAWBERRY_VANILLA_CREAM,ALCREMIE_CLOVER_RUBY_SWIRL,SPECIES_ALCREMIE_CLOVER_RUBY_SWIRL,Alternativa/cosmética/batalha,Sim,Não,Não,Sem método de ativação definido,,src/data/pokemon/species_info/gen_8_families.h:5297
ALCREMIE_STRAWBERRY_VANILLA_CREAM,ALCREMIE_CLOVER_CARAMEL_SWIRL,SPECIES_ALCREMIE_CLOVER_CARAMEL_SWIRL,Alternativa/cosmética/batalha,Sim,Não,Não,Sem método de ativação definido,,src/data/pokemon/species_info/gen_8_families.h:5298
ALCREMIE_STRAWBERRY_VANILLA_CREAM,ALCREMIE_CLOVER_RAINBOW_SWIRL,SPECIES_ALCREMIE_CLOVER_RAINBOW_SWIRL,Alternativa/cosmética/batalha,Sim,Não,Não,Sem método de ativação definido,,src/data/pokemon/species_info/gen_8_families.h:5299
ALCREMIE_STRAWBERRY_VANILLA_CREAM,ALCREMIE_FLOWER_VANILLA_CREAM,SPECIES_ALCREMIE_FLOWER_VANILLA_CREAM,Alternativa/cosmética/batalha,Sim,Não,Não,Sem método de ativação definido,,src/data/pokemon/species_info/gen_8_families.h:5300
ALCREMIE_STRAWBERRY_VANILLA_CREAM,ALCREMIE_FLOWER_RUBY_CREAM,SPECIES_ALCREMIE_FLOWER_RUBY_CREAM,Alternativa/cosmética/batalha,Sim,Não,Não,Sem método de ativação definido,,src/data/pokemon/species_info/gen_8_families.h:5301
ALCREMIE_STRAWBERRY_VANILLA_CREAM,ALCREMIE_FLOWER_MATCHA_CREAM,SPECIES_ALCREMIE_FLOWER_MATCHA_CREAM,Alternativa/cosmética/batalha,Sim,Não,Não,Sem método de ativação definido,,src/data/pokemon/species_info/gen_8_families.h:5302
ALCREMIE_STRAWBERRY_VANILLA_CREAM,ALCREMIE_FLOWER_MINT_CREAM,SPECIES_ALCREMIE_FLOWER_MINT_CREAM,Alternativa/cosmética/batalha,Sim,Não,Não,Sem método de ativação definido,,src/data/pokemon/species_info/gen_8_families.h:5303
ALCREMIE_STRAWBERRY_VANILLA_CREAM,ALCREMIE_FLOWER_LEMON_CREAM,SPECIES_ALCREMIE_FLOWER_LEMON_CREAM,Alternativa/cosmética/batalha,Sim,Não,Não,Sem método de ativação definido,,src/data/pokemon/species_info/gen_8_families.h:5304
ALCREMIE_STRAWBERRY_VANILLA_CREAM,ALCREMIE_FLOWER_SALTED_CREAM,SPECIES_ALCREMIE_FLOWER_SALTED_CREAM,Alternativa/cosmética/batalha,Sim,Não,Não,Sem método de ativação definido,,src/data/pokemon/species_info/gen_8_families.h:5305
ALCREMIE_STRAWBERRY_VANILLA_CREAM,ALCREMIE_FLOWER_RUBY_SWIRL,SPECIES_ALCREMIE_FLOWER_RUBY_SWIRL,Alternativa/cosmética/batalha,Sim,Não,Não,Sem método de ativação definido,,src/data/pokemon/species_info/gen_8_families.h:5306
ALCREMIE_STRAWBERRY_VANILLA_CREAM,ALCREMIE_FLOWER_CARAMEL_SWIRL,SPECIES_ALCREMIE_FLOWER_CARAMEL_SWIRL,Alternativa/cosmética/batalha,Sim,Não,Não,Sem método de ativação definido,,src/data/pokemon/species_info/gen_8_families.h:5307
ALCREMIE_STRAWBERRY_VANILLA_CREAM,ALCREMIE_FLOWER_RAINBOW_SWIRL,SPECIES_ALCREMIE_FLOWER_RAINBOW_SWIRL,Alternativa/cosmética/batalha,Sim,Não,Não,Sem método de ativação definido,,src/data/pokemon/species_info/gen_8_families.h:5308
ALCREMIE_STRAWBERRY_VANILLA_CREAM,ALCREMIE_RIBBON_VANILLA_CREAM,SPECIES_ALCREMIE_RIBBON_VANILLA_CREAM,Alternativa/cosmética/batalha,Sim,Não,Não,Sem método de ativação definido,,src/data/pokemon/species_info/gen_8_families.h:5309
ALCREMIE_STRAWBERRY_VANILLA_CREAM,ALCREMIE_RIBBON_RUBY_CREAM,SPECIES_ALCREMIE_RIBBON_RUBY_CREAM,Alternativa/cosmética/batalha,Sim,Não,Não,Sem método de ativação definido,,src/data/pokemon/species_info/gen_8_families.h:5310
ALCREMIE_STRAWBERRY_VANILLA_CREAM,ALCREMIE_RIBBON_MATCHA_CREAM,SPECIES_ALCREMIE_RIBBON_MATCHA_CREAM,Alternativa/cosmética/batalha,Sim,Não,Não,Sem método de ativação definido,,src/data/pokemon/species_info/gen_8_families.h:5311
ALCREMIE_STRAWBERRY_VANILLA_CREAM,ALCREMIE_RIBBON_MINT_CREAM,SPECIES_ALCREMIE_RIBBON_MINT_CREAM,Alternativa/cosmética/batalha,Sim,Não,Não,Sem método de ativação definido,,src/data/pokemon/species_info/gen_8_families.h:5312
ALCREMIE_STRAWBERRY_VANILLA_CREAM,ALCREMIE_RIBBON_LEMON_CREAM,SPECIES_ALCREMIE_RIBBON_LEMON_CREAM,Alternativa/cosmética/batalha,Sim,Não,Não,Sem método de ativação definido,,src/data/pokemon/species_info/gen_8_families.h:5313
ALCREMIE_STRAWBERRY_VANILLA_CREAM,ALCREMIE_RIBBON_SALTED_CREAM,SPECIES_ALCREMIE_RIBBON_SALTED_CREAM,Alternativa/cosmética/batalha,Sim,Não,Não,Sem método de ativação definido,,src/data/pokemon/species_info/gen_8_families.h:5314
ALCREMIE_STRAWBERRY_VANILLA_CREAM,ALCREMIE_RIBBON_RUBY_SWIRL,SPECIES_ALCREMIE_RIBBON_RUBY_SWIRL,Alternativa/cosmética/batalha,Sim,Não,Não,Sem método de ativação definido,,src/data/pokemon/species_info/gen_8_families.h:5315
ALCREMIE_STRAWBERRY_VANILLA_CREAM,ALCREMIE_RIBBON_CARAMEL_SWIRL,SPECIES_ALCREMIE_RIBBON_CARAMEL_SWIRL,Alternativa/cosmética/batalha,Sim,Não,Não,Sem método de ativação definido,,src/data/pokemon/species_info/gen_8_families.h:5316
ALCREMIE_STRAWBERRY_VANILLA_CREAM,ALCREMIE_RIBBON_RAINBOW_SWIRL,SPECIES_ALCREMIE_RIBBON_RAINBOW_SWIRL,Alternativa/cosmética/batalha,Sim,Não,Não,Sem método de ativação definido,,src/data/pokemon/species_info/gen_8_families.h:5317
OINKOLOGNE_M,OINKOLOGNE_F,SPECIES_OINKOLOGNE_F,Alternativa/cosmética/batalha,Sim,Não,Não,Sem método de ativação definido,,src/data/pokemon/species_info/gen_9_families.h:805
MAUSHOLD_THREE,MAUSHOLD_FOUR,SPECIES_MAUSHOLD_FOUR,Alternativa/cosmética/batalha,Sim,Sim,Sim,"evolution: from SPECIES_TANDEMAUS : EVO_LEVEL_BATTLE_ONLY, 25, SPECIES_MAUSHOLD_FOUR, CONDITIONS({IF_PID_MODULO_100_GT, 0})",,src/data/pokemon/species_info/gen_9_families.h:1475
SQUAWKABILLY_GREEN,SQUAWKABILLY_BLUE,SPECIES_SQUAWKABILLY_BLUE,Alternativa/cosmética/batalha,Sim,Não,Não,Sem método de ativação definido,,src/data/pokemon/species_info/gen_9_families.h:1944
SQUAWKABILLY_GREEN,SQUAWKABILLY_YELLOW,SPECIES_SQUAWKABILLY_YELLOW,Alternativa/cosmética/batalha,Sim,Não,Não,Sem método de ativação definido,,src/data/pokemon/species_info/gen_9_families.h:2011
SQUAWKABILLY_GREEN,SQUAWKABILLY_WHITE,SPECIES_SQUAWKABILLY_WHITE,Alternativa/cosmética/batalha,Sim,Não,Não,Sem método de ativação definido,,src/data/pokemon/species_info/gen_9_families.h:2078
PALAFIN_ZERO,PALAFIN_HERO,SPECIES_PALAFIN_HERO,Alternativa/cosmética/batalha,Sim,Sim,Não,Ao trocar (batalha),Ao trocar (batalha),src/data/pokemon/species_info/gen_9_families.h:4420
TATSUGIRI_CURLY,TATSUGIRI_DROOPY,SPECIES_TATSUGIRI_DROOPY,Alternativa/cosmética/batalha,Sim,Sim,Não,Sem método de ativação definido,,src/data/pokemon/species_info/gen_9_families.h:5500
TATSUGIRI_CURLY,TATSUGIRI_STRETCHY,SPECIES_TATSUGIRI_STRETCHY,Alternativa/cosmética/batalha,Sim,Sim,Não,Sem método de ativação definido,,src/data/pokemon/species_info/gen_9_families.h:5567
DUDUNSPARCE_TWO_SEGMENT,DUDUNSPARCE_THREE_SEGMENT,SPECIES_DUDUNSPARCE_THREE_SEGMENT,Alternativa/cosmética/batalha,Sim,Sim,Sim,"evolution: from SPECIES_DUNSPARCE : EVO_LEVEL, 0, SPECIES_DUDUNSPARCE_THREE_SEGMENT, CONDITIONS({IF_KNOWS_MOVE, MOVE_HYPER_DRILL}, {IF_PID_MODULO_100_EQ, 0})",,src/data/pokemon/species_info/gen_2_families.h:4975
GIMMIGHOUL_CHEST,GIMMIGHOUL_ROAMING,SPECIES_GIMMIGHOUL_ROAMING,Alternativa/cosmética/batalha,Sim,Sim,Sim,breeding: egg from SPECIES_GHOLDENGO,,src/data/pokemon/species_info/gen_9_families.h:6976
TAUROS,TAUROS_PALDEA_COMBAT,SPECIES_TAUROS_PALDEA_COMBAT,Regional (Paldea),Sim,Sim,Sim,Encontro selvagem @ SAFARI_ZONE_TOP_LEFT [src/data/wild_encounters.json],,src/data/pokemon/species_info/gen_1_families.h:18115
TAUROS,TAUROS_PALDEA_BLAZE,SPECIES_TAUROS_PALDEA_BLAZE,Regional (Paldea),Sim,Sim,Sim,Encontro selvagem @ SAFARI_ZONE_TOP_LEFT [src/data/wild_encounters.json],,src/data/pokemon/species_info/gen_1_families.h:18184
TAUROS,TAUROS_PALDEA_AQUA,SPECIES_TAUROS_PALDEA_AQUA,Regional (Paldea),Sim,Sim,Sim,Encontro selvagem @ SAFARI_ZONE_TOP_LEFT [src/data/wild_encounters.json],,src/data/pokemon/species_info/gen_1_families.h:18253
WOOPER,WOOPER_PALDEA,SPECIES_WOOPER_PALDEA,Regional (Paldea),Sim,Sim,Sim,Encontro selvagem @ CLIFF_EDGE_GATE [src/data/wild_encounters.json],,src/data/pokemon/species_info/gen_2_families.h:3786
POLTCHAGEIST_COUNTERFEIT,POLTCHAGEIST_ARTISAN,SPECIES_POLTCHAGEIST_ARTISAN,Alternativa/cosmética/batalha,Sim,Sim,Sim,breeding: egg from SPECIES_SINISTCHA_MASTERPIECE,,src/data/pokemon/species_info/gen_9_families.h:7864
SINISTCHA_UNREMARKABLE,SINISTCHA_MASTERPIECE,SPECIES_SINISTCHA_MASTERPIECE,Alternativa/cosmética/batalha,Sim,Sim,Sim,"evolution: from SPECIES_POLTCHAGEIST_COUNTERFEIT : EVO_ITEM, ITEM_MASTERPIECE_TEACUP, SPECIES_SINISTCHA_MASTERPIECE",,src/data/pokemon/species_info/gen_9_families.h:7999
OGERPON_TEAL,OGERPON_WELLSPRING,SPECIES_OGERPON_WELLSPRING,Alternativa/cosmética/batalha,Sim,Sim,Sim,"FORM_CHANGE_ITEM_HOLD, SPECIES_OGERPON_WELLSPRING, ITEM_WELLSPRING_MASK",,src/data/pokemon/species_info/gen_9_families.h:8344
OGERPON_TEAL,OGERPON_HEARTHFLAME,SPECIES_OGERPON_HEARTHFLAME,Alternativa/cosmética/batalha,Sim,Sim,Sim,"FORM_CHANGE_ITEM_HOLD, SPECIES_OGERPON_HEARTHFLAME, ITEM_HEARTHFLAME_MASK",,src/data/pokemon/species_info/gen_9_families.h:8345
OGERPON_TEAL,OGERPON_CORNERSTONE,SPECIES_OGERPON_CORNERSTONE,Alternativa/cosmética/batalha,Sim,Sim,Sim,"FORM_CHANGE_ITEM_HOLD, SPECIES_OGERPON_CORNERSTONE, ITEM_CORNERSTONE_MASK",,src/data/pokemon/species_info/gen_9_families.h:8346
OGERPON_TEAL,OGERPON_TEAL_TERA,SPECIES_OGERPON_TEAL_TERA,Forma Terastal,Sim,Sim,Não,Mega (item) (ITEM_BONDSTONE); Terastal — INDISPONÍVEL: Terastal indisponível (ITEM_TERA_ORB não distribuído),Mega (item) (ITEM_BONDSTONE); Terastal — INDISPONÍVEL: Terastal indisponível (ITEM_TERA_ORB não distribuído),src/data/pokemon/species_info/gen_9_families.h:8348
OGERPON_TEAL,OGERPON_WELLSPRING_TERA,SPECIES_OGERPON_WELLSPRING_TERA,Forma Terastal,Sim,Sim,Não,Mega (item) (ITEM_WELLSPRING_MASK); Terastal — INDISPONÍVEL: Terastal indisponível (ITEM_TERA_ORB não distribuído),Mega (item) (ITEM_WELLSPRING_MASK); Terastal — INDISPONÍVEL: Terastal indisponível (ITEM_TERA_ORB não distribuído),src/data/pokemon/species_info/gen_9_families.h:8349
OGERPON_TEAL,OGERPON_HEARTHFLAME_TERA,SPECIES_OGERPON_HEARTHFLAME_TERA,Forma Terastal,Sim,Sim,Não,Mega (item) (ITEM_HEARTHFLAME_MASK); Terastal — INDISPONÍVEL: Terastal indisponível (ITEM_TERA_ORB não distribuído),Mega (item) (ITEM_HEARTHFLAME_MASK); Terastal — INDISPONÍVEL: Terastal indisponível (ITEM_TERA_ORB não distribuído),src/data/pokemon/species_info/gen_9_families.h:8350
OGERPON_TEAL,OGERPON_CORNERSTONE_TERA,SPECIES_OGERPON_CORNERSTONE_TERA,Forma Terastal,Sim,Sim,Não,Mega (item) (ITEM_CORNERSTONE_MASK); Terastal — INDISPONÍVEL: Terastal indisponível (ITEM_TERA_ORB não distribuído),Mega (item) (ITEM_CORNERSTONE_MASK); Terastal — INDISPONÍVEL: Terastal indisponível (ITEM_TERA_ORB não distribuído),src/data/pokemon/species_info/gen_9_families.h:8351
URSALUNA,URSALUNA_BLOODMOON,SPECIES_URSALUNA_BLOODMOON,Alternativa/cosmética/batalha,Sim,Sim,Sim,Boss lendário @ FOGGYFOREST_DEPTHS [data/maps/foggyforestDepths/scripts.inc:11],,src/data/pokemon/species_info/gen_2_families.h:6398
TERAPAGOS_NORMAL,TERAPAGOS_TERASTAL,SPECIES_TERAPAGOS_TERASTAL,Alternativa/cosmética/batalha,Sim,Sim,Não,Ao entrar (batalha),Ao entrar (batalha),src/data/pokemon/species_info/gen_9_families.h:8703
TERAPAGOS_NORMAL,TERAPAGOS_STELLAR,SPECIES_TERAPAGOS_STELLAR,Forma Terastal,Sim,Sim,Não,Terastal — INDISPONÍVEL: Terastal indisponível (ITEM_TERA_ORB não distribuído),Terastal — INDISPONÍVEL: Terastal indisponível (ITEM_TERA_ORB não distribuído),src/data/pokemon/species_info/gen_9_families.h:8776
LUGIA,LUGIA_SHADOW,SPECIES_LUGIA_SHADOW,Forma especial do hack,Sim,Sim,Sim,Boss lendário @ WHIRL_ISLANDS_LUGIA_CHAMBER [data/maps/WhirlIslands_LugiaChamber/scripts.inc:227],,src/data/pokemon/species_info/gen_2_families.h:8978
MOTHIM_PLANT,MOTHIM_SANDY,SPECIES_MOTHIM_SANDY,Alternativa/cosmética/batalha,Sim,Não,Não,Sem método de ativação definido,,src/data/pokemon/species_info/gen_4_families.h:2409
MOTHIM_PLANT,MOTHIM_TRASH,SPECIES_MOTHIM_TRASH,Alternativa/cosmética/batalha,Sim,Não,Não,Sem método de ativação definido,,src/data/pokemon/species_info/gen_4_families.h:2410
SCATTERBUG_ICY_SNOW,SCATTERBUG_POLAR,SPECIES_SCATTERBUG_POLAR,Alternativa/cosmética/batalha,Sim,Não,Não,Sem método de ativação definido,,src/data/pokemon/species_info/gen_6_families.h:1400
SCATTERBUG_ICY_SNOW,SCATTERBUG_TUNDRA,SPECIES_SCATTERBUG_TUNDRA,Alternativa/cosmética/batalha,Sim,Não,Não,Sem método de ativação definido,,src/data/pokemon/species_info/gen_6_families.h:1401
SCATTERBUG_ICY_SNOW,SCATTERBUG_CONTINENTAL,SPECIES_SCATTERBUG_CONTINENTAL,Alternativa/cosmética/batalha,Sim,Não,Não,Sem método de ativação definido,,src/data/pokemon/species_info/gen_6_families.h:1402
SCATTERBUG_ICY_SNOW,SCATTERBUG_GARDEN,SPECIES_SCATTERBUG_GARDEN,Alternativa/cosmética/batalha,Sim,Não,Não,Sem método de ativação definido,,src/data/pokemon/species_info/gen_6_families.h:1403
SCATTERBUG_ICY_SNOW,SCATTERBUG_ELEGANT,SPECIES_SCATTERBUG_ELEGANT,Alternativa/cosmética/batalha,Sim,Não,Não,Sem método de ativação definido,,src/data/pokemon/species_info/gen_6_families.h:1404
SCATTERBUG_ICY_SNOW,SCATTERBUG_MEADOW,SPECIES_SCATTERBUG_MEADOW,Alternativa/cosmética/batalha,Sim,Não,Não,Sem método de ativação definido,,src/data/pokemon/species_info/gen_6_families.h:1405
SCATTERBUG_ICY_SNOW,SCATTERBUG_MODERN,SPECIES_SCATTERBUG_MODERN,Alternativa/cosmética/batalha,Sim,Não,Não,Sem método de ativação definido,,src/data/pokemon/species_info/gen_6_families.h:1406
SCATTERBUG_ICY_SNOW,SCATTERBUG_MARINE,SPECIES_SCATTERBUG_MARINE,Alternativa/cosmética/batalha,Sim,Não,Não,Sem método de ativação definido,,src/data/pokemon/species_info/gen_6_families.h:1407
SCATTERBUG_ICY_SNOW,SCATTERBUG_ARCHIPELAGO,SPECIES_SCATTERBUG_ARCHIPELAGO,Alternativa/cosmética/batalha,Sim,Não,Não,Sem método de ativação definido,,src/data/pokemon/species_info/gen_6_families.h:1408
SCATTERBUG_ICY_SNOW,SCATTERBUG_HIGH_PLAINS,SPECIES_SCATTERBUG_HIGH_PLAINS,Alternativa/cosmética/batalha,Sim,Não,Não,Sem método de ativação definido,,src/data/pokemon/species_info/gen_6_families.h:1409
SCATTERBUG_ICY_SNOW,SCATTERBUG_SANDSTORM,SPECIES_SCATTERBUG_SANDSTORM,Alternativa/cosmética/batalha,Sim,Não,Não,Sem método de ativação definido,,src/data/pokemon/species_info/gen_6_families.h:1410
SCATTERBUG_ICY_SNOW,SCATTERBUG_RIVER,SPECIES_SCATTERBUG_RIVER,Alternativa/cosmética/batalha,Sim,Não,Não,Sem método de ativação definido,,src/data/pokemon/species_info/gen_6_families.h:1411
SCATTERBUG_ICY_SNOW,SCATTERBUG_MONSOON,SPECIES_SCATTERBUG_MONSOON,Alternativa/cosmética/batalha,Sim,Não,Não,Sem método de ativação definido,,src/data/pokemon/species_info/gen_6_families.h:1412
SCATTERBUG_ICY_SNOW,SCATTERBUG_SAVANNA,SPECIES_SCATTERBUG_SAVANNA,Alternativa/cosmética/batalha,Sim,Não,Não,Sem método de ativação definido,,src/data/pokemon/species_info/gen_6_families.h:1413
SCATTERBUG_ICY_SNOW,SCATTERBUG_SUN,SPECIES_SCATTERBUG_SUN,Alternativa/cosmética/batalha,Sim,Não,Não,Sem método de ativação definido,,src/data/pokemon/species_info/gen_6_families.h:1414
SCATTERBUG_ICY_SNOW,SCATTERBUG_OCEAN,SPECIES_SCATTERBUG_OCEAN,Alternativa/cosmética/batalha,Sim,Não,Não,Sem método de ativação definido,,src/data/pokemon/species_info/gen_6_families.h:1415
SCATTERBUG_ICY_SNOW,SCATTERBUG_JUNGLE,SPECIES_SCATTERBUG_JUNGLE,Alternativa/cosmética/batalha,Sim,Não,Não,Sem método de ativação definido,,src/data/pokemon/species_info/gen_6_families.h:1416
SCATTERBUG_ICY_SNOW,SCATTERBUG_FANCY,SPECIES_SCATTERBUG_FANCY,Alternativa/cosmética/batalha,Sim,Não,Não,Sem método de ativação definido,,src/data/pokemon/species_info/gen_6_families.h:1417
SCATTERBUG_ICY_SNOW,SCATTERBUG_POKEBALL,SPECIES_SCATTERBUG_POKEBALL,Alternativa/cosmética/batalha,Sim,Não,Não,Sem método de ativação definido,,src/data/pokemon/species_info/gen_6_families.h:1418
SPEWPA_ICY_SNOW,SPEWPA_POLAR,SPECIES_SPEWPA_POLAR,Alternativa/cosmética/batalha,Sim,Não,Não,Sem método de ativação definido,,src/data/pokemon/species_info/gen_6_families.h:1484
SPEWPA_ICY_SNOW,SPEWPA_TUNDRA,SPECIES_SPEWPA_TUNDRA,Alternativa/cosmética/batalha,Sim,Não,Não,Sem método de ativação definido,,src/data/pokemon/species_info/gen_6_families.h:1485
SPEWPA_ICY_SNOW,SPEWPA_CONTINENTAL,SPECIES_SPEWPA_CONTINENTAL,Alternativa/cosmética/batalha,Sim,Não,Não,Sem método de ativação definido,,src/data/pokemon/species_info/gen_6_families.h:1486
SPEWPA_ICY_SNOW,SPEWPA_GARDEN,SPECIES_SPEWPA_GARDEN,Alternativa/cosmética/batalha,Sim,Não,Não,Sem método de ativação definido,,src/data/pokemon/species_info/gen_6_families.h:1487
SPEWPA_ICY_SNOW,SPEWPA_ELEGANT,SPECIES_SPEWPA_ELEGANT,Alternativa/cosmética/batalha,Sim,Não,Não,Sem método de ativação definido,,src/data/pokemon/species_info/gen_6_families.h:1488
SPEWPA_ICY_SNOW,SPEWPA_MEADOW,SPECIES_SPEWPA_MEADOW,Alternativa/cosmética/batalha,Sim,Não,Não,Sem método de ativação definido,,src/data/pokemon/species_info/gen_6_families.h:1489
SPEWPA_ICY_SNOW,SPEWPA_MODERN,SPECIES_SPEWPA_MODERN,Alternativa/cosmética/batalha,Sim,Não,Não,Sem método de ativação definido,,src/data/pokemon/species_info/gen_6_families.h:1490
SPEWPA_ICY_SNOW,SPEWPA_MARINE,SPECIES_SPEWPA_MARINE,Alternativa/cosmética/batalha,Sim,Não,Não,Sem método de ativação definido,,src/data/pokemon/species_info/gen_6_families.h:1491
SPEWPA_ICY_SNOW,SPEWPA_ARCHIPELAGO,SPECIES_SPEWPA_ARCHIPELAGO,Alternativa/cosmética/batalha,Sim,Não,Não,Sem método de ativação definido,,src/data/pokemon/species_info/gen_6_families.h:1492
SPEWPA_ICY_SNOW,SPEWPA_HIGH_PLAINS,SPECIES_SPEWPA_HIGH_PLAINS,Alternativa/cosmética/batalha,Sim,Não,Não,Sem método de ativação definido,,src/data/pokemon/species_info/gen_6_families.h:1493
SPEWPA_ICY_SNOW,SPEWPA_SANDSTORM,SPECIES_SPEWPA_SANDSTORM,Alternativa/cosmética/batalha,Sim,Não,Não,Sem método de ativação definido,,src/data/pokemon/species_info/gen_6_families.h:1494
SPEWPA_ICY_SNOW,SPEWPA_RIVER,SPECIES_SPEWPA_RIVER,Alternativa/cosmética/batalha,Sim,Não,Não,Sem método de ativação definido,,src/data/pokemon/species_info/gen_6_families.h:1495
SPEWPA_ICY_SNOW,SPEWPA_MONSOON,SPECIES_SPEWPA_MONSOON,Alternativa/cosmética/batalha,Sim,Não,Não,Sem método de ativação definido,,src/data/pokemon/species_info/gen_6_families.h:1496
SPEWPA_ICY_SNOW,SPEWPA_SAVANNA,SPECIES_SPEWPA_SAVANNA,Alternativa/cosmética/batalha,Sim,Não,Não,Sem método de ativação definido,,src/data/pokemon/species_info/gen_6_families.h:1497
SPEWPA_ICY_SNOW,SPEWPA_SUN,SPECIES_SPEWPA_SUN,Alternativa/cosmética/batalha,Sim,Não,Não,Sem método de ativação definido,,src/data/pokemon/species_info/gen_6_families.h:1498
SPEWPA_ICY_SNOW,SPEWPA_OCEAN,SPECIES_SPEWPA_OCEAN,Alternativa/cosmética/batalha,Sim,Não,Não,Sem método de ativação definido,,src/data/pokemon/species_info/gen_6_families.h:1499
SPEWPA_ICY_SNOW,SPEWPA_JUNGLE,SPECIES_SPEWPA_JUNGLE,Alternativa/cosmética/batalha,Sim,Não,Não,Sem método de ativação definido,,src/data/pokemon/species_info/gen_6_families.h:1500
SPEWPA_ICY_SNOW,SPEWPA_FANCY,SPECIES_SPEWPA_FANCY,Alternativa/cosmética/batalha,Sim,Não,Não,Sem método de ativação definido,,src/data/pokemon/species_info/gen_6_families.h:1501
SPEWPA_ICY_SNOW,SPEWPA_POKEBALL,SPECIES_SPEWPA_POKEBALL,Alternativa/cosmética/batalha,Sim,Não,Não,Sem método de ativação definido,,src/data/pokemon/species_info/gen_6_families.h:1502
RATICATE,RATICATE_ALOLA_TOTEM,SPECIES_RATICATE_ALOLA_TOTEM,Totem,Sim,Sim,Não,Sem método de ativação definido,,src/data/pokemon/species_info/gen_1_families.h:2513
GUMSHOOS,GUMSHOOS_TOTEM,SPECIES_GUMSHOOS_TOTEM,Totem,Sim,Não,Não,Sem método de ativação definido,,src/data/pokemon/species_info/gen_7_families.h:1124
VIKAVOLT,VIKAVOLT_TOTEM,SPECIES_VIKAVOLT_TOTEM,Totem,Sim,Sim,Não,Sem método de ativação definido,,src/data/pokemon/species_info/gen_7_families.h:1397
LURANTIS,LURANTIS_TOTEM,SPECIES_LURANTIS_TOTEM,Totem,Sim,Não,Não,Sem método de ativação definido,,src/data/pokemon/species_info/gen_7_families.h:3309
SALAZZLE,SALAZZLE_TOTEM,SPECIES_SALAZZLE_TOTEM,Totem,Sim,Não,Não,Sem método de ativação definido,,src/data/pokemon/species_info/gen_7_families.h:3650
MIMIKYU_DISGUISED,MIMIKYU_TOTEM_DISGUISED,SPECIES_MIMIKYU_TOTEM_DISGUISED,Totem,Sim,Sim,Não,Sem método de ativação definido,,src/data/pokemon/species_info/gen_7_families.h:5370
KOMMO_O,KOMMO_O_TOTEM,SPECIES_KOMMO_O_TOTEM,Totem,Sim,Sim,Não,Sem método de ativação definido,,src/data/pokemon/species_info/gen_7_families.h:5975
MAROWAK,MAROWAK_ALOLA_TOTEM,SPECIES_MAROWAK_ALOLA_TOTEM,Totem,Sim,Sim,Não,Sem método de ativação definido,,src/data/pokemon/species_info/gen_1_families.h:14349
RIBOMBEE,RIBOMBEE_TOTEM,SPECIES_RIBOMBEE_TOTEM,Totem,Sim,Sim,Não,Sem método de ativação definido,,src/data/pokemon/species_info/gen_7_families.h:2138
ARAQUANID,ARAQUANID_TOTEM,SPECIES_ARAQUANID_TOTEM,Totem,Sim,Não,Não,Sem método de ativação definido,,src/data/pokemon/species_info/gen_7_families.h:3110
TOGEDEMARU,TOGEDEMARU_TOTEM,SPECIES_TOGEDEMARU_TOTEM,Totem,Sim,Não,Não,Sem método de ativação definido,,src/data/pokemon/species_info/gen_7_families.h:5181
PIKACHU,PIKACHU_STARTER,SPECIES_PIKACHU_STARTER,Alternativa/cosmética/batalha,Sim,Sim,Sim,Gacha do Game Corner @ MAUVILLE_CITY_GAME_CORNER [src/game_corner_gacha.c],,src/data/pokemon/species_info/gen_1_families.h:4000
EEVEE,EEVEE_STARTER,SPECIES_EEVEE_STARTER,Alternativa/cosmética/batalha,Sim,Sim,Sim,Gacha do Game Corner @ MAUVILLE_CITY_GAME_CORNER [src/game_corner_gacha.c],,src/data/pokemon/species_info/gen_1_families.h:18968
VENUSAUR,VENUSAUR_GMAX,SPECIES_VENUSAUR_GMAX,Gigantamax,Sim,Sim,Não,"Gigantamax (Dynamax) — INDISPONÍVEL: Dynamax desativado (B_FLAG_DYNAMAX_BATTLE=0, sem ITEM_DYNAMAX_BAND)","Gigantamax (Dynamax) — INDISPONÍVEL: Dynamax desativado (B_FLAG_DYNAMAX_BATTLE=0, sem ITEM_DYNAMAX_BAND)",src/data/pokemon/species_info/gen_1_families.h:327
BLASTOISE,BLASTOISE_GMAX,SPECIES_BLASTOISE_GMAX,Gigantamax,Sim,Sim,Não,"Gigantamax (Dynamax) — INDISPONÍVEL: Dynamax desativado (B_FLAG_DYNAMAX_BATTLE=0, sem ITEM_DYNAMAX_BAND)","Gigantamax (Dynamax) — INDISPONÍVEL: Dynamax desativado (B_FLAG_DYNAMAX_BATTLE=0, sem ITEM_DYNAMAX_BAND)",src/data/pokemon/species_info/gen_1_families.h:1142
CHARIZARD,CHARIZARD_GMAX,SPECIES_CHARIZARD_GMAX,Gigantamax,Sim,Sim,Não,"Gigantamax (Dynamax) — INDISPONÍVEL: Dynamax desativado (B_FLAG_DYNAMAX_BATTLE=0, sem ITEM_DYNAMAX_BAND)","Gigantamax (Dynamax) — INDISPONÍVEL: Dynamax desativado (B_FLAG_DYNAMAX_BATTLE=0, sem ITEM_DYNAMAX_BAND)",src/data/pokemon/species_info/gen_1_families.h:771
BUTTERFREE,BUTTERFREE_GMAX,SPECIES_BUTTERFREE_GMAX,Mega Evolution,Sim,Sim,Não,Mega (item) (ITEM_BUGTITE),Mega (item) (ITEM_BUGTITE),src/data/pokemon/species_info/gen_1_families.h:1461
PIKACHU,PIKACHU_GMAX,SPECIES_PIKACHU_GMAX,Gigantamax,Sim,Sim,Não,"Gigantamax (Dynamax) — INDISPONÍVEL: Dynamax desativado (B_FLAG_DYNAMAX_BATTLE=0, sem ITEM_DYNAMAX_BAND)","Gigantamax (Dynamax) — INDISPONÍVEL: Dynamax desativado (B_FLAG_DYNAMAX_BATTLE=0, sem ITEM_DYNAMAX_BAND)",src/data/pokemon/species_info/gen_1_families.h:3939
MEOWTH,MEOWTH_GMAX,SPECIES_MEOWTH_GMAX,Gigantamax,Sim,Sim,Não,"Gigantamax (Dynamax) — INDISPONÍVEL: Dynamax desativado (B_FLAG_DYNAMAX_BATTLE=0, sem ITEM_DYNAMAX_BAND)","Gigantamax (Dynamax) — INDISPONÍVEL: Dynamax desativado (B_FLAG_DYNAMAX_BATTLE=0, sem ITEM_DYNAMAX_BAND)",src/data/pokemon/species_info/gen_1_families.h:7823
MACHAMP,MACHAMP_GMAX,SPECIES_MACHAMP_GMAX,Mega Evolution,Sim,Sim,Não,Mega (item) (ITEM_FIGHTITE),Mega (item) (ITEM_FIGHTITE),src/data/pokemon/species_info/gen_1_families.h:9500
GENGAR,GENGAR_GMAX,SPECIES_GENGAR_GMAX,Gigantamax,Sim,Sim,Não,"Gigantamax (Dynamax) — INDISPONÍVEL: Dynamax desativado (B_FLAG_DYNAMAX_BATTLE=0, sem ITEM_DYNAMAX_BAND)","Gigantamax (Dynamax) — INDISPONÍVEL: Dynamax desativado (B_FLAG_DYNAMAX_BATTLE=0, sem ITEM_DYNAMAX_BAND)",src/data/pokemon/species_info/gen_1_families.h:12894
KINGLER,KINGLER_GMAX,SPECIES_KINGLER_GMAX,Gigantamax,Sim,Não,Não,"Gigantamax (Dynamax) — INDISPONÍVEL: Dynamax desativado (B_FLAG_DYNAMAX_BATTLE=0, sem ITEM_DYNAMAX_BAND)","Gigantamax (Dynamax) — INDISPONÍVEL: Dynamax desativado (B_FLAG_DYNAMAX_BATTLE=0, sem ITEM_DYNAMAX_BAND)",src/data/pokemon/species_info/gen_1_families.h:13523
LAPRAS,LAPRAS_GMAX,SPECIES_LAPRAS_GMAX,Mega Evolution,Sim,Sim,Não,Mega (item) (ITEM_ICETITE),Mega (item) (ITEM_ICETITE),src/data/pokemon/species_info/gen_1_families.h:18659
EEVEE,EEVEE_GMAX,SPECIES_EEVEE_GMAX,Gigantamax,Sim,Sim,Não,"Gigantamax (Dynamax) — INDISPONÍVEL: Dynamax desativado (B_FLAG_DYNAMAX_BATTLE=0, sem ITEM_DYNAMAX_BAND)","Gigantamax (Dynamax) — INDISPONÍVEL: Dynamax desativado (B_FLAG_DYNAMAX_BATTLE=0, sem ITEM_DYNAMAX_BAND)",src/data/pokemon/species_info/gen_1_families.h:18907
SNORLAX,SNORLAX_GMAX,SPECIES_SNORLAX_GMAX,Mega Evolution,Sim,Sim,Não,Mega (item) (ITEM_NORMALITE),Mega (item) (ITEM_NORMALITE),src/data/pokemon/species_info/gen_1_families.h:20469
GARBODOR,GARBODOR_GMAX,SPECIES_GARBODOR_GMAX,Gigantamax,Sim,Não,Não,"Gigantamax (Dynamax) — INDISPONÍVEL: Dynamax desativado (B_FLAG_DYNAMAX_BATTLE=0, sem ITEM_DYNAMAX_BAND)","Gigantamax (Dynamax) — INDISPONÍVEL: Dynamax desativado (B_FLAG_DYNAMAX_BATTLE=0, sem ITEM_DYNAMAX_BAND)",src/data/pokemon/species_info/gen_5_families.h:6805
MELMETAL,MELMETAL_GMAX,SPECIES_MELMETAL_GMAX,Gigantamax,Sim,Sim,Não,"Gigantamax (Dynamax) — INDISPONÍVEL: Dynamax desativado (B_FLAG_DYNAMAX_BATTLE=0, sem ITEM_DYNAMAX_BAND)","Gigantamax (Dynamax) — INDISPONÍVEL: Dynamax desativado (B_FLAG_DYNAMAX_BATTLE=0, sem ITEM_DYNAMAX_BAND)",src/data/pokemon/species_info/gen_7_families.h:8375
RILLABOOM,RILLABOOM_GMAX,SPECIES_RILLABOOM_GMAX,Mega Evolution,Sim,Sim,Não,Mega (item) (ITEM_GRASSTITE),Mega (item) (ITEM_GRASSTITE),src/data/pokemon/species_info/gen_8_families.h:206
CINDERACE,CINDERACE_GMAX,SPECIES_CINDERACE_GMAX,Mega Evolution,Sim,Sim,Não,Mega (item) (ITEM_FIRETITE),Mega (item) (ITEM_FIRETITE),src/data/pokemon/species_info/gen_8_families.h:467
INTELEON,INTELEON_GMAX,SPECIES_INTELEON_GMAX,Mega Evolution,Sim,Sim,Não,Mega (item) (ITEM_WATERTITE),Mega (item) (ITEM_WATERTITE),src/data/pokemon/species_info/gen_8_families.h:730
CORVIKNIGHT,CORVIKNIGHT_GMAX,SPECIES_CORVIKNIGHT_GMAX,Mega Evolution,Sim,Sim,Não,Mega (item) (ITEM_FLYINGITE),Mega (item) (ITEM_FLYINGITE),src/data/pokemon/species_info/gen_8_families.h:1149
ORBEETLE,ORBEETLE_GMAX,SPECIES_ORBEETLE_GMAX,Gigantamax,Sim,Não,Não,"Gigantamax (Dynamax) — INDISPONÍVEL: Dynamax desativado (B_FLAG_DYNAMAX_BATTLE=0, sem ITEM_DYNAMAX_BAND)","Gigantamax (Dynamax) — INDISPONÍVEL: Dynamax desativado (B_FLAG_DYNAMAX_BATTLE=0, sem ITEM_DYNAMAX_BAND)",src/data/pokemon/species_info/gen_8_families.h:1415
DREDNAW,DREDNAW_GMAX,SPECIES_DREDNAW_GMAX,Gigantamax,Sim,Não,Não,"Gigantamax (Dynamax) — INDISPONÍVEL: Dynamax desativado (B_FLAG_DYNAMAX_BATTLE=0, sem ITEM_DYNAMAX_BAND)","Gigantamax (Dynamax) — INDISPONÍVEL: Dynamax desativado (B_FLAG_DYNAMAX_BATTLE=0, sem ITEM_DYNAMAX_BAND)",src/data/pokemon/species_info/gen_8_families.h:2021
COALOSSAL,COALOSSAL_GMAX,SPECIES_COALOSSAL_GMAX,Gigantamax,Sim,Não,Não,"Gigantamax (Dynamax) — INDISPONÍVEL: Dynamax desativado (B_FLAG_DYNAMAX_BATTLE=0, sem ITEM_DYNAMAX_BAND)","Gigantamax (Dynamax) — INDISPONÍVEL: Dynamax desativado (B_FLAG_DYNAMAX_BATTLE=0, sem ITEM_DYNAMAX_BAND)",src/data/pokemon/species_info/gen_8_families.h:2428
FLAPPLE,FLAPPLE_GMAX,SPECIES_FLAPPLE_GMAX,Gigantamax,Sim,Sim,Não,"Gigantamax (Dynamax) — INDISPONÍVEL: Dynamax desativado (B_FLAG_DYNAMAX_BATTLE=0, sem ITEM_DYNAMAX_BAND)","Gigantamax (Dynamax) — INDISPONÍVEL: Dynamax desativado (B_FLAG_DYNAMAX_BATTLE=0, sem ITEM_DYNAMAX_BAND)",src/data/pokemon/species_info/gen_8_families.h:2640
APPLETUN,APPLETUN_GMAX,SPECIES_APPLETUN_GMAX,Gigantamax,Sim,Sim,Não,"Gigantamax (Dynamax) — INDISPONÍVEL: Dynamax desativado (B_FLAG_DYNAMAX_BATTLE=0, sem ITEM_DYNAMAX_BAND)","Gigantamax (Dynamax) — INDISPONÍVEL: Dynamax desativado (B_FLAG_DYNAMAX_BATTLE=0, sem ITEM_DYNAMAX_BAND)",src/data/pokemon/species_info/gen_8_families.h:2771
SANDACONDA,SANDACONDA_GMAX,SPECIES_SANDACONDA_GMAX,Mega Evolution,Sim,Sim,Não,Mega (item) (ITEM_GROUNDITE),Mega (item) (ITEM_GROUNDITE),src/data/pokemon/species_info/gen_8_families.h:3099
TOXTRICITY_AMPED,TOXTRICITY_AMPED_GMAX,SPECIES_TOXTRICITY_AMPED_GMAX,Mega Evolution,Sim,Sim,Não,Mega (item) (ITEM_ELECTRITE),Mega (item) (ITEM_ELECTRITE),src/data/pokemon/species_info/gen_8_families.h:3619
TOXTRICITY_AMPED,TOXTRICITY_LOW_KEY_GMAX,SPECIES_TOXTRICITY_LOW_KEY_GMAX,Mega Evolution,Sim,Sim,Não,Mega (item) (ITEM_ELECTRITE),Mega (item) (ITEM_ELECTRITE),src/data/pokemon/species_info/gen_8_families.h:3742
CENTISKORCH,CENTISKORCH_GMAX,SPECIES_CENTISKORCH_GMAX,Mega Evolution,Sim,Sim,Não,Mega (item) (ITEM_FIRETITE),Mega (item) (ITEM_FIRETITE),src/data/pokemon/species_info/gen_8_families.h:3940
HATTERENE,HATTERENE_GMAX,SPECIES_HATTERENE_GMAX,Gigantamax,Sim,Não,Não,"Gigantamax (Dynamax) — INDISPONÍVEL: Dynamax desativado (B_FLAG_DYNAMAX_BATTLE=0, sem ITEM_DYNAMAX_BAND)","Gigantamax (Dynamax) — INDISPONÍVEL: Dynamax desativado (B_FLAG_DYNAMAX_BATTLE=0, sem ITEM_DYNAMAX_BAND)",src/data/pokemon/species_info/gen_8_families.h:4607
GRIMMSNARL,GRIMMSNARL_GMAX,SPECIES_GRIMMSNARL_GMAX,Gigantamax,Sim,Sim,Não,"Gigantamax (Dynamax) — INDISPONÍVEL: Dynamax desativado (B_FLAG_DYNAMAX_BATTLE=0, sem ITEM_DYNAMAX_BAND)","Gigantamax (Dynamax) — INDISPONÍVEL: Dynamax desativado (B_FLAG_DYNAMAX_BATTLE=0, sem ITEM_DYNAMAX_BAND)",src/data/pokemon/species_info/gen_8_families.h:4870
ALCREMIE_STRAWBERRY_VANILLA_CREAM,ALCREMIE_GMAX,SPECIES_ALCREMIE_GMAX,Gigantamax,Sim,Não,Não,"Gigantamax (Dynamax) — INDISPONÍVEL: Dynamax desativado (B_FLAG_DYNAMAX_BATTLE=0, sem ITEM_DYNAMAX_BAND)","Gigantamax (Dynamax) — INDISPONÍVEL: Dynamax desativado (B_FLAG_DYNAMAX_BATTLE=0, sem ITEM_DYNAMAX_BAND)",src/data/pokemon/species_info/gen_8_families.h:5319
COPPERAJAH,COPPERAJAH_GMAX,SPECIES_COPPERAJAH_GMAX,Gigantamax,Sim,Não,Não,"Gigantamax (Dynamax) — INDISPONÍVEL: Dynamax desativado (B_FLAG_DYNAMAX_BATTLE=0, sem ITEM_DYNAMAX_BAND)","Gigantamax (Dynamax) — INDISPONÍVEL: Dynamax desativado (B_FLAG_DYNAMAX_BATTLE=0, sem ITEM_DYNAMAX_BAND)",src/data/pokemon/species_info/gen_8_families.h:6305
DURALUDON,DURALUDON_GMAX,SPECIES_DURALUDON_GMAX,Gigantamax,Sim,Sim,Não,"Gigantamax (Dynamax) — INDISPONÍVEL: Dynamax desativado (B_FLAG_DYNAMAX_BATTLE=0, sem ITEM_DYNAMAX_BAND)","Gigantamax (Dynamax) — INDISPONÍVEL: Dynamax desativado (B_FLAG_DYNAMAX_BATTLE=0, sem ITEM_DYNAMAX_BAND)",src/data/pokemon/species_info/gen_8_families.h:6711
URSHIFU_SINGLE_STRIKE,URSHIFU_SINGLE_STRIKE_GMAX,SPECIES_URSHIFU_SINGLE_STRIKE_GMAX,Gigantamax,Sim,Sim,Não,"Gigantamax (Dynamax) — INDISPONÍVEL: Dynamax desativado (B_FLAG_DYNAMAX_BATTLE=0, sem ITEM_DYNAMAX_BAND)","Gigantamax (Dynamax) — INDISPONÍVEL: Dynamax desativado (B_FLAG_DYNAMAX_BATTLE=0, sem ITEM_DYNAMAX_BAND)",src/data/pokemon/species_info/gen_8_families.h:7597
URSHIFU_SINGLE_STRIKE,URSHIFU_RAPID_STRIKE_GMAX,SPECIES_URSHIFU_RAPID_STRIKE_GMAX,Gigantamax,Sim,Sim,Não,"Gigantamax (Dynamax) — INDISPONÍVEL: Dynamax desativado (B_FLAG_DYNAMAX_BATTLE=0, sem ITEM_DYNAMAX_BAND)","Gigantamax (Dynamax) — INDISPONÍVEL: Dynamax desativado (B_FLAG_DYNAMAX_BATTLE=0, sem ITEM_DYNAMAX_BAND)",src/data/pokemon/species_info/gen_8_families.h:7729
MIMIKYU_DISGUISED,MIMIKYU_BUSTED_TOTEM,SPECIES_MIMIKYU_BUSTED_TOTEM,Totem,Sim,Sim,Não,Dano de confusão (batalha); Ao ser atingido (batalha); Ao ser atingido (batalha),Ao ser atingido (batalha); Dano de confusão (batalha),src/data/pokemon/species_info/gen_7_families.h:5437
CLEFABLE,CLEFABLE_MEGA,SPECIES_CLEFABLE_MEGA,Mega Evolution,Sim,Sim,Não,Mega (item) (ITEM_FAIRYTITE),Mega (item) (ITEM_FAIRYTITE),src/data/pokemon/species_info/gen_1_families.h:5413
VICTREEBEL,VICTREEBEL_MEGA,SPECIES_VICTREEBEL_MEGA,Mega Evolution,Sim,Sim,Não,Mega (item) (ITEM_POISONTITE),Mega (item) (ITEM_POISONTITE),src/data/pokemon/species_info/gen_1_families.h:9810
STARMIE,STARMIE_MEGA,SPECIES_STARMIE_MEGA,Mega Evolution,Sim,Sim,Não,Mega (item) (ITEM_WATERTITE),Mega (item) (ITEM_WATERTITE),src/data/pokemon/species_info/gen_1_families.h:16529
DRAGONITE,DRAGONITE_MEGA,SPECIES_DRAGONITE_MEGA,Mega Evolution,Sim,Sim,Não,Mega (item) (ITEM_DRAGOTITE),Mega (item) (ITEM_DRAGOTITE),src/data/pokemon/species_info/gen_1_families.h:21255
MEGANIUM,MEGANIUM_MEGA,SPECIES_MEGANIUM_MEGA,Mega Evolution,Sim,Sim,Não,Mega (item) (ITEM_BONDSTONE),Mega (item) (ITEM_BONDSTONE),src/data/pokemon/species_info/gen_2_families.h:242
FERALIGATR,FERALIGATR_MEGA,SPECIES_FERALIGATR_MEGA,Mega Evolution,Sim,Sim,Não,Mega (item) (ITEM_BONDSTONE),Mega (item) (ITEM_BONDSTONE),src/data/pokemon/species_info/gen_2_families.h:889
SKARMORY,SKARMORY_MEGA,SPECIES_SKARMORY_MEGA,Mega Evolution,Sim,Sim,Não,Mega (item) (ITEM_STEELTITE),Mega (item) (ITEM_STEELTITE),src/data/pokemon/species_info/gen_2_families.h:7573
FROSLASS,FROSLASS_MEGA,SPECIES_FROSLASS_MEGA,Mega Evolution,Sim,Sim,Não,Mega (item) (ITEM_ICETITE),Mega (item) (ITEM_ICETITE),src/data/pokemon/species_info/gen_3_families.h:11362
EMBOAR,EMBOAR_MEGA,SPECIES_EMBOAR_MEGA,Mega Evolution,Sim,Sim,Não,Mega (item) (ITEM_FIRETITE),Mega (item) (ITEM_FIRETITE),src/data/pokemon/species_info/gen_5_families.h:534
EXCADRILL,EXCADRILL_MEGA,SPECIES_EXCADRILL_MEGA,Mega Evolution,Sim,Sim,Não,Mega (item) (ITEM_GROUNDITE),Mega (item) (ITEM_GROUNDITE),src/data/pokemon/species_info/gen_5_families.h:2893
SCOLIPEDE,SCOLIPEDE_MEGA,SPECIES_SCOLIPEDE_MEGA,Mega Evolution,Sim,Sim,Não,Mega (item) (ITEM_POISONTITE),Mega (item) (ITEM_POISONTITE),src/data/pokemon/species_info/gen_5_families.h:4150
SCRAFTY,SCRAFTY_MEGA,SPECIES_SCRAFTY_MEGA,Mega Evolution,Sim,Sim,Não,Mega (item) (ITEM_DARKTITE),Mega (item) (ITEM_DARKTITE),src/data/pokemon/species_info/gen_5_families.h:5935
EELEKTROSS,EELEKTROSS_MEGA,SPECIES_EELEKTROSS_MEGA,Mega Evolution,Sim,Sim,Não,Mega (item) (ITEM_ELECTRITE),Mega (item) (ITEM_ELECTRITE),src/data/pokemon/species_info/gen_5_families.h:10019
CHANDELURE,CHANDELURE_MEGA,SPECIES_CHANDELURE_MEGA,Mega Evolution,Sim,Sim,Não,Mega (item) (ITEM_GHOSTITE),Mega (item) (ITEM_GHOSTITE),src/data/pokemon/species_info/gen_5_families.h:10455
CHESNAUGHT,CHESNAUGHT_MEGA,SPECIES_CHESNAUGHT_MEGA,Mega Evolution,Sim,Sim,Não,Mega (item) (ITEM_BONDSTONE),Mega (item) (ITEM_BONDSTONE),src/data/pokemon/species_info/gen_6_families.h:224
DELPHOX,DELPHOX_MEGA,SPECIES_DELPHOX_MEGA,Mega Evolution,Sim,Sim,Não,Mega (item) (ITEM_BONDSTONE),Mega (item) (ITEM_BONDSTONE),src/data/pokemon/species_info/gen_6_families.h:505
GRENINJA,GRENINJA_MEGA,SPECIES_GRENINJA_MEGA,Mega Evolution,Sim,Sim,Não,Mega (item) (ITEM_BONDSTONE),Mega (item) (ITEM_BONDSTONE),src/data/pokemon/species_info/gen_6_families.h:912
PYROAR,PYROAR_MEGA,SPECIES_PYROAR_MEGA,Mega Evolution,Sim,Sim,Não,Mega (item) (ITEM_FIRETITE),Mega (item) (ITEM_FIRETITE),src/data/pokemon/species_info/gen_6_families.h:1924
MALAMAR,MALAMAR_MEGA,SPECIES_MALAMAR_MEGA,Mega Evolution,Sim,Sim,Não,Mega (item) (ITEM_DARKTITE),Mega (item) (ITEM_DARKTITE),src/data/pokemon/species_info/gen_6_families.h:3839
DRAGALGE,DRAGALGE_MEGA,SPECIES_DRAGALGE_MEGA,Mega Evolution,Sim,Sim,Não,Mega (item) (ITEM_POISONTITE),Mega (item) (ITEM_POISONTITE),src/data/pokemon/species_info/gen_6_families.h:4256
HAWLUCHA,HAWLUCHA_MEGA,SPECIES_HAWLUCHA_MEGA,Mega Evolution,Sim,Sim,Não,Mega (item) (ITEM_FIGHTITE),Mega (item) (ITEM_FIGHTITE),src/data/pokemon/species_info/gen_6_families.h:4978
FLOETTE_RED,FLOETTE_MEGA,SPECIES_FLOETTE_MEGA,Mega Evolution,Sim,Sim,Não,Mega (item) (ITEM_FAIRYTITE),Mega (item) (ITEM_FAIRYTITE),src/data/pokemon/species_info/gen_6_families.h:2349
BARBARACLE,BARBARACLE_MEGA,SPECIES_BARBARACLE_MEGA,Mega Evolution,Sim,Sim,Não,Mega (item) (ITEM_ROCKTITE),Mega (item) (ITEM_ROCKTITE),src/data/pokemon/species_info/gen_6_families.h:4046
ZYGARDE_50,ZYGARDE_MEGA,SPECIES_ZYGARDE_MEGA,Mega Evolution,Sim,Sim,Não,Mega (item) (ITEM_DRAGOTITE),Mega (item) (ITEM_DRAGOTITE),src/data/pokemon/species_info/gen_6_families.h:7255
DRAMPA,DRAMPA_MEGA,SPECIES_DRAMPA_MEGA,Mega Evolution,Sim,Sim,Não,Mega (item) (ITEM_NORMALITE),Mega (item) (ITEM_NORMALITE),src/data/pokemon/species_info/gen_7_families.h:5639
FALINKS,FALINKS_MEGA,SPECIES_FALINKS_MEGA,Mega Evolution,Sim,Sim,Não,Mega (item) (ITEM_FIGHTITE),Mega (item) (ITEM_FIGHTITE),src/data/pokemon/species_info/gen_8_families.h:5431
HEATRAN,HEATRAN_MEGA,SPECIES_HEATRAN_MEGA,Mega Evolution,Sim,Sim,Não,Mega (item) (ITEM_FIRETITE),Mega (item) (ITEM_FIRETITE),src/data/pokemon/species_info/gen_4_families.h:7217
DARKRAI,DARKRAI_MEGA,SPECIES_DARKRAI_MEGA,Mega Evolution,Sim,Sim,Não,Mega (item) (ITEM_DARKTITE),Mega (item) (ITEM_DARKTITE),src/data/pokemon/species_info/gen_4_families.h:7855
ZERAORA,ZERAORA_MEGA,SPECIES_ZERAORA_MEGA,Mega Evolution,Sim,Sim,Não,Mega (item) (ITEM_ELECTRITE),Mega (item) (ITEM_ELECTRITE),src/data/pokemon/species_info/gen_7_families.h:8166
RAICHU,RAICHU_MEGA_X,SPECIES_RAICHU_MEGA_X,Mega Evolution,Sim,Sim,Não,Mega (item) (ITEM_ELECTRITE),Mega (item) (ITEM_ELECTRITE),src/data/pokemon/species_info/gen_1_families.h:4239
RAICHU,RAICHU_MEGA_Y,SPECIES_RAICHU_MEGA_Y,Mega Evolution,Sim,Sim,Não,Mega (item) (ITEM_BONDSTONE),Mega (item) (ITEM_BONDSTONE),src/data/pokemon/species_info/gen_1_families.h:4311
CHIMECHO,CHIMECHO_MEGA,SPECIES_CHIMECHO_MEGA,Mega Evolution,Sim,Sim,Não,Mega (item) (ITEM_PSYCHITE),Mega (item) (ITEM_PSYCHITE),src/data/pokemon/species_info/gen_3_families.h:10755
ABSOL,ABSOL_MEGA_Z,SPECIES_ABSOL_MEGA_Z,Mega Evolution,Sim,Sim,Não,Mega (item) (ITEM_GHOSTITE),Mega (item) (ITEM_GHOSTITE),src/data/pokemon/species_info/gen_3_families.h:10986
STARAPTOR,STARAPTOR_MEGA,SPECIES_STARAPTOR_MEGA,Mega Evolution,Sim,Sim,Não,Mega (item) (ITEM_FLYINGITE),Mega (item) (ITEM_FLYINGITE),src/data/pokemon/species_info/gen_4_families.h:955
GARCHOMP,GARCHOMP_MEGA_Z,SPECIES_GARCHOMP_MEGA_Z,Mega Evolution,Sim,Sim,Não,Mega (item) (ITEM_DRAGOTITE),Mega (item) (ITEM_DRAGOTITE),src/data/pokemon/species_info/gen_4_families.h:4647
LUCARIO,LUCARIO_MEGA_Z,SPECIES_LUCARIO_MEGA_Z,Mega Evolution,Sim,Sim,Não,Mega (item) (ITEM_STEELTITE),Mega (item) (ITEM_STEELTITE),src/data/pokemon/species_info/gen_4_families.h:4935
GOLURK,GOLURK_MEGA,SPECIES_GOLURK_MEGA,Mega Evolution,Sim,Sim,Não,Mega (item) (ITEM_GROUNDITE),Mega (item) (ITEM_GROUNDITE),src/data/pokemon/species_info/gen_5_families.h:11605
MEOWSTIC_M,MEOWSTIC_M_MEGA,SPECIES_MEOWSTIC_M_MEGA,Mega Evolution,Sim,Sim,Não,Mega (item) (ITEM_PSYCHITE),Mega (item) (ITEM_PSYCHITE),src/data/pokemon/species_info/gen_6_families.h:2986
MEOWSTIC_M,MEOWSTIC_F_MEGA,SPECIES_MEOWSTIC_F_MEGA,Mega Evolution,Sim,Sim,Não,Mega (item) (ITEM_PSYCHITE),Mega (item) (ITEM_PSYCHITE),src/data/pokemon/species_info/gen_6_families.h:3045
CRABOMINABLE,CRABOMINABLE_MEGA,SPECIES_CRABOMINABLE_MEGA,Mega Evolution,Sim,Sim,Não,Mega (item) (ITEM_ICETITE),Mega (item) (ITEM_ICETITE),src/data/pokemon/species_info/gen_7_families.h:1610
GOLISOPOD,GOLISOPOD_MEGA,SPECIES_GOLISOPOD_MEGA,Mega Evolution,Sim,Sim,Não,Mega (item) (ITEM_BUGTITE),Mega (item) (ITEM_BUGTITE),src/data/pokemon/species_info/gen_7_families.h:4420
MAGEARNA,MAGEARNA_MEGA,SPECIES_MAGEARNA_MEGA,Mega Evolution,Sim,Sim,Não,Mega (item) (ITEM_STEELTITE),Mega (item) (ITEM_STEELTITE),src/data/pokemon/species_info/gen_7_families.h:7604
MAGEARNA,MAGEARNA_ORIGINAL_MEGA,SPECIES_MAGEARNA_ORIGINAL_MEGA,Mega Evolution,Sim,Sim,Não,Mega (item) (ITEM_STEELTITE),Mega (item) (ITEM_STEELTITE),src/data/pokemon/species_info/gen_7_families.h:7665
SCOVILLAIN,SCOVILLAIN_MEGA,SPECIES_SCOVILLAIN_MEGA,Mega Evolution,Sim,Sim,Não,Mega (item) (ITEM_GRASSTITE),Mega (item) (ITEM_GRASSTITE),src/data/pokemon/species_info/gen_9_families.h:3559
BAXCALIBUR,BAXCALIBUR_MEGA,SPECIES_BAXCALIBUR_MEGA,Mega Evolution,Sim,Sim,Não,Mega (item) (ITEM_DRAGOTITE),Mega (item) (ITEM_DRAGOTITE),src/data/pokemon/species_info/gen_9_families.h:6848
TATSUGIRI_CURLY,TATSUGIRI_CURLY_MEGA,SPECIES_TATSUGIRI_CURLY_MEGA,Mega Evolution,Sim,Sim,Não,Mega (item) (ITEM_DRAGOTITE),Mega (item) (ITEM_DRAGOTITE),src/data/pokemon/species_info/gen_9_families.h:5635
TATSUGIRI_CURLY,TATSUGIRI_DROOPY_MEGA,SPECIES_TATSUGIRI_DROOPY_MEGA,Mega Evolution,Sim,Sim,Não,Mega (item) (ITEM_DRAGOTITE),Mega (item) (ITEM_DRAGOTITE),src/data/pokemon/species_info/gen_9_families.h:5694
TATSUGIRI_CURLY,TATSUGIRI_STRETCHY_MEGA,SPECIES_TATSUGIRI_STRETCHY_MEGA,Mega Evolution,Sim,Sim,Não,Mega (item) (ITEM_DRAGOTITE),Mega (item) (ITEM_DRAGOTITE),src/data/pokemon/species_info/gen_9_families.h:5753
GLIMMORA,GLIMMORA_MEGA,SPECIES_GLIMMORA_MEGA,Mega Evolution,Sim,Sim,Não,Mega (item) (ITEM_ROCKTITE),Mega (item) (ITEM_ROCKTITE),src/data/pokemon/species_info/gen_9_families.h:4896
TYPHLOSION,TYPHLOSION_MEGA,SPECIES_TYPHLOSION_MEGA,Mega Evolution,Sim,Sim,Não,Mega (item) (ITEM_BONDSTONE),Mega (item) (ITEM_BONDSTONE),src/data/pokemon/species_info/gen_2_families.h:531
PRIMARINA,PRIMARINA_MEGA,SPECIES_PRIMARINA_MEGA,Mega Evolution,Sim,Sim,Não,Mega (item) (ITEM_BONDSTONE),Mega (item) (ITEM_BONDSTONE),src/data/pokemon/species_info/gen_7_families.h:715
MEOWSCARADA,MEOWSCARADA_MEGA,SPECIES_MEOWSCARADA_MEGA,Mega Evolution,Sim,Sim,Não,Mega (item) (ITEM_BONDSTONE),Mega (item) (ITEM_BONDSTONE),src/data/pokemon/species_info/gen_9_families.h:208
GARDEVOIR,GARDEVOIR_MEGA_Z,SPECIES_GARDEVOIR_MEGA_Z,Mega Evolution,Sim,Sim,Não,Mega (item) (ITEM_BONDSTONE),Mega (item) (ITEM_BONDSTONE),src/data/pokemon/species_info/gen_3_families.h:3232
DIALGA,DIALGA_PRIMAL,SPECIES_DIALGA_PRIMAL,Alternativa/cosmética/batalha,Sim,Sim,Sim,Boss lendário @ SPEAR_PILLAR_TOP [data/maps/SpearPillarTop/scripts.inc:183],,src/data/pokemon/species_info/gen_4_families.h:6909
