NatDex,Geracao,Especie,Const,BaseOuForma,Familia,Flag,Tipos,NumInnates,Innates,FonteInnates,GruposOvo,JaReferenciadoNoJogo,Evidencia
21,1,Spearow,SPECIES_SPEAROW,base,SPEAROW,Comum,"NORMAL, FLYING",1,ABILITY_HUSTLE,entrada,EGG_GROUP_FLYING,script_gift_var@data/maps/Gate_GoldenrodCity_Route35/scripts.inc:36,src/data/pokemon/species_info/gen_1_families.h:2582
22,1,Fearow,SPECIES_FEAROW,base,SPEAROW,Comum,"NORMAL, FLYING",3,"ABILITY_WIND_RIDER, ABILITY_MOXIE, ABILITY_EARLY_BIRD",entrada,EGG_GROUP_FLYING,,src/data/pokemon/species_info/gen_1_families.h:2657
25,1,Pikachu,SPECIES_PIKACHU_ALOLA,forma,PIKACHU,Comum,ELECTRIC,3,"ABILITY_PLUS, ABILITY_BATTERY, ABILITY_BATTLE_BOND",entrada,EGG_GROUP_NO_EGGS_DISCOVERED,,src/data/pokemon/species_info/gen_1_families.h:3761
25,1,Pikachu,SPECIES_PIKACHU_BELLE,forma,PIKACHU,Comum,ELECTRIC,2,"ABILITY_PLUS, ABILITY_BATTERY",entrada,EGG_GROUP_NO_EGGS_DISCOVERED,,src/data/pokemon/species_info/gen_1_families.h:3249
25,1,Pikachu,SPECIES_PIKACHU_COSPLAY,forma,PIKACHU,Comum,ELECTRIC,2,"ABILITY_PLUS, ABILITY_BATTERY",entrada,EGG_GROUP_NO_EGGS_DISCOVERED,,src/data/pokemon/species_info/gen_1_families.h:3141
25,1,Pikachu,SPECIES_PIKACHU_HOENN,forma,PIKACHU,Comum,ELECTRIC,3,"ABILITY_PLUS, ABILITY_BATTERY, ABILITY_BATTLE_BOND",entrada,EGG_GROUP_NO_EGGS_DISCOVERED,,src/data/pokemon/species_info/gen_1_families.h:3529
25,1,Pikachu,SPECIES_PIKACHU_KALOS,forma,PIKACHU,Comum,ELECTRIC,3,"ABILITY_PLUS, ABILITY_BATTERY, ABILITY_BATTLE_BOND",entrada,EGG_GROUP_NO_EGGS_DISCOVERED,,src/data/pokemon/species_info/gen_1_families.h:3703
25,1,Pikachu,SPECIES_PIKACHU_LIBRE,forma,PIKACHU,Comum,ELECTRIC,2,"ABILITY_PLUS, ABILITY_BATTERY",entrada,EGG_GROUP_NO_EGGS_DISCOVERED,,src/data/pokemon/species_info/gen_1_families.h:3413
25,1,Pikachu,SPECIES_PIKACHU_ORIGINAL,forma,PIKACHU,Comum,ELECTRIC,3,"ABILITY_PLUS, ABILITY_BATTERY, ABILITY_BATTLE_BOND",entrada,EGG_GROUP_NO_EGGS_DISCOVERED,,src/data/pokemon/species_info/gen_1_families.h:3470
25,1,Pikachu,SPECIES_PIKACHU_PARTNER,forma,PIKACHU,Comum,ELECTRIC,3,"ABILITY_PLUS, ABILITY_BATTERY, ABILITY_BATTLE_BOND",entrada,EGG_GROUP_NO_EGGS_DISCOVERED,,src/data/pokemon/species_info/gen_1_families.h:3819
25,1,Pikachu,SPECIES_PIKACHU_PHD,forma,PIKACHU,Comum,ELECTRIC,2,"ABILITY_PLUS, ABILITY_BATTERY",entrada,EGG_GROUP_NO_EGGS_DISCOVERED,,src/data/pokemon/species_info/gen_1_families.h:3359
25,1,Pikachu,SPECIES_PIKACHU_POP_STAR,forma,PIKACHU,Comum,ELECTRIC,2,"ABILITY_PLUS, ABILITY_BATTERY",entrada,EGG_GROUP_NO_EGGS_DISCOVERED,,src/data/pokemon/species_info/gen_1_families.h:3304
25,1,Pikachu,SPECIES_PIKACHU_ROCK_STAR,forma,PIKACHU,Comum,ELECTRIC,2,"ABILITY_PLUS, ABILITY_BATTERY",entrada,EGG_GROUP_NO_EGGS_DISCOVERED,,src/data/pokemon/species_info/gen_1_families.h:3195
25,1,Pikachu,SPECIES_PIKACHU_SINNOH,forma,PIKACHU,Comum,ELECTRIC,3,"ABILITY_PLUS, ABILITY_BATTERY, ABILITY_BATTLE_BOND",entrada,EGG_GROUP_NO_EGGS_DISCOVERED,,src/data/pokemon/species_info/gen_1_families.h:3587
25,1,Pikachu,SPECIES_PIKACHU_UNOVA,forma,PIKACHU,Comum,ELECTRIC,3,"ABILITY_PLUS, ABILITY_BATTERY, ABILITY_BATTLE_BOND",entrada,EGG_GROUP_NO_EGGS_DISCOVERED,,src/data/pokemon/species_info/gen_1_families.h:3645
25,1,Pikachu,SPECIES_PIKACHU_WORLD,forma,PIKACHU,Comum,ELECTRIC,3,"ABILITY_PLUS, ABILITY_BATTERY, ABILITY_BATTLE_BOND",entrada,EGG_GROUP_NO_EGGS_DISCOVERED,,src/data/pokemon/species_info/gen_1_families.h:3878
46,1,Paras,SPECIES_PARAS,base,PARAS,Comum,"BUG, GRASS",1,ABILITY_OWN_TEMPO,entrada,"EGG_GROUP_BUG, EGG_GROUP_GRASS",,src/data/pokemon/species_info/gen_1_families.h:6701
47,1,Parasect,SPECIES_PARASECT,base,PARAS,Comum,"BUG, GRASS",3,"ABILITY_OWN_TEMPO, ABILITY_OBLIVIOUS, ABILITY_VITAL_SPIRIT",entrada,"EGG_GROUP_BUG, EGG_GROUP_GRASS",,src/data/pokemon/species_info/gen_1_families.h:6793
48,1,Venonat,SPECIES_VENONAT,base,VENONAT,Comum,"BUG, POISON",1,ABILITY_POISON_TOUCH,entrada,EGG_GROUP_BUG,,src/data/pokemon/species_info/gen_1_families.h:6876
49,1,Venomoth,SPECIES_VENOMOTH,base,VENONAT,Comum,"BUG, POISON",3,"ABILITY_POISON_TOUCH, ABILITY_LEVITATE, ABILITY_TOXIC_DEBRIS",entrada,EGG_GROUP_BUG,,src/data/pokemon/species_info/gen_1_families.h:6956
54,1,Psyduck,SPECIES_PSYDUCK,base,PSYDUCK,Comum,WATER,1,ABILITY_BERSERK,entrada,"EGG_GROUP_WATER_1, EGG_GROUP_FIELD",,src/data/pokemon/species_info/gen_1_families.h:7887
55,1,Golduck,SPECIES_GOLDUCK,base,PSYDUCK,Comum,WATER,3,"ABILITY_ILLUMINATE, ABILITY_STORM_DRAIN, ABILITY_RAIN_DISH",entrada,"EGG_GROUP_WATER_1, EGG_GROUP_FIELD",,src/data/pokemon/species_info/gen_1_families.h:7961
84,1,Doduo,SPECIES_DODUO,base,DODUO,Comum,"NORMAL, FLYING",2,"ABILITY_QUICK_FEET, ABILITY_INNER_FOCUS",entrada,EGG_GROUP_FLYING,,src/data/pokemon/species_info/gen_1_families.h:11768
85,1,Dodrio,SPECIES_DODRIO,base,DODUO,Comum,"NORMAL, FLYING",3,"ABILITY_QUICK_FEET, ABILITY_MOODY, ABILITY_STAKEOUT",entrada,EGG_GROUP_FLYING,,src/data/pokemon/species_info/gen_1_families.h:11857
96,1,Drowzee,SPECIES_DROWZEE,base,DROWZEE,Comum,PSYCHIC,1,ABILITY_GLUTTONY,entrada,EGG_GROUP_HUMAN_LIKE,,src/data/pokemon/species_info/gen_1_families.h:13200
97,1,Hypno,SPECIES_HYPNO,base,DROWZEE,Comum,PSYCHIC,3,"ABILITY_OWN_TEMPO, ABILITY_SYNCHRONIZE, ABILITY_PRESSURE",entrada,EGG_GROUP_HUMAN_LIKE,,src/data/pokemon/species_info/gen_1_families.h:13280
98,1,Krabby,SPECIES_KRABBY,base,KRABBY,Comum,WATER,1,ABILITY_REGENERATOR,entrada,EGG_GROUP_WATER_3,,src/data/pokemon/species_info/gen_1_families.h:13374
99,1,Kingler,SPECIES_KINGLER,base,KRABBY,Comum,WATER,3,"ABILITY_REGENERATOR, ABILITY_HUSTLE, ABILITY_MOLD_BREAKER",entrada,EGG_GROUP_WATER_3,,src/data/pokemon/species_info/gen_1_families.h:13449
99,1,Kingler,SPECIES_KINGLER_GMAX,forma,KRABBY,Comum,WATER,3,"ABILITY_WATER_VEIL, ABILITY_HUSTLE, ABILITY_MOLD_BREAKER",entrada,EGG_GROUP_WATER_3,,src/data/pokemon/species_info/gen_1_families.h:13523
118,1,Goldeen,SPECIES_GOLDEEN,base,GOLDEEN,Comum,WATER,1,ABILITY_MARVEL_SCALE,entrada,EGG_GROUP_WATER_2,,src/data/pokemon/species_info/gen_1_families.h:16196
119,1,Seaking,SPECIES_SEAKING,base,GOLDEEN,Comum,WATER,3,"ABILITY_MARVEL_SCALE, ABILITY_STORM_DRAIN, ABILITY_DAMP",entrada,EGG_GROUP_WATER_2,,src/data/pokemon/species_info/gen_1_families.h:16288
124,1,Jynx,SPECIES_JYNX,base,JYNX,Comum,"ICE, PSYCHIC",3,"ABILITY_CUTE_CHARM, ABILITY_DANCER, ABILITY_OWN_TEMPO",entrada,EGG_GROUP_HUMAN_LIKE,,src/data/pokemon/species_info/gen_1_families.h:17326
138,1,Omanyte,SPECIES_OMANYTE,base,OMANYTE,Comum,"ROCK, WATER",1,ABILITY_LIMBER,entrada,"EGG_GROUP_WATER_1, EGG_GROUP_WATER_3",script_gift@data/maps/RuinsOfAlph_Lab/scripts.inc:538; script_gift_var@data/maps/RuinsOfAlph_Lab/scripts.inc:536,src/data/pokemon/species_info/gen_1_families.h:19843
139,1,Omastar,SPECIES_OMASTAR,base,OMANYTE,Comum,"ROCK, WATER",3,"ABILITY_LIMBER, ABILITY_TANGLING_HAIR, ABILITY_ROUGH_SKIN",entrada,"EGG_GROUP_WATER_1, EGG_GROUP_WATER_3",,src/data/pokemon/species_info/gen_1_families.h:19926
161,2,Sentret,SPECIES_SENTRET,base,SENTRET,Comum,NORMAL,1,ABILITY_RATTLED,entrada,EGG_GROUP_FIELD,gacha@src/game_corner_gacha.c,src/data/pokemon/species_info/gen_2_families.h:951
162,2,Furret,SPECIES_FURRET,base,SENTRET,Comum,NORMAL,3,"ABILITY_QUICK_FEET, ABILITY_STAKEOUT, ABILITY_SCRAPPY",entrada,EGG_GROUP_FIELD,gacha@src/game_corner_gacha.c,src/data/pokemon/species_info/gen_2_families.h:1024
165,2,Ledyba,SPECIES_LEDYBA,base,LEDYBA,Comum,"BUG, FLYING",1,ABILITY_FRIEND_GUARD,entrada,EGG_GROUP_BUG,,src/data/pokemon/species_info/gen_2_families.h:1254
166,2,Ledian,SPECIES_LEDIAN,base,LEDYBA,Comum,"BUG, FLYING",3,"ABILITY_FRIEND_GUARD, ABILITY_TINTED_LENS, ABILITY_DEFIANT",entrada,EGG_GROUP_BUG,,src/data/pokemon/species_info/gen_2_families.h:1340
191,2,Sunkern,SPECIES_SUNKERN,base,SUNKERN,Comum,GRASS,1,ABILITY_SEED_SOWER,entrada,EGG_GROUP_GRASS,,src/data/pokemon/species_info/gen_2_families.h:3271
192,2,Sunflora,SPECIES_SUNFLORA,base,SUNKERN,Comum,GRASS,3,"ABILITY_SEED_SOWER, ABILITY_FLOWER_VEIL, ABILITY_DROUGHT",entrada,EGG_GROUP_GRASS,,src/data/pokemon/species_info/gen_2_families.h:3350
204,2,Pineco,SPECIES_PINECO,base,PINECO,Comum,BUG,1,ABILITY_BATTLE_ARMOR,entrada,EGG_GROUP_BUG,,src/data/pokemon/species_info/gen_2_families.h:4675
205,2,Forretress,SPECIES_FORRETRESS,base,PINECO,Comum,"BUG, STEEL",3,"ABILITY_BATTLE_ARMOR, ABILITY_IRON_BARBS, ABILITY_STEELWORKER",entrada,EGG_GROUP_BUG,,src/data/pokemon/species_info/gen_2_families.h:4752
209,2,Snubbull,SPECIES_SNUBBULL,base,SNUBBULL,Comum,FAIRY,1,ABILITY_GUARD_DOG,entrada,"EGG_GROUP_FIELD, EGG_GROUP_FAIRY",,src/data/pokemon/species_info/gen_2_families.h:5207
210,2,Granbull,SPECIES_GRANBULL,base,SNUBBULL,Comum,FAIRY,3,"ABILITY_GUARD_DOG, ABILITY_STRONG_JAW, ABILITY_TOUGH_CLAWS",entrada,"EGG_GROUP_FIELD, EGG_GROUP_FAIRY",,src/data/pokemon/species_info/gen_2_families.h:5282
213,2,Shuckle,SPECIES_SHUCKLE,base,SHUCKLE,Comum,"BUG, ROCK",3,"ABILITY_SOLID_ROCK, ABILITY_FILTER, ABILITY_PASTEL_VEIL",entrada,EGG_GROUP_BUG,script_gift_var@data/maps/CianwoodHouse3/scripts.inc:30,src/data/pokemon/species_info/gen_2_families.h:5587
218,2,Slugma,SPECIES_SLUGMA,base,SLUGMA,Comum,FIRE,1,ABILITY_SOLID_ROCK,entrada,EGG_GROUP_AMORPHOUS,,src/data/pokemon/species_info/gen_2_families.h:6468
219,2,Magcargo,SPECIES_MAGCARGO,base,SLUGMA,Comum,"FIRE, ROCK",3,"ABILITY_SOLID_ROCK, ABILITY_FILTER, ABILITY_EARTH_EATER",entrada,EGG_GROUP_AMORPHOUS,,src/data/pokemon/species_info/gen_2_families.h:6542
223,2,Remoraid,SPECIES_REMORAID,base,REMORAID,Comum,WATER,1,ABILITY_MEGA_LAUNCHER,entrada,"EGG_GROUP_WATER_1, EGG_GROUP_WATER_2",gacha@src/game_corner_gacha.c,src/data/pokemon/species_info/gen_2_families.h:7102
224,2,Octillery,SPECIES_OCTILLERY,base,REMORAID,Comum,WATER,3,"ABILITY_MEGA_LAUNCHER, ABILITY_STICKY_HOLD, ABILITY_BULLETPROOF",entrada,"EGG_GROUP_WATER_1, EGG_GROUP_WATER_2",gacha@src/game_corner_gacha.c,src/data/pokemon/species_info/gen_2_families.h:7178
235,2,Smeargle,SPECIES_SMEARGLE,base,SMEARGLE,Comum,NORMAL,3,"ABILITY_COLOR_CHANGE, ABILITY_MAGICIAN, ABILITY_SYMBIOSIS",entrada,EGG_GROUP_FIELD,,src/data/pokemon/species_info/gen_2_families.h:8176
238,2,Smoochum,SPECIES_SMOOCHUM,base,JYNX,Comum,"ICE, PSYCHIC",1,ABILITY_CUTE_CHARM,entrada,EGG_GROUP_NO_EGGS_DISCOVERED,,src/data/pokemon/species_info/gen_1_families.h:17249
261,3,Poochyena,SPECIES_POOCHYENA,base,POOCHYENA,Comum,DARK,1,ABILITY_STAKEOUT,entrada,EGG_GROUP_FIELD,,src/data/pokemon/species_info/gen_3_families.h:959
262,3,Mightyena,SPECIES_MIGHTYENA,base,POOCHYENA,Comum,DARK,3,"ABILITY_STAKEOUT, ABILITY_STRONG_JAW, ABILITY_DARK_AURA",entrada,EGG_GROUP_FIELD,,src/data/pokemon/species_info/gen_3_families.h:1041
265,3,Wurmple,SPECIES_WURMPLE,base,WURMPLE,Comum,BUG,1,ABILITY_STENCH,entrada,EGG_GROUP_BUG,,src/data/pokemon/species_info/gen_3_families.h:1491
266,3,Silcoon,SPECIES_SILCOON,base,WURMPLE,Comum,BUG,1,ABILITY_BATTLE_ARMOR,entrada,EGG_GROUP_BUG,,src/data/pokemon/species_info/gen_3_families.h:1572
267,3,Beautifly,SPECIES_BEAUTIFLY,base,WURMPLE,Comum,"BUG, FLYING",3,"ABILITY_SHIELD_DUST, ABILITY_TINTED_LENS, ABILITY_DAZZLING",entrada,EGG_GROUP_BUG,,src/data/pokemon/species_info/gen_3_families.h:1645
268,3,Cascoon,SPECIES_CASCOON,base,WURMPLE,Comum,BUG,1,ABILITY_BATTLE_ARMOR,entrada,EGG_GROUP_BUG,,src/data/pokemon/species_info/gen_3_families.h:1743
269,3,Dustox,SPECIES_DUSTOX,base,WURMPLE,Comum,"BUG, POISON",3,"ABILITY_POISON_POINT, ABILITY_FILTER, ABILITY_MAGIC_GUARD",entrada,EGG_GROUP_BUG,,src/data/pokemon/species_info/gen_3_families.h:1824
270,3,Lotad,SPECIES_LOTAD,base,LOTAD,Comum,"WATER, GRASS",1,ABILITY_HYDRATION,entrada,"EGG_GROUP_WATER_1, EGG_GROUP_GRASS",gacha@src/game_corner_gacha.c; script_gift@data/maps/Route25_BillsHouse/scripts.inc:145,src/data/pokemon/species_info/gen_3_families.h:1932
271,3,Lombre,SPECIES_LOMBRE,base,LOTAD,Comum,"WATER, GRASS",2,"ABILITY_HYDRATION, ABILITY_DANCER",entrada,"EGG_GROUP_WATER_1, EGG_GROUP_GRASS",gacha@src/game_corner_gacha.c,src/data/pokemon/species_info/gen_3_families.h:2005
272,3,Ludicolo,SPECIES_LUDICOLO,base,LOTAD,Comum,"WATER, GRASS",3,"ABILITY_HYDRATION, ABILITY_DANCER, ABILITY_TRIAGE",entrada,"EGG_GROUP_WATER_1, EGG_GROUP_GRASS",gacha@src/game_corner_gacha.c,src/data/pokemon/species_info/gen_3_families.h:2080
273,3,Seedot,SPECIES_SEEDOT,base,SEEDOT,Comum,GRASS,1,ABILITY_SEED_SOWER,entrada,"EGG_GROUP_FIELD, EGG_GROUP_GRASS",gacha@src/game_corner_gacha.c,src/data/pokemon/species_info/gen_3_families.h:2175
274,3,Nuzleaf,SPECIES_NUZLEAF,base,SEEDOT,Comum,"GRASS, DARK",2,"ABILITY_SEED_SOWER, ABILITY_STAKEOUT",entrada,"EGG_GROUP_FIELD, EGG_GROUP_GRASS",gacha@src/game_corner_gacha.c,src/data/pokemon/species_info/gen_3_families.h:2254
275,3,Shiftry,SPECIES_SHIFTRY,base,SEEDOT,Comum,"GRASS, DARK",3,"ABILITY_SEED_SOWER, ABILITY_STAKEOUT, ABILITY_DARK_AURA",entrada,"EGG_GROUP_FIELD, EGG_GROUP_GRASS",gacha@src/game_corner_gacha.c,src/data/pokemon/species_info/gen_3_families.h:2344
276,3,Taillow,SPECIES_TAILLOW,base,TAILLOW,Comum,"NORMAL, FLYING",1,ABILITY_BIG_PECKS,entrada,EGG_GROUP_FLYING,,src/data/pokemon/species_info/gen_3_families.h:2439
277,3,Swellow,SPECIES_SWELLOW,base,TAILLOW,Comum,"NORMAL, FLYING",3,"ABILITY_BIG_PECKS, ABILITY_GALE_WINGS, ABILITY_AERILATE",entrada,EGG_GROUP_FLYING,,src/data/pokemon/species_info/gen_3_families.h:2518
283,3,Surskit,SPECIES_SURSKIT,base,SURSKIT,Comum,"BUG, WATER",1,ABILITY_WATER_COMPACTION,entrada,"EGG_GROUP_WATER_1, EGG_GROUP_BUG",,src/data/pokemon/species_info/gen_3_families.h:3306
284,3,Masquerain,SPECIES_MASQUERAIN,base,SURSKIT,Comum,"BUG, FLYING",3,"ABILITY_WATER_COMPACTION, ABILITY_TINTED_LENS, ABILITY_WIND_POWER",entrada,"EGG_GROUP_WATER_1, EGG_GROUP_BUG",,src/data/pokemon/species_info/gen_3_families.h:3381
287,3,Slakoth,SPECIES_SLAKOTH,base,SLAKOTH,Comum,NORMAL,1,ABILITY_COMATOSE,entrada,EGG_GROUP_FIELD,,src/data/pokemon/species_info/gen_3_families.h:3635
288,3,Vigoroth,SPECIES_VIGOROTH,base,SLAKOTH,Comum,NORMAL,2,"ABILITY_QUICK_FEET, ABILITY_DEFIANT",entrada,EGG_GROUP_FIELD,,src/data/pokemon/species_info/gen_3_families.h:3710
289,3,Slaking,SPECIES_SLAKING,base,SLAKOTH,Comum,NORMAL,2,"ABILITY_COMATOSE, ABILITY_STAMINA",entrada,EGG_GROUP_FIELD,,src/data/pokemon/species_info/gen_3_families.h:3785
293,3,Whismur,SPECIES_WHISMUR,base,WHISMUR,Comum,NORMAL,1,ABILITY_PUNK_ROCK,entrada,"EGG_GROUP_MONSTER, EGG_GROUP_FIELD",,src/data/pokemon/species_info/gen_3_families.h:4108
294,3,Loudred,SPECIES_LOUDRED,base,WHISMUR,Comum,NORMAL,2,"ABILITY_PUNK_ROCK, ABILITY_BERSERK",entrada,"EGG_GROUP_MONSTER, EGG_GROUP_FIELD",,src/data/pokemon/species_info/gen_3_families.h:4187
295,3,Exploud,SPECIES_EXPLOUD,base,WHISMUR,Comum,NORMAL,3,"ABILITY_PUNK_ROCK, ABILITY_BERSERK, ABILITY_SHEER_FORCE",entrada,"EGG_GROUP_MONSTER, EGG_GROUP_FIELD",,src/data/pokemon/species_info/gen_3_families.h:4260
300,3,Skitty,SPECIES_SKITTY,base,SKITTY,Comum,NORMAL,1,ABILITY_FRIEND_GUARD,entrada,"EGG_GROUP_FIELD, EGG_GROUP_FAIRY",,src/data/pokemon/species_info/gen_3_families.h:4651
301,3,Delcatty,SPECIES_DELCATTY,base,SKITTY,Comum,NORMAL,3,"ABILITY_FRIEND_GUARD, ABILITY_FUR_COAT, ABILITY_PIXILATE",entrada,"EGG_GROUP_FIELD, EGG_GROUP_FAIRY",,src/data/pokemon/species_info/gen_3_families.h:4727
311,3,Plusle,SPECIES_PLUSLE,base,PLUSLE,Comum,ELECTRIC,2,"ABILITY_BATTERY, ABILITY_CHEEK_POUCH",entrada,EGG_GROUP_FAIRY,,src/data/pokemon/species_info/gen_3_families.h:5918
312,3,Minun,SPECIES_MINUN,base,MINUN,Comum,ELECTRIC,2,"ABILITY_BATTERY, ABILITY_FRIEND_GUARD",entrada,EGG_GROUP_FAIRY,,src/data/pokemon/species_info/gen_3_families.h:5998
313,3,Volbeat,SPECIES_VOLBEAT,base,VOLBEAT_ILLUMISE,Comum,BUG,2,"ABILITY_DAZZLING, ABILITY_BATTERY",entrada,"EGG_GROUP_BUG, EGG_GROUP_HUMAN_LIKE",,src/data/pokemon/species_info/gen_3_families.h:6078
314,3,Illumise,SPECIES_ILLUMISE,base,VOLBEAT_ILLUMISE,Comum,BUG,2,"ABILITY_DAZZLING, ABILITY_SWEET_VEIL",entrada,"EGG_GROUP_BUG, EGG_GROUP_HUMAN_LIKE",,src/data/pokemon/species_info/gen_3_families.h:6160
316,3,Gulpin,SPECIES_GULPIN,base,GULPIN,Comum,POISON,1,ABILITY_POISON_TOUCH,entrada,EGG_GROUP_AMORPHOUS,,src/data/pokemon/species_info/gen_3_families.h:6504
317,3,Swalot,SPECIES_SWALOT,base,GULPIN,Comum,POISON,3,"ABILITY_POISON_TOUCH, ABILITY_STAMINA, ABILITY_CORROSION",entrada,EGG_GROUP_AMORPHOUS,,src/data/pokemon/species_info/gen_3_families.h:6592
320,3,Wailmer,SPECIES_WAILMER,base,WAILMER,Comum,WATER,1,ABILITY_THICK_FAT,entrada,"EGG_GROUP_FIELD, EGG_GROUP_WATER_2",,src/data/pokemon/species_info/gen_3_families.h:6917
321,3,Wailord,SPECIES_WAILORD,base,WAILMER,Comum,WATER,3,"ABILITY_THICK_FAT, ABILITY_STAMINA, ABILITY_WATER_BUBBLE",entrada,"EGG_GROUP_FIELD, EGG_GROUP_WATER_2",,src/data/pokemon/species_info/gen_3_families.h:6993
325,3,Spoink,SPECIES_SPOINK,base,SPOINK,Comum,PSYCHIC,1,ABILITY_MAGIC_GUARD,entrada,EGG_GROUP_FIELD,,src/data/pokemon/species_info/gen_3_families.h:7408
326,3,Grumpig,SPECIES_GRUMPIG,base,SPOINK,Comum,PSYCHIC,3,"ABILITY_MAGIC_GUARD, ABILITY_PSYCHIC_SURGE, ABILITY_BERSERK",entrada,EGG_GROUP_FIELD,,src/data/pokemon/species_info/gen_3_families.h:7488
327,3,Spinda,SPECIES_SPINDA,base,SPINDA,Comum,NORMAL,3,"ABILITY_SIMPLE, ABILITY_DANCER, ABILITY_MAGIC_GUARD",entrada,"EGG_GROUP_FIELD, EGG_GROUP_HUMAN_LIKE",script_gift@data/maps/Route25_BillsHouse/scripts.inc:144,src/data/pokemon/species_info/gen_3_families.h:7563
335,3,Zangoose,SPECIES_ZANGOOSE,base,ZANGOOSE,Comum,NORMAL,3,"ABILITY_SHARPNESS, ABILITY_TOUGH_CLAWS, ABILITY_MERCILESS",entrada,EGG_GROUP_FIELD,,src/data/pokemon/species_info/gen_3_families.h:8287
336,3,Seviper,SPECIES_SEVIPER,base,SEVIPER,Comum,POISON,3,"ABILITY_POISON_TOUCH, ABILITY_MERCILESS, ABILITY_STRONG_JAW",entrada,"EGG_GROUP_FIELD, EGG_GROUP_DRAGON",,src/data/pokemon/species_info/gen_3_families.h:8366
337,3,Lunatone,SPECIES_LUNATONE,base,LUNATONE,Comum,"ROCK, PSYCHIC",2,"ABILITY_MAGIC_GUARD, ABILITY_PSYCHIC_SURGE",entrada,EGG_GROUP_MINERAL,,src/data/pokemon/species_info/gen_3_families.h:8446
338,3,Solrock,SPECIES_SOLROCK,base,SOLROCK,Comum,"ROCK, PSYCHIC",2,"ABILITY_MAGIC_GUARD, ABILITY_FLAME_BODY",entrada,EGG_GROUP_MINERAL,,src/data/pokemon/species_info/gen_3_families.h:8529
341,3,Corphish,SPECIES_CORPHISH,base,CORPHISH,Comum,WATER,1,ABILITY_STRONG_JAW,entrada,"EGG_GROUP_WATER_1, EGG_GROUP_WATER_3",,src/data/pokemon/species_info/gen_3_families.h:8785
342,3,Crawdaunt,SPECIES_CRAWDAUNT,base,CORPHISH,Comum,"WATER, DARK",3,"ABILITY_STRONG_JAW, ABILITY_MERCILESS, ABILITY_TOUGH_CLAWS",entrada,"EGG_GROUP_WATER_1, EGG_GROUP_WATER_3",,src/data/pokemon/species_info/gen_3_families.h:8861
347,3,Anorith,SPECIES_ANORITH,base,ANORITH,Comum,"ROCK, BUG",1,ABILITY_SHARPNESS,entrada,EGG_GROUP_WATER_3,script_gift@data/maps/RuinsOfAlph_Lab/scripts.inc:448; script_gift_var@data/maps/RuinsOfAlph_Lab/scripts.inc:446,src/data/pokemon/species_info/gen_3_families.h:9254
348,3,Armaldo,SPECIES_ARMALDO,base,ANORITH,Comum,"ROCK, BUG",3,"ABILITY_SHARPNESS, ABILITY_TOUGH_CLAWS, ABILITY_TOXIC_DEBRIS",entrada,EGG_GROUP_WATER_3,,src/data/pokemon/species_info/gen_3_families.h:9336
351,3,Castform,SPECIES_CASTFORM_NORMAL,base,CASTFORM,Comum,NORMAL,1,ABILITY_FLOWER_VEIL,entrada,"EGG_GROUP_FAIRY, EGG_GROUP_AMORPHOUS",gacha@src/game_corner_gacha.c; script_gift@data/maps/SafariZoneGate_SafariZoneEntrance/scripts.inc:181,src/data/pokemon/species_info/gen_3_families.h:9593
351,3,Castform,SPECIES_CASTFORM_RAINY,forma,CASTFORM,Comum,WATER,1,ABILITY_HYDRATION,entrada,"EGG_GROUP_FAIRY, EGG_GROUP_AMORPHOUS",,src/data/pokemon/species_info/gen_3_families.h:9759
351,3,Castform,SPECIES_CASTFORM_SNOWY,forma,CASTFORM,Comum,ICE,1,ABILITY_ICE_BODY,entrada,"EGG_GROUP_FAIRY, EGG_GROUP_AMORPHOUS",,src/data/pokemon/species_info/gen_3_families.h:9841
351,3,Castform,SPECIES_CASTFORM_SUNNY,forma,CASTFORM,Comum,FIRE,1,ABILITY_SOLAR_POWER,entrada,"EGG_GROUP_FAIRY, EGG_GROUP_AMORPHOUS",,src/data/pokemon/species_info/gen_3_families.h:9675
352,3,Kecleon,SPECIES_KECLEON,base,KECLEON,Comum,NORMAL,2,"ABILITY_MAGICIAN, ABILITY_SKILL_LINK",entrada,EGG_GROUP_FIELD,static_battle@data/scripts/kecleon.inc:74,src/data/pokemon/species_info/gen_3_families.h:9926
366,3,Clamperl,SPECIES_CLAMPERL,base,CLAMPERL,Comum,WATER,2,"ABILITY_WATER_COMPACTION, ABILITY_WATER_BUBBLE",entrada,EGG_GROUP_WATER_1,gacha@src/game_corner_gacha.c,src/data/pokemon/species_info/gen_3_families.h:11669
367,3,Huntail,SPECIES_HUNTAIL,base,CLAMPERL,Comum,WATER,3,"ABILITY_STRONG_JAW, ABILITY_DIVER, ABILITY_STAKEOUT",entrada,EGG_GROUP_WATER_1,gacha@src/game_corner_gacha.c,src/data/pokemon/species_info/gen_3_families.h:11748
368,3,Gorebyss,SPECIES_GOREBYSS,base,CLAMPERL,Comum,WATER,3,"ABILITY_DAZZLING, ABILITY_MERCILESS, ABILITY_WATER_BUBBLE",entrada,EGG_GROUP_WATER_1,gacha@src/game_corner_gacha.c,src/data/pokemon/species_info/gen_3_families.h:11822
369,3,Relicanth,SPECIES_RELICANTH,base,RELICANTH,Comum,"WATER, ROCK",3,"ABILITY_SOLID_ROCK, ABILITY_BATTLE_ARMOR, ABILITY_STAMINA",entrada,"EGG_GROUP_WATER_1, EGG_GROUP_WATER_2",gacha@src/game_corner_gacha.c,src/data/pokemon/species_info/gen_3_families.h:11897
370,3,Luvdisc,SPECIES_LUVDISC,base,LUVDISC,Comum,WATER,3,"ABILITY_DAZZLING, ABILITY_CUTE_CHARM, ABILITY_TRIAGE",entrada,EGG_GROUP_WATER_2,,src/data/pokemon/species_info/gen_3_families.h:11986
399,4,Bidoof,SPECIES_BIDOOF,base,BIDOOF,Comum,NORMAL,1,ABILITY_CHEEK_POUCH,entrada,"EGG_GROUP_WATER_1, EGG_GROUP_FIELD",,src/data/pokemon/species_info/gen_4_families.h:1024
400,4,Bibarel,SPECIES_BIBAREL,base,BIDOOF,Comum,"NORMAL, WATER",3,"ABILITY_CHEEK_POUCH, ABILITY_WATER_VEIL, ABILITY_STAKEOUT",entrada,"EGG_GROUP_WATER_1, EGG_GROUP_FIELD",,src/data/pokemon/species_info/gen_4_families.h:1112
401,4,Kricketot,SPECIES_KRICKETOT,base,KRICKETOT,Comum,BUG,1,ABILITY_SOUNDPROOF,entrada,EGG_GROUP_BUG,,src/data/pokemon/species_info/gen_4_families.h:1196
402,4,Kricketune,SPECIES_KRICKETUNE,base,KRICKETOT,Comum,BUG,3,"ABILITY_SOUNDPROOF, ABILITY_PUNK_ROCK, ABILITY_SHARPNESS",entrada,EGG_GROUP_BUG,,src/data/pokemon/species_info/gen_4_families.h:1294
408,4,Cranidos,SPECIES_CRANIDOS,base,CRANIDOS,Comum,ROCK,1,ABILITY_ROCK_HEAD,entrada,EGG_GROUP_MONSTER,,src/data/pokemon/species_info/gen_4_families.h:1641
409,4,Rampardos,SPECIES_RAMPARDOS,base,CRANIDOS,Comum,ROCK,3,"ABILITY_ROCK_HEAD, ABILITY_RECKLESS, ABILITY_TOUGH_CLAWS",entrada,EGG_GROUP_MONSTER,,src/data/pokemon/species_info/gen_4_families.h:1711
410,4,Shieldon,SPECIES_SHIELDON,base,SHIELDON,Comum,"ROCK, STEEL",1,ABILITY_BATTLE_ARMOR,entrada,EGG_GROUP_MONSTER,,src/data/pokemon/species_info/gen_4_families.h:1784
411,4,Bastiodon,SPECIES_BASTIODON,base,SHIELDON,Comum,"ROCK, STEEL",3,"ABILITY_BATTLE_ARMOR, ABILITY_FILTER, ABILITY_STEELWORKER",entrada,EGG_GROUP_MONSTER,,src/data/pokemon/species_info/gen_4_families.h:1855
412,4,Burmy,SPECIES_BURMY_PLANT,base,BURMY,Comum,BUG,1,ABILITY_SHIELD_DUST,entrada,EGG_GROUP_BUG,,src/data/pokemon/species_info/gen_4_families.h:1926
412,4,Burmy,SPECIES_BURMY_SANDY,forma,BURMY,Comum,BUG,1,ABILITY_SAND_VEIL,entrada,EGG_GROUP_BUG,,src/data/pokemon/species_info/gen_4_families.h:1997
412,4,Burmy,SPECIES_BURMY_TRASH,forma,BURMY,Comum,BUG,1,ABILITY_STICKY_HOLD,entrada,EGG_GROUP_BUG,,src/data/pokemon/species_info/gen_4_families.h:2068
413,4,Wormadam,SPECIES_WORMADAM_PLANT,base,BURMY,Comum,"BUG, GRASS",3,"ABILITY_SHIELD_DUST, ABILITY_SEED_SOWER, ABILITY_FILTER",entrada,EGG_GROUP_BUG,,src/data/pokemon/species_info/gen_4_families.h:2139
413,4,Wormadam,SPECIES_WORMADAM_SANDY,forma,BURMY,Comum,"BUG, GROUND",3,"ABILITY_SAND_VEIL, ABILITY_WATER_COMPACTION, ABILITY_FILTER",entrada,EGG_GROUP_BUG,,src/data/pokemon/species_info/gen_4_families.h:2207
413,4,Wormadam,SPECIES_WORMADAM_TRASH,forma,BURMY,Comum,"BUG, STEEL",3,"ABILITY_STICKY_HOLD, ABILITY_STEELWORKER, ABILITY_FILTER",entrada,EGG_GROUP_BUG,,src/data/pokemon/species_info/gen_4_families.h:2275
414,4,MOTHIM_PLANT,SPECIES_MOTHIM_PLANT,base,BURMY,Comum,,0,(nenhum),macro sem innates,EGG_GROUP_BUG,,src/data/pokemon/species_info/gen_4_families.h:2408
414,4,MOTHIM_SANDY,SPECIES_MOTHIM_SANDY,forma,BURMY,Comum,,0,(nenhum),macro sem innates,EGG_GROUP_BUG,,src/data/pokemon/species_info/gen_4_families.h:2409
414,4,MOTHIM_TRASH,SPECIES_MOTHIM_TRASH,forma,BURMY,Comum,,0,(nenhum),macro sem innates,EGG_GROUP_BUG,,src/data/pokemon/species_info/gen_4_families.h:2410
415,4,Combee,SPECIES_COMBEE,base,COMBEE,Comum,"BUG, FLYING",1,ABILITY_SWEET_VEIL,entrada,EGG_GROUP_BUG,,src/data/pokemon/species_info/gen_4_families.h:2414
416,4,Vespiquen,SPECIES_VESPIQUEN,base,COMBEE,Comum,"BUG, FLYING",3,"ABILITY_SWEET_VEIL, ABILITY_QUEENLY_MAJESTY, ABILITY_TINTED_LENS",entrada,EGG_GROUP_BUG,,src/data/pokemon/species_info/gen_4_families.h:2502
420,4,Cherubi,SPECIES_CHERUBI,base,CHERUBI,Comum,GRASS,1,ABILITY_SWEET_VEIL,entrada,"EGG_GROUP_FAIRY, EGG_GROUP_GRASS",,src/data/pokemon/species_info/gen_4_families.h:2838
421,4,Cherrim,SPECIES_CHERRIM_OVERCAST,base,CHERUBI,Comum,GRASS,2,"ABILITY_SWEET_VEIL, ABILITY_FLOWER_VEIL",entrada,"EGG_GROUP_FAIRY, EGG_GROUP_GRASS",,src/data/pokemon/species_info/gen_4_families.h:2917
421,4,Cherrim,SPECIES_CHERRIM_SUNSHINE,forma,CHERUBI,Comum,GRASS,3,"ABILITY_SWEET_VEIL, ABILITY_FLOWER_VEIL, ABILITY_SOLAR_POWER",entrada,"EGG_GROUP_FAIRY, EGG_GROUP_GRASS",,src/data/pokemon/species_info/gen_4_families.h:2992
431,4,Glameow,SPECIES_GLAMEOW,base,GLAMEOW,Comum,NORMAL,1,ABILITY_PICKPOCKET,entrada,EGG_GROUP_FIELD,,src/data/pokemon/species_info/gen_4_families.h:3708
432,4,Purugly,SPECIES_PURUGLY,base,GLAMEOW,Comum,NORMAL,3,"ABILITY_PICKPOCKET, ABILITY_FUR_COAT, ABILITY_STAKEOUT",entrada,EGG_GROUP_FIELD,,src/data/pokemon/species_info/gen_4_families.h:3779
434,4,Stunky,SPECIES_STUNKY,base,STUNKY,Comum,"POISON, DARK",1,ABILITY_POISON_TOUCH,entrada,EGG_GROUP_FIELD,,src/data/pokemon/species_info/gen_4_families.h:3854
435,4,Skuntank,SPECIES_SKUNTANK,base,STUNKY,Comum,"POISON, DARK",3,"ABILITY_POISON_TOUCH, ABILITY_CORROSION, ABILITY_MERCILESS",entrada,EGG_GROUP_FIELD,,src/data/pokemon/species_info/gen_4_families.h:3927
436,4,Bronzor,SPECIES_BRONZOR,base,BRONZOR,Comum,"STEEL, PSYCHIC",1,ABILITY_FILTER,entrada,EGG_GROUP_MINERAL,,src/data/pokemon/species_info/gen_4_families.h:3998
437,4,Bronzong,SPECIES_BRONZONG,base,BRONZOR,Comum,"STEEL, PSYCHIC",3,"ABILITY_FILTER, ABILITY_STEELWORKER, ABILITY_ANALYTIC",entrada,EGG_GROUP_MINERAL,,src/data/pokemon/species_info/gen_4_families.h:4077
441,4,Chatot,SPECIES_CHATOT,base,CHATOT,Comum,"NORMAL, FLYING",3,"ABILITY_PUNK_ROCK, ABILITY_DANCER, ABILITY_GALE_WINGS",entrada,EGG_GROUP_FLYING,,src/data/pokemon/species_info/gen_4_families.h:4153
453,4,Croagunk,SPECIES_CROAGUNK,base,CROAGUNK,Comum,"POISON, FIGHTING",1,ABILITY_MERCILESS,entrada,EGG_GROUP_HUMAN_LIKE,,src/data/pokemon/species_info/gen_4_families.h:5330
454,4,Toxicroak,SPECIES_TOXICROAK,base,CROAGUNK,Comum,"POISON, FIGHTING",3,"ABILITY_MERCILESS, ABILITY_TOUGH_CLAWS, ABILITY_POISON_HEAL",entrada,EGG_GROUP_HUMAN_LIKE,,src/data/pokemon/species_info/gen_4_families.h:5416
455,4,Carnivine,SPECIES_CARNIVINE,base,CARNIVINE,Comum,GRASS,3,"ABILITY_STRONG_JAW, ABILITY_STAKEOUT, ABILITY_SEED_SOWER",entrada,EGG_GROUP_GRASS,,src/data/pokemon/species_info/gen_4_families.h:5503
504,5,Patrat,SPECIES_PATRAT,base,PATRAT,Comum,NORMAL,0,(nenhum),AUSENTE,EGG_GROUP_FIELD,,src/data/pokemon/species_info/gen_5_families.h:887
505,5,Watchog,SPECIES_WATCHOG,base,PATRAT,Comum,NORMAL,0,(nenhum),AUSENTE,EGG_GROUP_FIELD,,src/data/pokemon/species_info/gen_5_families.h:956
506,5,Lillipup,SPECIES_LILLIPUP,base,LILLIPUP,Comum,NORMAL,0,(nenhum),AUSENTE,EGG_GROUP_FIELD,,src/data/pokemon/species_info/gen_5_families.h:1030
507,5,Herdier,SPECIES_HERDIER,base,LILLIPUP,Comum,NORMAL,0,(nenhum),AUSENTE,EGG_GROUP_FIELD,,src/data/pokemon/species_info/gen_5_families.h:1104
508,5,Stoutland,SPECIES_STOUTLAND,base,LILLIPUP,Comum,NORMAL,0,(nenhum),AUSENTE,EGG_GROUP_FIELD,,src/data/pokemon/species_info/gen_5_families.h:1176
509,5,Purrloin,SPECIES_PURRLOIN,base,PURRLOIN,Comum,DARK,0,(nenhum),AUSENTE,EGG_GROUP_FIELD,,src/data/pokemon/species_info/gen_5_families.h:1254
510,5,Liepard,SPECIES_LIEPARD,base,PURRLOIN,Comum,DARK,0,(nenhum),AUSENTE,EGG_GROUP_FIELD,,src/data/pokemon/species_info/gen_5_families.h:1324
511,5,Pansage,SPECIES_PANSAGE,base,PANSAGE,Comum,GRASS,0,(nenhum),AUSENTE,EGG_GROUP_FIELD,,src/data/pokemon/species_info/gen_5_families.h:1394
512,5,Simisage,SPECIES_SIMISAGE,base,PANSAGE,Comum,GRASS,0,(nenhum),AUSENTE,EGG_GROUP_FIELD,,src/data/pokemon/species_info/gen_5_families.h:1466
513,5,Pansear,SPECIES_PANSEAR,base,PANSEAR,Comum,FIRE,0,(nenhum),AUSENTE,EGG_GROUP_FIELD,,src/data/pokemon/species_info/gen_5_families.h:1536
514,5,Simisear,SPECIES_SIMISEAR,base,PANSEAR,Comum,FIRE,0,(nenhum),AUSENTE,EGG_GROUP_FIELD,,src/data/pokemon/species_info/gen_5_families.h:1606
515,5,Panpour,SPECIES_PANPOUR,base,PANPOUR,Comum,WATER,0,(nenhum),AUSENTE,EGG_GROUP_FIELD,,src/data/pokemon/species_info/gen_5_families.h:1679
516,5,Simipour,SPECIES_SIMIPOUR,base,PANPOUR,Comum,WATER,0,(nenhum),AUSENTE,EGG_GROUP_FIELD,,src/data/pokemon/species_info/gen_5_families.h:1749
517,5,Munna,SPECIES_MUNNA,base,MUNNA,Comum,PSYCHIC,0,(nenhum),AUSENTE,EGG_GROUP_FIELD,,src/data/pokemon/species_info/gen_5_families.h:1818
518,5,Musharna,SPECIES_MUSHARNA,base,MUNNA,Comum,PSYCHIC,0,(nenhum),AUSENTE,EGG_GROUP_FIELD,,src/data/pokemon/species_info/gen_5_families.h:1894
519,5,Pidove,SPECIES_PIDOVE,base,PIDOVE,Comum,"NORMAL, FLYING",0,(nenhum),AUSENTE,EGG_GROUP_FLYING,,src/data/pokemon/species_info/gen_5_families.h:1967
520,5,Tranquill,SPECIES_TRANQUILL,base,PIDOVE,Comum,"NORMAL, FLYING",0,(nenhum),AUSENTE,EGG_GROUP_FLYING,,src/data/pokemon/species_info/gen_5_families.h:2038
521,5,Unfezant,SPECIES_UNFEZANT,base,PIDOVE,Comum,"NORMAL, FLYING",0,(nenhum),AUSENTE,EGG_GROUP_FLYING,,src/data/pokemon/species_info/gen_5_families.h:2107
522,5,Blitzle,SPECIES_BLITZLE,base,BLITZLE,Comum,ELECTRIC,0,(nenhum),AUSENTE,EGG_GROUP_FIELD,,src/data/pokemon/species_info/gen_5_families.h:2203
523,5,Zebstrika,SPECIES_ZEBSTRIKA,base,BLITZLE,Comum,ELECTRIC,0,(nenhum),AUSENTE,EGG_GROUP_FIELD,,src/data/pokemon/species_info/gen_5_families.h:2276
524,5,Roggenrola,SPECIES_ROGGENROLA,base,ROGGENROLA,Comum,ROCK,0,(nenhum),AUSENTE,EGG_GROUP_MINERAL,,src/data/pokemon/species_info/gen_5_families.h:2346
525,5,Boldore,SPECIES_BOLDORE,base,ROGGENROLA,Comum,ROCK,0,(nenhum),AUSENTE,EGG_GROUP_MINERAL,,src/data/pokemon/species_info/gen_5_families.h:2422
526,5,Gigalith,SPECIES_GIGALITH,base,ROGGENROLA,Comum,ROCK,0,(nenhum),AUSENTE,EGG_GROUP_MINERAL,,src/data/pokemon/species_info/gen_5_families.h:2502
527,5,Woobat,SPECIES_WOOBAT,base,WOOBAT,Comum,"PSYCHIC, FLYING",0,(nenhum),AUSENTE,"EGG_GROUP_FIELD, EGG_GROUP_FLYING",,src/data/pokemon/species_info/gen_5_families.h:2584
528,5,Swoobat,SPECIES_SWOOBAT,base,WOOBAT,Comum,"PSYCHIC, FLYING",0,(nenhum),AUSENTE,"EGG_GROUP_FIELD, EGG_GROUP_FLYING",,src/data/pokemon/species_info/gen_5_families.h:2671
532,5,Timburr,SPECIES_TIMBURR,base,TIMBURR,Comum,FIGHTING,0,(nenhum),AUSENTE,EGG_GROUP_HUMAN_LIKE,,src/data/pokemon/species_info/gen_5_families.h:3110
533,5,Gurdurr,SPECIES_GURDURR,base,TIMBURR,Comum,FIGHTING,0,(nenhum),AUSENTE,EGG_GROUP_HUMAN_LIKE,,src/data/pokemon/species_info/gen_5_families.h:3180
534,5,Conkeldurr,SPECIES_CONKELDURR,base,TIMBURR,Comum,FIGHTING,0,(nenhum),AUSENTE,EGG_GROUP_HUMAN_LIKE,,src/data/pokemon/species_info/gen_5_families.h:3254
535,5,Tympole,SPECIES_TYMPOLE,base,TYMPOLE,Comum,WATER,0,(nenhum),AUSENTE,EGG_GROUP_WATER_1,,src/data/pokemon/species_info/gen_5_families.h:3323
536,5,Palpitoad,SPECIES_PALPITOAD,base,TYMPOLE,Comum,"WATER, GROUND",0,(nenhum),AUSENTE,EGG_GROUP_WATER_1,,src/data/pokemon/species_info/gen_5_families.h:3392
537,5,Seismitoad,SPECIES_SEISMITOAD,base,TYMPOLE,Comum,"WATER, GROUND",0,(nenhum),AUSENTE,EGG_GROUP_WATER_1,,src/data/pokemon/species_info/gen_5_families.h:3463
538,5,Throh,SPECIES_THROH,base,THROH,Comum,FIGHTING,0,(nenhum),AUSENTE,EGG_GROUP_HUMAN_LIKE,,src/data/pokemon/species_info/gen_5_families.h:3543
539,5,Sawk,SPECIES_SAWK,base,SAWK,Comum,FIGHTING,0,(nenhum),AUSENTE,EGG_GROUP_HUMAN_LIKE,,src/data/pokemon/species_info/gen_5_families.h:3615
557,5,Dwebble,SPECIES_DWEBBLE,base,DWEBBLE,Comum,"BUG, ROCK",0,(nenhum),AUSENTE,"EGG_GROUP_BUG, EGG_GROUP_MINERAL",,src/data/pokemon/species_info/gen_5_families.h:5638
558,5,Crustle,SPECIES_CRUSTLE,base,DWEBBLE,Comum,"BUG, ROCK",0,(nenhum),AUSENTE,"EGG_GROUP_BUG, EGG_GROUP_MINERAL",,src/data/pokemon/species_info/gen_5_families.h:5715
561,5,Sigilyph,SPECIES_SIGILYPH,base,SIGILYPH,Comum,"PSYCHIC, FLYING",0,(nenhum),AUSENTE,EGG_GROUP_FLYING,,src/data/pokemon/species_info/gen_5_families.h:5998
564,5,Tirtouga,SPECIES_TIRTOUGA,base,TIRTOUGA,Comum,"WATER, ROCK",0,(nenhum),AUSENTE,"EGG_GROUP_WATER_1, EGG_GROUP_WATER_3",,src/data/pokemon/species_info/gen_5_families.h:6363
565,5,Carracosta,SPECIES_CARRACOSTA,base,TIRTOUGA,Comum,"WATER, ROCK",0,(nenhum),AUSENTE,"EGG_GROUP_WATER_1, EGG_GROUP_WATER_3",,src/data/pokemon/species_info/gen_5_families.h:6434
568,5,Trubbish,SPECIES_TRUBBISH,base,TRUBBISH,Comum,POISON,0,(nenhum),AUSENTE,EGG_GROUP_MINERAL,,src/data/pokemon/species_info/gen_5_families.h:6660
569,5,Garbodor,SPECIES_GARBODOR,base,TRUBBISH,Comum,POISON,0,(nenhum),AUSENTE,EGG_GROUP_MINERAL,,src/data/pokemon/species_info/gen_5_families.h:6731
569,5,Garbodor,SPECIES_GARBODOR_GMAX,forma,TRUBBISH,Comum,POISON,0,(nenhum),AUSENTE,EGG_GROUP_MINERAL,,src/data/pokemon/species_info/gen_5_families.h:6805
574,5,Gothita,SPECIES_GOTHITA,base,GOTHITA,Comum,PSYCHIC,0,(nenhum),AUSENTE,EGG_GROUP_HUMAN_LIKE,,src/data/pokemon/species_info/gen_5_families.h:7300
575,5,Gothorita,SPECIES_GOTHORITA,base,GOTHITA,Comum,PSYCHIC,0,(nenhum),AUSENTE,EGG_GROUP_HUMAN_LIKE,,src/data/pokemon/species_info/gen_5_families.h:7375
576,5,Gothitelle,SPECIES_GOTHITELLE,base,GOTHITA,Comum,PSYCHIC,0,(nenhum),AUSENTE,EGG_GROUP_HUMAN_LIKE,,src/data/pokemon/species_info/gen_5_families.h:7450
580,5,Ducklett,SPECIES_DUCKLETT,base,DUCKLETT,Comum,"WATER, FLYING",0,(nenhum),AUSENTE,"EGG_GROUP_WATER_1, EGG_GROUP_FLYING",,src/data/pokemon/species_info/gen_5_families.h:7745
581,5,Swanna,SPECIES_SWANNA,base,DUCKLETT,Comum,"WATER, FLYING",0,(nenhum),AUSENTE,"EGG_GROUP_WATER_1, EGG_GROUP_FLYING",,src/data/pokemon/species_info/gen_5_families.h:7820
582,5,Vanillite,SPECIES_VANILLITE,base,VANILLITE,Comum,ICE,0,(nenhum),AUSENTE,EGG_GROUP_MINERAL,,src/data/pokemon/species_info/gen_5_families.h:7889
583,5,Vanillish,SPECIES_VANILLISH,base,VANILLITE,Comum,ICE,0,(nenhum),AUSENTE,EGG_GROUP_MINERAL,,src/data/pokemon/species_info/gen_5_families.h:7966
584,5,Vanilluxe,SPECIES_VANILLUXE,base,VANILLITE,Comum,ICE,0,(nenhum),AUSENTE,EGG_GROUP_MINERAL,,src/data/pokemon/species_info/gen_5_families.h:8040
585,5,Deerling,SPECIES_DEERLING_AUTUMN,forma,DEERLING,Comum,"NORMAL, GRASS",0,(nenhum),AUSENTE,EGG_GROUP_FIELD,,src/data/pokemon/species_info/gen_5_families.h:8250
585,5,Deerling,SPECIES_DEERLING_SPRING,base,DEERLING,Comum,"NORMAL, GRASS",0,(nenhum),AUSENTE,EGG_GROUP_FIELD,,src/data/pokemon/species_info/gen_5_families.h:8116
585,5,Deerling,SPECIES_DEERLING_SUMMER,forma,DEERLING,Comum,"NORMAL, GRASS",0,(nenhum),AUSENTE,EGG_GROUP_FIELD,,src/data/pokemon/species_info/gen_5_families.h:8183
585,5,Deerling,SPECIES_DEERLING_WINTER,forma,DEERLING,Comum,"NORMAL, GRASS",0,(nenhum),AUSENTE,EGG_GROUP_FIELD,,src/data/pokemon/species_info/gen_5_families.h:8317
586,5,Sawsbuck,SPECIES_SAWSBUCK_AUTUMN,forma,DEERLING,Comum,"NORMAL, GRASS",0,(nenhum),AUSENTE,EGG_GROUP_FIELD,,src/data/pokemon/species_info/gen_5_families.h:8514
586,5,Sawsbuck,SPECIES_SAWSBUCK_SPRING,base,DEERLING,Comum,"NORMAL, GRASS",0,(nenhum),AUSENTE,EGG_GROUP_FIELD,,src/data/pokemon/species_info/gen_5_families.h:8384
586,5,Sawsbuck,SPECIES_SAWSBUCK_SUMMER,forma,DEERLING,Comum,"NORMAL, GRASS",0,(nenhum),AUSENTE,EGG_GROUP_FIELD,,src/data/pokemon/species_info/gen_5_families.h:8449
586,5,Sawsbuck,SPECIES_SAWSBUCK_WINTER,forma,DEERLING,Comum,"NORMAL, GRASS",0,(nenhum),AUSENTE,EGG_GROUP_FIELD,,src/data/pokemon/species_info/gen_5_families.h:8579
588,5,Karrablast,SPECIES_KARRABLAST,base,KARRABLAST,Comum,BUG,1,ABILITY_BATTLE_ARMOR,entrada,EGG_GROUP_BUG,,src/data/pokemon/species_info/gen_5_families.h:8721
589,5,Escavalier,SPECIES_ESCAVALIER,base,KARRABLAST,Comum,"BUG, STEEL",3,"ABILITY_MANEUVERABILITY, ABILITY_QUICK_FORGE, ABILITY_STAMINA",entrada,EGG_GROUP_BUG,,src/data/pokemon/species_info/gen_5_families.h:8791
590,5,Foongus,SPECIES_FOONGUS,base,FOONGUS,Comum,"GRASS, POISON",0,(nenhum),AUSENTE,EGG_GROUP_GRASS,,src/data/pokemon/species_info/gen_5_families.h:8862
591,5,Amoonguss,SPECIES_AMOONGUSS,base,FOONGUS,Comum,"GRASS, POISON",0,(nenhum),AUSENTE,EGG_GROUP_GRASS,,src/data/pokemon/species_info/gen_5_families.h:8936
592,5,Frillish,SPECIES_FRILLISH,base,FRILLISH,Comum,"WATER, GHOST",0,(nenhum),AUSENTE,EGG_GROUP_AMORPHOUS,,src/data/pokemon/species_info/gen_5_families.h:9012
593,5,Jellicent,SPECIES_JELLICENT,base,FRILLISH,Comum,"WATER, GHOST",0,(nenhum),AUSENTE,EGG_GROUP_AMORPHOUS,,src/data/pokemon/species_info/gen_5_families.h:9103
594,5,Alomomola,SPECIES_ALOMOMOLA,base,ALOMOMOLA,Comum,WATER,0,(nenhum),AUSENTE,"EGG_GROUP_WATER_1, EGG_GROUP_WATER_2",,src/data/pokemon/species_info/gen_5_families.h:9195
599,5,Klink,SPECIES_KLINK,base,KLINK,Comum,STEEL,0,(nenhum),AUSENTE,EGG_GROUP_MINERAL,,src/data/pokemon/species_info/gen_5_families.h:9568
600,5,Klang,SPECIES_KLANG,base,KLINK,Comum,STEEL,0,(nenhum),AUSENTE,EGG_GROUP_MINERAL,,src/data/pokemon/species_info/gen_5_families.h:9640
601,5,Klinklang,SPECIES_KLINKLANG,base,KLINK,Comum,STEEL,0,(nenhum),AUSENTE,EGG_GROUP_MINERAL,,src/data/pokemon/species_info/gen_5_families.h:9712
605,5,Elgyem,SPECIES_ELGYEM,base,ELGYEM,Comum,PSYCHIC,0,(nenhum),AUSENTE,EGG_GROUP_HUMAN_LIKE,,src/data/pokemon/species_info/gen_5_families.h:10081
606,5,Beheeyem,SPECIES_BEHEEYEM,base,ELGYEM,Comum,PSYCHIC,0,(nenhum),AUSENTE,EGG_GROUP_HUMAN_LIKE,,src/data/pokemon/species_info/gen_5_families.h:10156
613,5,Cubchoo,SPECIES_CUBCHOO,base,CUBCHOO,Comum,ICE,0,(nenhum),AUSENTE,EGG_GROUP_FIELD,,src/data/pokemon/species_info/gen_5_families.h:10729
614,5,Beartic,SPECIES_BEARTIC,base,CUBCHOO,Comum,ICE,0,(nenhum),AUSENTE,EGG_GROUP_FIELD,,src/data/pokemon/species_info/gen_5_families.h:10803
615,5,Cryogonal,SPECIES_CRYOGONAL,base,CRYOGONAL,Comum,ICE,0,(nenhum),AUSENTE,EGG_GROUP_MINERAL,,src/data/pokemon/species_info/gen_5_families.h:10878
616,5,Shelmet,SPECIES_SHELMET,base,SHELMET,Comum,BUG,0,(nenhum),AUSENTE,EGG_GROUP_BUG,,src/data/pokemon/species_info/gen_5_families.h:10952
617,5,Accelgor,SPECIES_ACCELGOR,base,SHELMET,Comum,BUG,0,(nenhum),AUSENTE,EGG_GROUP_BUG,,src/data/pokemon/species_info/gen_5_families.h:11024
621,5,Druddigon,SPECIES_DRUDDIGON,base,DRUDDIGON,Comum,DRAGON,0,(nenhum),AUSENTE,"EGG_GROUP_DRAGON, EGG_GROUP_MONSTER",,src/data/pokemon/species_info/gen_5_families.h:11384
626,5,Bouffalant,SPECIES_BOUFFALANT,base,BOUFFALANT,Comum,NORMAL,0,(nenhum),AUSENTE,EGG_GROUP_FIELD,,src/data/pokemon/species_info/gen_5_families.h:11884
631,5,Heatmor,SPECIES_HEATMOR,base,HEATMOR,Comum,FIRE,0,(nenhum),AUSENTE,EGG_GROUP_FIELD,,src/data/pokemon/species_info/gen_5_families.h:12317
632,5,Durant,SPECIES_DURANT,base,DURANT,Comum,"BUG, STEEL",0,(nenhum),AUSENTE,EGG_GROUP_BUG,,src/data/pokemon/species_info/gen_5_families.h:12387
659,6,Bunnelby,SPECIES_BUNNELBY,base,BUNNELBY,Comum,NORMAL,0,(nenhum),AUSENTE,EGG_GROUP_FIELD,,src/data/pokemon/species_info/gen_6_families.h:975
660,6,Diggersby,SPECIES_DIGGERSBY,base,BUNNELBY,Comum,"NORMAL, GROUND",0,(nenhum),AUSENTE,EGG_GROUP_FIELD,,src/data/pokemon/species_info/gen_6_families.h:1044
664,6,SCATTERBUG_ARCHIPELAGO,SPECIES_SCATTERBUG_ARCHIPELAGO,forma,SCATTERBUG,Comum,,0,(nenhum),macro sem innates,EGG_GROUP_BUG,,src/data/pokemon/species_info/gen_6_families.h:1408
664,6,SCATTERBUG_CONTINENTAL,SPECIES_SCATTERBUG_CONTINENTAL,forma,SCATTERBUG,Comum,,0,(nenhum),macro sem innates,EGG_GROUP_BUG,,src/data/pokemon/species_info/gen_6_families.h:1402
664,6,SCATTERBUG_ELEGANT,SPECIES_SCATTERBUG_ELEGANT,forma,SCATTERBUG,Comum,,0,(nenhum),macro sem innates,EGG_GROUP_BUG,,src/data/pokemon/species_info/gen_6_families.h:1404
664,6,SCATTERBUG_FANCY,SPECIES_SCATTERBUG_FANCY,forma,SCATTERBUG,Comum,,0,(nenhum),macro sem innates,EGG_GROUP_BUG,,src/data/pokemon/species_info/gen_6_families.h:1417
664,6,SCATTERBUG_GARDEN,SPECIES_SCATTERBUG_GARDEN,forma,SCATTERBUG,Comum,,0,(nenhum),macro sem innates,EGG_GROUP_BUG,,src/data/pokemon/species_info/gen_6_families.h:1403
664,6,SCATTERBUG_HIGH_PLAINS,SPECIES_SCATTERBUG_HIGH_PLAINS,forma,SCATTERBUG,Comum,,0,(nenhum),macro sem innates,EGG_GROUP_BUG,,src/data/pokemon/species_info/gen_6_families.h:1409
664,6,SCATTERBUG_ICY_SNOW,SPECIES_SCATTERBUG_ICY_SNOW,base,SCATTERBUG,Comum,,0,(nenhum),macro sem innates,EGG_GROUP_BUG,,src/data/pokemon/species_info/gen_6_families.h:1399
664,6,SCATTERBUG_JUNGLE,SPECIES_SCATTERBUG_JUNGLE,forma,SCATTERBUG,Comum,,0,(nenhum),macro sem innates,EGG_GROUP_BUG,,src/data/pokemon/species_info/gen_6_families.h:1416
664,6,SCATTERBUG_MARINE,SPECIES_SCATTERBUG_MARINE,forma,SCATTERBUG,Comum,,0,(nenhum),macro sem innates,EGG_GROUP_BUG,,src/data/pokemon/species_info/gen_6_families.h:1407
664,6,SCATTERBUG_MEADOW,SPECIES_SCATTERBUG_MEADOW,forma,SCATTERBUG,Comum,,0,(nenhum),macro sem innates,EGG_GROUP_BUG,,src/data/pokemon/species_info/gen_6_families.h:1405
664,6,SCATTERBUG_MODERN,SPECIES_SCATTERBUG_MODERN,forma,SCATTERBUG,Comum,,0,(nenhum),macro sem innates,EGG_GROUP_BUG,,src/data/pokemon/species_info/gen_6_families.h:1406
664,6,SCATTERBUG_MONSOON,SPECIES_SCATTERBUG_MONSOON,forma,SCATTERBUG,Comum,,0,(nenhum),macro sem innates,EGG_GROUP_BUG,,src/data/pokemon/species_info/gen_6_families.h:1412
664,6,SCATTERBUG_OCEAN,SPECIES_SCATTERBUG_OCEAN,forma,SCATTERBUG,Comum,,0,(nenhum),macro sem innates,EGG_GROUP_BUG,,src/data/pokemon/species_info/gen_6_families.h:1415
664,6,SCATTERBUG_POLAR,SPECIES_SCATTERBUG_POLAR,forma,SCATTERBUG,Comum,,0,(nenhum),macro sem innates,EGG_GROUP_BUG,,src/data/pokemon/species_info/gen_6_families.h:1400
664,6,SCATTERBUG_RIVER,SPECIES_SCATTERBUG_RIVER,forma,SCATTERBUG,Comum,,0,(nenhum),macro sem innates,EGG_GROUP_BUG,,src/data/pokemon/species_info/gen_6_families.h:1411
664,6,SCATTERBUG_SANDSTORM,SPECIES_SCATTERBUG_SANDSTORM,forma,SCATTERBUG,Comum,,0,(nenhum),macro sem innates,EGG_GROUP_BUG,,src/data/pokemon/species_info/gen_6_families.h:1410
664,6,SCATTERBUG_SAVANNA,SPECIES_SCATTERBUG_SAVANNA,forma,SCATTERBUG,Comum,,0,(nenhum),macro sem innates,EGG_GROUP_BUG,,src/data/pokemon/species_info/gen_6_families.h:1413
664,6,SCATTERBUG_SUN,SPECIES_SCATTERBUG_SUN,forma,SCATTERBUG,Comum,,0,(nenhum),macro sem innates,EGG_GROUP_BUG,,src/data/pokemon/species_info/gen_6_families.h:1414
664,6,SCATTERBUG_TUNDRA,SPECIES_SCATTERBUG_TUNDRA,forma,SCATTERBUG,Comum,,0,(nenhum),macro sem innates,EGG_GROUP_BUG,,src/data/pokemon/species_info/gen_6_families.h:1401
665,6,Spewpa,SPECIES_SCATTERBUG_POKEBALL,forma,SCATTERBUG,Comum,BUG,0,(nenhum),macro sem innates,EGG_GROUP_BUG,,src/data/pokemon/species_info/gen_6_families.h:1418
665,6,SPEWPA_ARCHIPELAGO,SPECIES_SPEWPA_ARCHIPELAGO,forma,SCATTERBUG,Comum,,0,(nenhum),macro sem innates,EGG_GROUP_BUG,,src/data/pokemon/species_info/gen_6_families.h:1492
665,6,SPEWPA_CONTINENTAL,SPECIES_SPEWPA_CONTINENTAL,forma,SCATTERBUG,Comum,,0,(nenhum),macro sem innates,EGG_GROUP_BUG,,src/data/pokemon/species_info/gen_6_families.h:1486
665,6,SPEWPA_ELEGANT,SPECIES_SPEWPA_ELEGANT,forma,SCATTERBUG,Comum,,0,(nenhum),macro sem innates,EGG_GROUP_BUG,,src/data/pokemon/species_info/gen_6_families.h:1488
665,6,SPEWPA_FANCY,SPECIES_SPEWPA_FANCY,forma,SCATTERBUG,Comum,,0,(nenhum),macro sem innates,EGG_GROUP_BUG,,src/data/pokemon/species_info/gen_6_families.h:1501
665,6,SPEWPA_GARDEN,SPECIES_SPEWPA_GARDEN,forma,SCATTERBUG,Comum,,0,(nenhum),macro sem innates,EGG_GROUP_BUG,,src/data/pokemon/species_info/gen_6_families.h:1487
665,6,SPEWPA_HIGH_PLAINS,SPECIES_SPEWPA_HIGH_PLAINS,forma,SCATTERBUG,Comum,,0,(nenhum),macro sem innates,EGG_GROUP_BUG,,src/data/pokemon/species_info/gen_6_families.h:1493
665,6,SPEWPA_ICY_SNOW,SPECIES_SPEWPA_ICY_SNOW,base,SCATTERBUG,Comum,,0,(nenhum),macro sem innates,EGG_GROUP_BUG,,src/data/pokemon/species_info/gen_6_families.h:1483
665,6,SPEWPA_JUNGLE,SPECIES_SPEWPA_JUNGLE,forma,SCATTERBUG,Comum,,0,(nenhum),macro sem innates,EGG_GROUP_BUG,,src/data/pokemon/species_info/gen_6_families.h:1500
665,6,SPEWPA_MARINE,SPECIES_SPEWPA_MARINE,forma,SCATTERBUG,Comum,,0,(nenhum),macro sem innates,EGG_GROUP_BUG,,src/data/pokemon/species_info/gen_6_families.h:1491
665,6,SPEWPA_MEADOW,SPECIES_SPEWPA_MEADOW,forma,SCATTERBUG,Comum,,0,(nenhum),macro sem innates,EGG_GROUP_BUG,,src/data/pokemon/species_info/gen_6_families.h:1489
665,6,SPEWPA_MODERN,SPECIES_SPEWPA_MODERN,forma,SCATTERBUG,Comum,,0,(nenhum),macro sem innates,EGG_GROUP_BUG,,src/data/pokemon/species_info/gen_6_families.h:1490
665,6,SPEWPA_MONSOON,SPECIES_SPEWPA_MONSOON,forma,SCATTERBUG,Comum,,0,(nenhum),macro sem innates,EGG_GROUP_BUG,,src/data/pokemon/species_info/gen_6_families.h:1496
665,6,SPEWPA_OCEAN,SPECIES_SPEWPA_OCEAN,forma,SCATTERBUG,Comum,,0,(nenhum),macro sem innates,EGG_GROUP_BUG,,src/data/pokemon/species_info/gen_6_families.h:1499
665,6,SPEWPA_POLAR,SPECIES_SPEWPA_POLAR,forma,SCATTERBUG,Comum,,0,(nenhum),macro sem innates,EGG_GROUP_BUG,,src/data/pokemon/species_info/gen_6_families.h:1484
665,6,SPEWPA_RIVER,SPECIES_SPEWPA_RIVER,forma,SCATTERBUG,Comum,,0,(nenhum),macro sem innates,EGG_GROUP_BUG,,src/data/pokemon/species_info/gen_6_families.h:1495
665,6,SPEWPA_SANDSTORM,SPECIES_SPEWPA_SANDSTORM,forma,SCATTERBUG,Comum,,0,(nenhum),macro sem innates,EGG_GROUP_BUG,,src/data/pokemon/species_info/gen_6_families.h:1494
665,6,SPEWPA_SAVANNA,SPECIES_SPEWPA_SAVANNA,forma,SCATTERBUG,Comum,,0,(nenhum),macro sem innates,EGG_GROUP_BUG,,src/data/pokemon/species_info/gen_6_families.h:1497
665,6,SPEWPA_SUN,SPECIES_SPEWPA_SUN,forma,SCATTERBUG,Comum,,0,(nenhum),macro sem innates,EGG_GROUP_BUG,,src/data/pokemon/species_info/gen_6_families.h:1498
665,6,SPEWPA_TUNDRA,SPECIES_SPEWPA_TUNDRA,forma,SCATTERBUG,Comum,,0,(nenhum),macro sem innates,EGG_GROUP_BUG,,src/data/pokemon/species_info/gen_6_families.h:1485
666,6,Vivillon,SPECIES_SPEWPA_POKEBALL,forma,SCATTERBUG,Comum,"BUG, FLYING",0,(nenhum),macro sem innates,EGG_GROUP_BUG,,src/data/pokemon/species_info/gen_6_families.h:1502
666,6,VIVILLON_ARCHIPELAGO,SPECIES_VIVILLON_ARCHIPELAGO,forma,SCATTERBUG,Comum,,0,(nenhum),macro sem innates,EGG_GROUP_BUG,,src/data/pokemon/species_info/gen_6_families.h:1654
666,6,VIVILLON_CONTINENTAL,SPECIES_VIVILLON_CONTINENTAL,forma,SCATTERBUG,Comum,,0,(nenhum),macro sem innates,EGG_GROUP_BUG,,src/data/pokemon/species_info/gen_6_families.h:1594
666,6,VIVILLON_ELEGANT,SPECIES_VIVILLON_ELEGANT,forma,SCATTERBUG,Comum,,0,(nenhum),macro sem innates,EGG_GROUP_BUG,,src/data/pokemon/species_info/gen_6_families.h:1614
666,6,VIVILLON_FANCY,SPECIES_VIVILLON_FANCY,forma,SCATTERBUG,Comum,,0,(nenhum),macro sem innates,EGG_GROUP_BUG,,src/data/pokemon/species_info/gen_6_families.h:1744
666,6,VIVILLON_GARDEN,SPECIES_VIVILLON_GARDEN,forma,SCATTERBUG,Comum,,0,(nenhum),macro sem innates,EGG_GROUP_BUG,,src/data/pokemon/species_info/gen_6_families.h:1604
666,6,VIVILLON_HIGH_PLAINS,SPECIES_VIVILLON_HIGH_PLAINS,forma,SCATTERBUG,Comum,,0,(nenhum),macro sem innates,EGG_GROUP_BUG,,src/data/pokemon/species_info/gen_6_families.h:1664
666,6,VIVILLON_ICY_SNOW,SPECIES_VIVILLON_ICY_SNOW,base,SCATTERBUG,Comum,,0,(nenhum),macro sem innates,EGG_GROUP_BUG,,src/data/pokemon/species_info/gen_6_families.h:1564
666,6,VIVILLON_JUNGLE,SPECIES_VIVILLON_JUNGLE,forma,SCATTERBUG,Comum,,0,(nenhum),macro sem innates,EGG_GROUP_BUG,,src/data/pokemon/species_info/gen_6_families.h:1734
666,6,VIVILLON_MARINE,SPECIES_VIVILLON_MARINE,forma,SCATTERBUG,Comum,,0,(nenhum),macro sem innates,EGG_GROUP_BUG,,src/data/pokemon/species_info/gen_6_families.h:1644
666,6,VIVILLON_MEADOW,SPECIES_VIVILLON_MEADOW,forma,SCATTERBUG,Comum,,0,(nenhum),macro sem innates,EGG_GROUP_BUG,,src/data/pokemon/species_info/gen_6_families.h:1624
666,6,VIVILLON_MODERN,SPECIES_VIVILLON_MODERN,forma,SCATTERBUG,Comum,,0,(nenhum),macro sem innates,EGG_GROUP_BUG,,src/data/pokemon/species_info/gen_6_families.h:1634
666,6,VIVILLON_MONSOON,SPECIES_VIVILLON_MONSOON,forma,SCATTERBUG,Comum,,0,(nenhum),macro sem innates,EGG_GROUP_BUG,,src/data/pokemon/species_info/gen_6_families.h:1694
666,6,VIVILLON_OCEAN,SPECIES_VIVILLON_OCEAN,forma,SCATTERBUG,Comum,,0,(nenhum),macro sem innates,EGG_GROUP_BUG,,src/data/pokemon/species_info/gen_6_families.h:1724
666,6,VIVILLON_POKEBALL,SPECIES_VIVILLON_POKEBALL,forma,SCATTERBUG,Comum,,0,(nenhum),macro sem innates,EGG_GROUP_BUG,,src/data/pokemon/species_info/gen_6_families.h:1754
666,6,VIVILLON_POLAR,SPECIES_VIVILLON_POLAR,forma,SCATTERBUG,Comum,,0,(nenhum),macro sem innates,EGG_GROUP_BUG,,src/data/pokemon/species_info/gen_6_families.h:1574
666,6,VIVILLON_RIVER,SPECIES_VIVILLON_RIVER,forma,SCATTERBUG,Comum,,0,(nenhum),macro sem innates,EGG_GROUP_BUG,,src/data/pokemon/species_info/gen_6_families.h:1684
666,6,VIVILLON_SANDSTORM,SPECIES_VIVILLON_SANDSTORM,forma,SCATTERBUG,Comum,,0,(nenhum),macro sem innates,EGG_GROUP_BUG,,src/data/pokemon/species_info/gen_6_families.h:1674
666,6,VIVILLON_SAVANNA,SPECIES_VIVILLON_SAVANNA,forma,SCATTERBUG,Comum,,0,(nenhum),macro sem innates,EGG_GROUP_BUG,,src/data/pokemon/species_info/gen_6_families.h:1704
666,6,VIVILLON_SUN,SPECIES_VIVILLON_SUN,forma,SCATTERBUG,Comum,,0,(nenhum),macro sem innates,EGG_GROUP_BUG,,src/data/pokemon/species_info/gen_6_families.h:1714
666,6,VIVILLON_TUNDRA,SPECIES_VIVILLON_TUNDRA,forma,SCATTERBUG,Comum,,0,(nenhum),macro sem innates,EGG_GROUP_BUG,,src/data/pokemon/species_info/gen_6_families.h:1584
674,6,Pancham,SPECIES_PANCHAM,base,PANCHAM,Comum,FIGHTING,0,(nenhum),AUSENTE,"EGG_GROUP_FIELD, EGG_GROUP_HUMAN_LIKE",,src/data/pokemon/species_info/gen_6_families.h:2551
675,6,Pangoro,SPECIES_PANGORO,base,PANCHAM,Comum,"FIGHTING, DARK",0,(nenhum),AUSENTE,"EGG_GROUP_FIELD, EGG_GROUP_HUMAN_LIKE",,src/data/pokemon/species_info/gen_6_families.h:2625
676,6,FURFROU_DANDY,SPECIES_FURFROU_DANDY,forma,FURFROU,Comum,,0,(nenhum),macro sem innates,EGG_GROUP_FIELD,,src/data/pokemon/species_info/gen_6_families.h:2768
676,6,FURFROU_DEBUTANTE,SPECIES_FURFROU_DEBUTANTE,forma,FURFROU,Comum,,0,(nenhum),macro sem innates,EGG_GROUP_FIELD,,src/data/pokemon/species_info/gen_6_families.h:2766
676,6,FURFROU_DIAMOND,SPECIES_FURFROU_DIAMOND,forma,FURFROU,Comum,,0,(nenhum),macro sem innates,EGG_GROUP_FIELD,,src/data/pokemon/species_info/gen_6_families.h:2765
676,6,FURFROU_HEART,SPECIES_FURFROU_HEART,forma,FURFROU,Comum,,0,(nenhum),macro sem innates,EGG_GROUP_FIELD,,src/data/pokemon/species_info/gen_6_families.h:2763
676,6,FURFROU_KABUKI,SPECIES_FURFROU_KABUKI,forma,FURFROU,Comum,,0,(nenhum),macro sem innates,EGG_GROUP_FIELD,,src/data/pokemon/species_info/gen_6_families.h:2770
676,6,FURFROU_LA_REINE,SPECIES_FURFROU_LA_REINE,forma,FURFROU,Comum,,0,(nenhum),macro sem innates,EGG_GROUP_FIELD,,src/data/pokemon/species_info/gen_6_families.h:2769
676,6,FURFROU_MATRON,SPECIES_FURFROU_MATRON,forma,FURFROU,Comum,,0,(nenhum),macro sem innates,EGG_GROUP_FIELD,,src/data/pokemon/species_info/gen_6_families.h:2767
676,6,FURFROU_NATURAL,SPECIES_FURFROU_NATURAL,base,FURFROU,Comum,,0,(nenhum),macro sem innates,EGG_GROUP_FIELD,,src/data/pokemon/species_info/gen_6_families.h:2762
676,6,FURFROU_PHARAOH,SPECIES_FURFROU_PHARAOH,forma,FURFROU,Comum,,0,(nenhum),macro sem innates,EGG_GROUP_FIELD,,src/data/pokemon/species_info/gen_6_families.h:2771
676,6,FURFROU_STAR,SPECIES_FURFROU_STAR,forma,FURFROU,Comum,,0,(nenhum),macro sem innates,EGG_GROUP_FIELD,,src/data/pokemon/species_info/gen_6_families.h:2764
682,6,Spritzee,SPECIES_SPRITZEE,base,SPRITZEE,Comum,FAIRY,0,(nenhum),AUSENTE,EGG_GROUP_FAIRY,,src/data/pokemon/species_info/gen_6_families.h:3402
683,6,Aromatisse,SPECIES_AROMATISSE,base,SPRITZEE,Comum,FAIRY,0,(nenhum),AUSENTE,EGG_GROUP_FAIRY,,src/data/pokemon/species_info/gen_6_families.h:3477
684,6,Swirlix,SPECIES_SWIRLIX,base,SWIRLIX,Comum,FAIRY,0,(nenhum),AUSENTE,EGG_GROUP_FAIRY,,src/data/pokemon/species_info/gen_6_families.h:3546
685,6,Slurpuff,SPECIES_SLURPUFF,base,SWIRLIX,Comum,FAIRY,0,(nenhum),AUSENTE,EGG_GROUP_FAIRY,,src/data/pokemon/species_info/gen_6_families.h:3621
694,6,Helioptile,SPECIES_HELIOPTILE,base,HELIOPTILE,Comum,"ELECTRIC, NORMAL",0,(nenhum),AUSENTE,"EGG_GROUP_MONSTER, EGG_GROUP_DRAGON",,src/data/pokemon/species_info/gen_6_families.h:4468
695,6,Heliolisk,SPECIES_HELIOLISK,base,HELIOPTILE,Comum,"ELECTRIC, NORMAL",0,(nenhum),AUSENTE,"EGG_GROUP_MONSTER, EGG_GROUP_DRAGON",,src/data/pokemon/species_info/gen_6_families.h:4538
702,6,Dedenne,SPECIES_DEDENNE,base,DEDENNE,Comum,"ELECTRIC, FAIRY",0,(nenhum),AUSENTE,"EGG_GROUP_FIELD, EGG_GROUP_FAIRY",,src/data/pokemon/species_info/gen_6_families.h:5050
703,6,Carbink,SPECIES_CARBINK,base,CARBINK,Comum,"ROCK, FAIRY",0,(nenhum),AUSENTE,"EGG_GROUP_FAIRY, EGG_GROUP_MINERAL",,src/data/pokemon/species_info/gen_6_families.h:5121
710,6,Pumpkaboo,SPECIES_PUMPKABOO_AVERAGE,base,PUMPKABOO,Comum,"GHOST, GRASS",0,(nenhum),AUSENTE,EGG_GROUP_AMORPHOUS,,src/data/pokemon/species_info/gen_6_families.h:5789
710,6,Pumpkaboo,SPECIES_PUMPKABOO_LARGE,forma,PUMPKABOO,Comum,"GHOST, GRASS",0,(nenhum),AUSENTE,EGG_GROUP_AMORPHOUS,,src/data/pokemon/species_info/gen_6_families.h:5924
710,6,Pumpkaboo,SPECIES_PUMPKABOO_SMALL,forma,PUMPKABOO,Comum,"GHOST, GRASS",0,(nenhum),AUSENTE,EGG_GROUP_AMORPHOUS,,src/data/pokemon/species_info/gen_6_families.h:5857
710,6,Pumpkaboo,SPECIES_PUMPKABOO_SUPER,forma,PUMPKABOO,Comum,"GHOST, GRASS",0,(nenhum),AUSENTE,EGG_GROUP_AMORPHOUS,,src/data/pokemon/species_info/gen_6_families.h:5991
711,6,Gourgeist,SPECIES_GOURGEIST_AVERAGE,base,PUMPKABOO,Comum,"GHOST, GRASS",0,(nenhum),AUSENTE,EGG_GROUP_AMORPHOUS,,src/data/pokemon/species_info/gen_6_families.h:6060
711,6,Gourgeist,SPECIES_GOURGEIST_LARGE,forma,PUMPKABOO,Comum,"GHOST, GRASS",0,(nenhum),AUSENTE,EGG_GROUP_AMORPHOUS,,src/data/pokemon/species_info/gen_6_families.h:6190
711,6,Gourgeist,SPECIES_GOURGEIST_SMALL,forma,PUMPKABOO,Comum,"GHOST, GRASS",0,(nenhum),AUSENTE,EGG_GROUP_AMORPHOUS,,src/data/pokemon/species_info/gen_6_families.h:6125
711,6,Gourgeist,SPECIES_GOURGEIST_SUPER,forma,PUMPKABOO,Comum,"GHOST, GRASS",0,(nenhum),AUSENTE,EGG_GROUP_AMORPHOUS,,src/data/pokemon/species_info/gen_6_families.h:6255
731,7,Pikipek,SPECIES_PIKIPEK,base,PIKIPEK,Comum,"NORMAL, FLYING",1,ABILITY_SCRAPPY,entrada,EGG_GROUP_FLYING,,src/data/pokemon/species_info/gen_7_families.h:774
732,7,Trumbeak,SPECIES_TRUMBEAK,base,PIKIPEK,Comum,"NORMAL, FLYING",2,"ABILITY_SCRAPPY, ABILITY_OWN_TEMPO",entrada,EGG_GROUP_FLYING,,src/data/pokemon/species_info/gen_7_families.h:847
733,7,Toucannon,SPECIES_TOUCANNON,base,PIKIPEK,Comum,"NORMAL, FLYING",3,"ABILITY_SCRAPPY, ABILITY_OWN_TEMPO, ABILITY_STRONG_JAW",entrada,EGG_GROUP_FLYING,,src/data/pokemon/species_info/gen_7_families.h:919
734,7,Yungoos,SPECIES_YUNGOOS,base,YUNGOOS,Comum,NORMAL,1,ABILITY_SCRAPPY,entrada,EGG_GROUP_FIELD,,src/data/pokemon/species_info/gen_7_families.h:990
735,7,Gumshoos,SPECIES_GUMSHOOS,base,YUNGOOS,Comum,NORMAL,3,"ABILITY_SCRAPPY, ABILITY_OWN_TEMPO, ABILITY_ANALYTIC",entrada,EGG_GROUP_FIELD,,src/data/pokemon/species_info/gen_7_families.h:1061
735,7,Gumshoos,SPECIES_GUMSHOOS_TOTEM,forma,YUNGOOS,Totem,NORMAL,3,"ABILITY_STAKEOUT, ABILITY_STRONG_JAW, ABILITY_ANALYTIC",entrada,EGG_GROUP_FIELD,,src/data/pokemon/species_info/gen_7_families.h:1124
746,7,Wishiwashi,SPECIES_WISHIWASHI_SCHOOL,forma,WISHIWASHI,Comum,WATER,3,"ABILITY_WATER_VEIL, ABILITY_RAIN_DISH, ABILITY_STORM_DRAIN",entrada,EGG_GROUP_WATER_2,,src/data/pokemon/species_info/gen_7_families.h:2620
746,7,Wishiwashi,SPECIES_WISHIWASHI_SOLO,base,WISHIWASHI,Comum,WATER,3,"ABILITY_WATER_VEIL, ABILITY_RAIN_DISH, ABILITY_STORM_DRAIN",entrada,EGG_GROUP_WATER_2,,src/data/pokemon/species_info/gen_7_families.h:2544
749,7,Mudbray,SPECIES_MUDBRAY,base,MUDBRAY,Comum,GROUND,1,ABILITY_EARTH_EATER,entrada,EGG_GROUP_FIELD,,src/data/pokemon/species_info/gen_7_families.h:2827
750,7,Mudsdale,SPECIES_MUDSDALE,base,MUDBRAY,Comum,GROUND,3,"ABILITY_EARTH_EATER, ABILITY_SAND_VEIL, ABILITY_ROUGH_SKIN",entrada,EGG_GROUP_FIELD,,src/data/pokemon/species_info/gen_7_families.h:2898
751,7,Dewpider,SPECIES_DEWPIDER,base,DEWPIDER,Comum,"WATER, BUG",1,ABILITY_WATER_VEIL,entrada,"EGG_GROUP_WATER_1, EGG_GROUP_BUG",,src/data/pokemon/species_info/gen_7_families.h:2971
752,7,Araquanid,SPECIES_ARAQUANID,base,DEWPIDER,Comum,"WATER, BUG",3,"ABILITY_WATER_VEIL, ABILITY_STICKY_HOLD, ABILITY_WATER_COMPACTION",entrada,"EGG_GROUP_WATER_1, EGG_GROUP_BUG",,src/data/pokemon/species_info/gen_7_families.h:3047
752,7,Araquanid,SPECIES_ARAQUANID_TOTEM,forma,DEWPIDER,Totem,"WATER, BUG",3,"ABILITY_WATER_VEIL, ABILITY_STICKY_HOLD, ABILITY_WATER_COMPACTION",entrada,"EGG_GROUP_WATER_1, EGG_GROUP_BUG",,src/data/pokemon/species_info/gen_7_families.h:3110
753,7,Fomantis,SPECIES_FOMANTIS,base,FOMANTIS,Comum,GRASS,1,ABILITY_NATURAL_CURE,entrada,EGG_GROUP_GRASS,,src/data/pokemon/species_info/gen_7_families.h:3177
754,7,Lurantis,SPECIES_LURANTIS,base,FOMANTIS,Comum,GRASS,3,"ABILITY_NATURAL_CURE, ABILITY_SHARPNESS, ABILITY_SEED_SOWER",entrada,EGG_GROUP_GRASS,,src/data/pokemon/species_info/gen_7_families.h:3246
754,7,Lurantis,SPECIES_LURANTIS_TOTEM,forma,FOMANTIS,Totem,GRASS,3,"ABILITY_NATURAL_CURE, ABILITY_SHARPNESS, ABILITY_CONTRARY",entrada,EGG_GROUP_GRASS,,src/data/pokemon/species_info/gen_7_families.h:3309
755,7,Morelull,SPECIES_MORELULL,base,MORELULL,Comum,"GRASS, FAIRY",1,ABILITY_LEAF_GUARD,entrada,EGG_GROUP_GRASS,,src/data/pokemon/species_info/gen_7_families.h:3376
756,7,Shiinotic,SPECIES_SHIINOTIC,base,MORELULL,Comum,"GRASS, FAIRY",3,"ABILITY_LEAF_GUARD, ABILITY_NATURAL_CURE, ABILITY_SOOTHING",entrada,EGG_GROUP_GRASS,,src/data/pokemon/species_info/gen_7_families.h:3445
757,7,Salandit,SPECIES_SALANDIT,base,SALANDIT,Comum,"POISON, FIRE",1,ABILITY_POISON_POINT,entrada,"EGG_GROUP_MONSTER, EGG_GROUP_DRAGON",,src/data/pokemon/species_info/gen_7_families.h:3514
758,7,Salazzle,SPECIES_SALAZZLE,base,SALANDIT,Comum,"POISON, FIRE",3,"ABILITY_POISON_POINT, ABILITY_MERCILESS, ABILITY_POISON_TOUCH",entrada,"EGG_GROUP_MONSTER, EGG_GROUP_DRAGON",,src/data/pokemon/species_info/gen_7_families.h:3587
758,7,Salazzle,SPECIES_SALAZZLE_TOTEM,forma,SALANDIT,Totem,"POISON, FIRE",3,"ABILITY_POISON_POINT, ABILITY_MERCILESS, ABILITY_OBLIVIOUS",entrada,"EGG_GROUP_MONSTER, EGG_GROUP_DRAGON",,src/data/pokemon/species_info/gen_7_families.h:3650
759,7,Stufful,SPECIES_STUFFUL,base,STUFFUL,Comum,"NORMAL, FIGHTING",1,ABILITY_SCRAPPY,entrada,EGG_GROUP_FIELD,,src/data/pokemon/species_info/gen_7_families.h:3717
760,7,Bewear,SPECIES_BEWEAR,base,STUFFUL,Comum,"NORMAL, FIGHTING",3,"ABILITY_SCRAPPY, ABILITY_IRON_FIST, ABILITY_GUARD_DOG",entrada,EGG_GROUP_FIELD,,src/data/pokemon/species_info/gen_7_families.h:3788
761,7,Bounsweet,SPECIES_BOUNSWEET,base,BOUNSWEET,Comum,GRASS,1,ABILITY_AROMA_VEIL,entrada,EGG_GROUP_GRASS,,src/data/pokemon/species_info/gen_7_families.h:3859
762,7,Steenee,SPECIES_STEENEE,base,BOUNSWEET,Comum,GRASS,2,"ABILITY_AROMA_VEIL, ABILITY_DAZZLING",entrada,EGG_GROUP_GRASS,,src/data/pokemon/species_info/gen_7_families.h:3927
763,7,Tsareena,SPECIES_TSAREENA,base,BOUNSWEET,Comum,GRASS,3,"ABILITY_AROMA_VEIL, ABILITY_DAZZLING, ABILITY_SOOTHING",entrada,EGG_GROUP_GRASS,,src/data/pokemon/species_info/gen_7_families.h:3995
764,7,Comfey,SPECIES_COMFEY,base,COMFEY,Comum,FAIRY,3,"ABILITY_SWEET_VEIL, ABILITY_HEALER, ABILITY_AROMA_VEIL",entrada,EGG_GROUP_GRASS,,src/data/pokemon/species_info/gen_7_families.h:4064
765,7,Oranguru,SPECIES_ORANGURU,base,ORANGURU,Comum,"NORMAL, PSYCHIC",3,"ABILITY_SCRAPPY, ABILITY_OWN_TEMPO, ABILITY_TANGLED_FEET",entrada,EGG_GROUP_FIELD,,src/data/pokemon/species_info/gen_7_families.h:4135
766,7,Passimian,SPECIES_PASSIMIAN,base,PASSIMIAN,Comum,FIGHTING,3,"ABILITY_INNER_FOCUS, ABILITY_SCRAPPY, ABILITY_STEADFAST",entrada,EGG_GROUP_FIELD,,src/data/pokemon/species_info/gen_7_families.h:4206
769,7,Sandygast,SPECIES_SANDYGAST,base,SANDYGAST,Comum,"GHOST, GROUND",1,ABILITY_CURSED_BODY,entrada,EGG_GROUP_AMORPHOUS,,src/data/pokemon/species_info/gen_7_families.h:4481
770,7,Palossand,SPECIES_PALOSSAND,base,SANDYGAST,Comum,"GHOST, GROUND",3,"ABILITY_CURSED_BODY, ABILITY_INSOMNIA, ABILITY_RITUAL",entrada,EGG_GROUP_AMORPHOUS,,src/data/pokemon/species_info/gen_7_families.h:4549
772,7,Type: Null,SPECIES_TYPE_NULL,base,TYPE_NULL,Sublendário,NORMAL,1,ABILITY_SCRAPPY,entrada,EGG_GROUP_NO_EGGS_DISCOVERED,,src/data/pokemon/species_info/gen_7_families.h:4690
773,7,SILVALLY_BUG,SPECIES_SILVALLY_BUG,forma,TYPE_NULL,Comum,,3,"(3 por tipo, via SILVALLY_SPECIES_INFO)",macro,EGG_GROUP_NO_EGGS_DISCOVERED,,src/data/pokemon/species_info/gen_7_families.h:4837
773,7,SILVALLY_DARK,SPECIES_SILVALLY_DARK,forma,TYPE_NULL,Comum,,3,"(3 por tipo, via SILVALLY_SPECIES_INFO)",macro,EGG_GROUP_NO_EGGS_DISCOVERED,,src/data/pokemon/species_info/gen_7_families.h:4847
773,7,SILVALLY_DRAGON,SPECIES_SILVALLY_DRAGON,forma,TYPE_NULL,Comum,,3,"(3 por tipo, via SILVALLY_SPECIES_INFO)",macro,EGG_GROUP_NO_EGGS_DISCOVERED,,src/data/pokemon/species_info/gen_7_families.h:4846
773,7,SILVALLY_ELECTRIC,SPECIES_SILVALLY_ELECTRIC,forma,TYPE_NULL,Comum,,3,"(3 por tipo, via SILVALLY_SPECIES_INFO)",macro,EGG_GROUP_NO_EGGS_DISCOVERED,,src/data/pokemon/species_info/gen_7_families.h:4843
773,7,SILVALLY_FIGHTING,SPECIES_SILVALLY_FIGHTING,forma,TYPE_NULL,Comum,,3,"(3 por tipo, via SILVALLY_SPECIES_INFO)",macro,EGG_GROUP_NO_EGGS_DISCOVERED,,src/data/pokemon/species_info/gen_7_families.h:4832
773,7,SILVALLY_FIRE,SPECIES_SILVALLY_FIRE,forma,TYPE_NULL,Comum,,3,"(3 por tipo, via SILVALLY_SPECIES_INFO)",macro,EGG_GROUP_NO_EGGS_DISCOVERED,,src/data/pokemon/species_info/gen_7_families.h:4840
773,7,SILVALLY_FLYING,SPECIES_SILVALLY_FLYING,forma,TYPE_NULL,Comum,,3,"(3 por tipo, via SILVALLY_SPECIES_INFO)",macro,EGG_GROUP_NO_EGGS_DISCOVERED,,src/data/pokemon/species_info/gen_7_families.h:4833
773,7,SILVALLY_GHOST,SPECIES_SILVALLY_GHOST,forma,TYPE_NULL,Comum,,3,"(3 por tipo, via SILVALLY_SPECIES_INFO)",macro,EGG_GROUP_NO_EGGS_DISCOVERED,,src/data/pokemon/species_info/gen_7_families.h:4838
773,7,SILVALLY_GRASS,SPECIES_SILVALLY_GRASS,forma,TYPE_NULL,Comum,,3,"(3 por tipo, via SILVALLY_SPECIES_INFO)",macro,EGG_GROUP_NO_EGGS_DISCOVERED,,src/data/pokemon/species_info/gen_7_families.h:4842
773,7,SILVALLY_GROUND,SPECIES_SILVALLY_GROUND,forma,TYPE_NULL,Comum,,3,"(3 por tipo, via SILVALLY_SPECIES_INFO)",macro,EGG_GROUP_NO_EGGS_DISCOVERED,,src/data/pokemon/species_info/gen_7_families.h:4835
773,7,SILVALLY_ICE,SPECIES_SILVALLY_ICE,forma,TYPE_NULL,Comum,,3,"(3 por tipo, via SILVALLY_SPECIES_INFO)",macro,EGG_GROUP_NO_EGGS_DISCOVERED,,src/data/pokemon/species_info/gen_7_families.h:4845
773,7,SILVALLY_NORMAL,SPECIES_SILVALLY_NORMAL,base,TYPE_NULL,Comum,,3,"(3 por tipo, via SILVALLY_SPECIES_INFO)",macro,EGG_GROUP_NO_EGGS_DISCOVERED,,src/data/pokemon/species_info/gen_7_families.h:4831
773,7,SILVALLY_POISON,SPECIES_SILVALLY_POISON,forma,TYPE_NULL,Comum,,3,"(3 por tipo, via SILVALLY_SPECIES_INFO)",macro,EGG_GROUP_NO_EGGS_DISCOVERED,,src/data/pokemon/species_info/gen_7_families.h:4834
773,7,SILVALLY_PSYCHIC,SPECIES_SILVALLY_PSYCHIC,forma,TYPE_NULL,Comum,,3,"(3 por tipo, via SILVALLY_SPECIES_INFO)",macro,EGG_GROUP_NO_EGGS_DISCOVERED,,src/data/pokemon/species_info/gen_7_families.h:4844
773,7,SILVALLY_ROCK,SPECIES_SILVALLY_ROCK,forma,TYPE_NULL,Comum,,3,"(3 por tipo, via SILVALLY_SPECIES_INFO)",macro,EGG_GROUP_NO_EGGS_DISCOVERED,,src/data/pokemon/species_info/gen_7_families.h:4836
773,7,SILVALLY_STEEL,SPECIES_SILVALLY_STEEL,forma,TYPE_NULL,Comum,,3,"(3 por tipo, via SILVALLY_SPECIES_INFO)",macro,EGG_GROUP_NO_EGGS_DISCOVERED,,src/data/pokemon/species_info/gen_7_families.h:4839
773,7,SILVALLY_WATER,SPECIES_SILVALLY_WATER,forma,TYPE_NULL,Comum,,3,"(3 por tipo, via SILVALLY_SPECIES_INFO)",macro,EGG_GROUP_NO_EGGS_DISCOVERED,,src/data/pokemon/species_info/gen_7_families.h:4841
774,7,MINIOR_CORE_BLUE,SPECIES_MINIOR_CORE_BLUE,forma,MINIOR,Comum,,0,(nenhum),macro sem innates,EGG_GROUP_MINERAL,,src/data/pokemon/species_info/gen_7_families.h:4970
774,7,MINIOR_CORE_GREEN,SPECIES_MINIOR_CORE_GREEN,forma,MINIOR,Comum,,0,(nenhum),macro sem innates,EGG_GROUP_MINERAL,,src/data/pokemon/species_info/gen_7_families.h:4969
774,7,MINIOR_CORE_INDIGO,SPECIES_MINIOR_CORE_INDIGO,forma,MINIOR,Comum,,0,(nenhum),macro sem innates,EGG_GROUP_MINERAL,,src/data/pokemon/species_info/gen_7_families.h:4971
774,7,MINIOR_CORE_ORANGE,SPECIES_MINIOR_CORE_ORANGE,forma,MINIOR,Comum,,0,(nenhum),macro sem innates,EGG_GROUP_MINERAL,,src/data/pokemon/species_info/gen_7_families.h:4967
774,7,MINIOR_CORE_RED,SPECIES_MINIOR_CORE_RED,forma,MINIOR,Comum,,0,(nenhum),macro sem innates,EGG_GROUP_MINERAL,,src/data/pokemon/species_info/gen_7_families.h:4966
774,7,MINIOR_CORE_VIOLET,SPECIES_MINIOR_CORE_VIOLET,forma,MINIOR,Comum,,0,(nenhum),macro sem innates,EGG_GROUP_MINERAL,,src/data/pokemon/species_info/gen_7_families.h:4972
774,7,MINIOR_CORE_YELLOW,SPECIES_MINIOR_CORE_YELLOW,forma,MINIOR,Comum,,0,(nenhum),macro sem innates,EGG_GROUP_MINERAL,,src/data/pokemon/species_info/gen_7_families.h:4968
774,7,MINIOR_METEOR_BLUE,SPECIES_MINIOR_METEOR_BLUE,forma,MINIOR,Comum,,0,(nenhum),macro sem innates,EGG_GROUP_MINERAL,,src/data/pokemon/species_info/gen_7_families.h:4963
774,7,MINIOR_METEOR_GREEN,SPECIES_MINIOR_METEOR_GREEN,forma,MINIOR,Comum,,0,(nenhum),macro sem innates,EGG_GROUP_MINERAL,,src/data/pokemon/species_info/gen_7_families.h:4962
774,7,MINIOR_METEOR_INDIGO,SPECIES_MINIOR_METEOR_INDIGO,forma,MINIOR,Comum,,0,(nenhum),macro sem innates,EGG_GROUP_MINERAL,,src/data/pokemon/species_info/gen_7_families.h:4964
774,7,MINIOR_METEOR_ORANGE,SPECIES_MINIOR_METEOR_ORANGE,forma,MINIOR,Comum,,0,(nenhum),macro sem innates,EGG_GROUP_MINERAL,,src/data/pokemon/species_info/gen_7_families.h:4960
774,7,MINIOR_METEOR_RED,SPECIES_MINIOR_METEOR_RED,base,MINIOR,Comum,,0,(nenhum),macro sem innates,EGG_GROUP_MINERAL,,src/data/pokemon/species_info/gen_7_families.h:4959
774,7,MINIOR_METEOR_VIOLET,SPECIES_MINIOR_METEOR_VIOLET,forma,MINIOR,Comum,,0,(nenhum),macro sem innates,EGG_GROUP_MINERAL,,src/data/pokemon/species_info/gen_7_families.h:4965
774,7,MINIOR_METEOR_YELLOW,SPECIES_MINIOR_METEOR_YELLOW,forma,MINIOR,Comum,,0,(nenhum),macro sem innates,EGG_GROUP_MINERAL,,src/data/pokemon/species_info/gen_7_families.h:4961
774,7,Minior,SPECIES_SILVALLY_FAIRY,forma,TYPE_NULL,Comum,"ROCK, FLYING",3,"(3 por tipo, via SILVALLY_SPECIES_INFO)",macro,EGG_GROUP_MINERAL,,src/data/pokemon/species_info/gen_7_families.h:4848
775,7,Komala,SPECIES_KOMALA,base,KOMALA,Comum,NORMAL,3,"ABILITY_INSOMNIA, ABILITY_OWN_TEMPO, ABILITY_RESTORING",entrada,EGG_GROUP_FIELD,,src/data/pokemon/species_info/gen_7_families.h:4976
776,7,Turtonator,SPECIES_TURTONATOR,base,TURTONATOR,Comum,"FIRE, DRAGON",3,"ABILITY_FLASH_FIRE, ABILITY_FLAME_BODY, ABILITY_SMOULDERING",entrada,"EGG_GROUP_MONSTER, EGG_GROUP_DRAGON",,src/data/pokemon/species_info/gen_7_families.h:5044
777,7,Togedemaru,SPECIES_TOGEDEMARU,base,TOGEDEMARU,Comum,"ELECTRIC, STEEL",2,"ABILITY_STATIC, ABILITY_ELECTROMORPHOSIS",entrada,"EGG_GROUP_FIELD, EGG_GROUP_FAIRY",,src/data/pokemon/species_info/gen_7_families.h:5117
777,7,Togedemaru,SPECIES_TOGEDEMARU_TOTEM,forma,TOGEDEMARU,Totem,"ELECTRIC, STEEL",3,"ABILITY_IRON_BARBS, ABILITY_LIGHTNING_ROD, ABILITY_STATIC",entrada,"EGG_GROUP_FIELD, EGG_GROUP_FAIRY",,src/data/pokemon/species_info/gen_7_families.h:5181
779,7,Bruxish,SPECIES_BRUXISH,base,BRUXISH,Comum,"WATER, PSYCHIC",3,"ABILITY_WATER_VEIL, ABILITY_RAIN_DISH, ABILITY_MERCILESS",entrada,EGG_GROUP_WATER_2,,src/data/pokemon/species_info/gen_7_families.h:5497
793,7,Nihilego,SPECIES_NIHILEGO,base,NIHILEGO,Ultra Beast,"ROCK, POISON",3,"ABILITY_STURDY, ABILITY_ROCK_HEAD, ABILITY_BATTLE_ARMOR",entrada,EGG_GROUP_NO_EGGS_DISCOVERED,,src/data/pokemon/species_info/gen_7_families.h:6638
794,7,Buzzwole,SPECIES_BUZZWOLE,base,BUZZWOLE,Ultra Beast,"BUG, FIGHTING",3,"ABILITY_SHIELD_DUST, ABILITY_COMPOUND_EYES, ABILITY_SWARM",entrada,EGG_GROUP_NO_EGGS_DISCOVERED,,src/data/pokemon/species_info/gen_7_families.h:6711
795,7,Pheromosa,SPECIES_PHEROMOSA,base,PHEROMOSA,Ultra Beast,"BUG, FIGHTING",3,"ABILITY_SHIELD_DUST, ABILITY_COMPOUND_EYES, ABILITY_SWARM",entrada,EGG_GROUP_NO_EGGS_DISCOVERED,,src/data/pokemon/species_info/gen_7_families.h:6784
796,7,Xurkitree,SPECIES_XURKITREE,base,XURKITREE,Ultra Beast,ELECTRIC,3,"ABILITY_STATIC, ABILITY_LIGHTNING_ROD, ABILITY_VOLT_ABSORB",entrada,EGG_GROUP_NO_EGGS_DISCOVERED,,src/data/pokemon/species_info/gen_7_families.h:6856
797,7,Celesteela,SPECIES_CELESTEELA,base,CELESTEELA,Ultra Beast,"STEEL, FLYING",3,"ABILITY_BATTLE_ARMOR, ABILITY_CLEAR_BODY, ABILITY_FILTER",entrada,EGG_GROUP_NO_EGGS_DISCOVERED,,src/data/pokemon/species_info/gen_7_families.h:6929
798,7,Kartana,SPECIES_KARTANA,base,KARTANA,Ultra Beast,"GRASS, STEEL",3,"ABILITY_SHARPNESS, ABILITY_HYPER_CUTTER, ABILITY_LEAF_GUARD",entrada,EGG_GROUP_NO_EGGS_DISCOVERED,,src/data/pokemon/species_info/gen_7_families.h:7005
799,7,Guzzlord,SPECIES_GUZZLORD,base,GUZZLORD,Ultra Beast,"DARK, DRAGON",3,"ABILITY_PICKPOCKET, ABILITY_UNNERVE, ABILITY_INFILTRATOR",entrada,EGG_GROUP_NO_EGGS_DISCOVERED,,src/data/pokemon/species_info/gen_7_families.h:7080
805,7,Stakataka,SPECIES_STAKATAKA,base,STAKATAKA,Ultra Beast,"ROCK, STEEL",3,"ABILITY_STURDY, ABILITY_ROCK_HEAD, ABILITY_BATTLE_ARMOR",entrada,EGG_GROUP_NO_EGGS_DISCOVERED,,src/data/pokemon/species_info/gen_7_families.h:7949
806,7,Blacephalon,SPECIES_BLACEPHALON,base,BLACEPHALON,Ultra Beast,"FIRE, GHOST",3,"ABILITY_FLASH_FIRE, ABILITY_FLAME_BODY, ABILITY_SMOULDERING",entrada,EGG_GROUP_NO_EGGS_DISCOVERED,,src/data/pokemon/species_info/gen_7_families.h:8021
819,8,Skwovet,SPECIES_SKWOVET,base,SKWOVET,Comum,NORMAL,1,ABILITY_RUN_AWAY,entrada,EGG_GROUP_FIELD,,src/data/pokemon/species_info/gen_8_families.h:792
820,8,Greedent,SPECIES_GREEDENT,base,SKWOVET,Comum,NORMAL,3,"ABILITY_SCRAPPY, ABILITY_OWN_TEMPO, ABILITY_THICK_FAT",entrada,EGG_GROUP_FIELD,,src/data/pokemon/species_info/gen_8_families.h:859
824,8,Blipbug,SPECIES_BLIPBUG,base,BLIPBUG,Comum,BUG,1,ABILITY_SHIELD_DUST,entrada,EGG_GROUP_BUG,,src/data/pokemon/species_info/gen_8_families.h:1211
825,8,Dottler,SPECIES_DOTTLER,base,BLIPBUG,Comum,"BUG, PSYCHIC",2,"ABILITY_SHIELD_DUST, ABILITY_STAKEOUT",entrada,EGG_GROUP_BUG,,src/data/pokemon/species_info/gen_8_families.h:1278
826,8,Orbeetle,SPECIES_ORBEETLE,base,BLIPBUG,Comum,"BUG, PSYCHIC",3,"ABILITY_COMPOUND_EYES, ABILITY_SHIELD_DUST, ABILITY_SEER",entrada,EGG_GROUP_BUG,,src/data/pokemon/species_info/gen_8_families.h:1345
826,8,Orbeetle,SPECIES_ORBEETLE_GMAX,forma,BLIPBUG,Comum,"BUG, PSYCHIC",3,"ABILITY_COMPOUND_EYES, ABILITY_SHIELD_DUST, ABILITY_SEER",entrada,EGG_GROUP_BUG,,src/data/pokemon/species_info/gen_8_families.h:1415
827,8,Nickit,SPECIES_NICKIT,base,NICKIT,Comum,DARK,1,ABILITY_PICKPOCKET,entrada,EGG_GROUP_FIELD,,src/data/pokemon/species_info/gen_8_families.h:1478
828,8,Thievul,SPECIES_THIEVUL,base,NICKIT,Comum,DARK,3,"ABILITY_PICKPOCKET, ABILITY_UNNERVE, ABILITY_INFILTRATOR",entrada,EGG_GROUP_FIELD,,src/data/pokemon/species_info/gen_8_families.h:1545
829,8,Gossifleur,SPECIES_GOSSIFLEUR,base,GOSSIFLEUR,Comum,GRASS,1,ABILITY_LEAF_GUARD,entrada,EGG_GROUP_GRASS,,src/data/pokemon/species_info/gen_8_families.h:1612
830,8,Eldegoss,SPECIES_ELDEGOSS,base,GOSSIFLEUR,Comum,GRASS,3,"ABILITY_LEAF_GUARD, ABILITY_AROMA_VEIL, ABILITY_HEALER",entrada,EGG_GROUP_GRASS,,src/data/pokemon/species_info/gen_8_families.h:1679
831,8,Wooloo,SPECIES_WOOLOO,base,WOOLOO,Comum,NORMAL,1,ABILITY_SCRAPPY,entrada,EGG_GROUP_FIELD,,src/data/pokemon/species_info/gen_8_families.h:1746
832,8,Dubwool,SPECIES_DUBWOOL,base,WOOLOO,Comum,NORMAL,3,"ABILITY_SCRAPPY, ABILITY_OWN_TEMPO, ABILITY_TANGLED_FEET",entrada,EGG_GROUP_FIELD,,src/data/pokemon/species_info/gen_8_families.h:1813
833,8,Chewtle,SPECIES_CHEWTLE,base,CHEWTLE,Comum,WATER,1,ABILITY_WATER_VEIL,entrada,"EGG_GROUP_MONSTER, EGG_GROUP_WATER_1",,src/data/pokemon/species_info/gen_8_families.h:1880
834,8,Drednaw,SPECIES_DREDNAW,base,CHEWTLE,Comum,"WATER, ROCK",3,"ABILITY_ROCK_HEAD, ABILITY_WATER_VEIL, ABILITY_BATTLE_ARMOR",entrada,"EGG_GROUP_MONSTER, EGG_GROUP_WATER_1",,src/data/pokemon/species_info/gen_8_families.h:1950
834,8,Drednaw,SPECIES_DREDNAW_GMAX,forma,CHEWTLE,Comum,"WATER, ROCK",3,"ABILITY_ROCK_HEAD, ABILITY_WATER_VEIL, ABILITY_BATTLE_ARMOR",entrada,"EGG_GROUP_MONSTER, EGG_GROUP_WATER_1",,src/data/pokemon/species_info/gen_8_families.h:2021
835,8,Yamper,SPECIES_YAMPER,base,YAMPER,Comum,ELECTRIC,1,ABILITY_STATIC,entrada,EGG_GROUP_FIELD,,src/data/pokemon/species_info/gen_8_families.h:2083
836,8,Boltund,SPECIES_BOLTUND,base,YAMPER,Comum,ELECTRIC,3,"ABILITY_QUICK_FEET, ABILITY_LIGHTNING_ROD, ABILITY_STATIC",entrada,EGG_GROUP_FIELD,,src/data/pokemon/species_info/gen_8_families.h:2150
837,8,Rolycoly,SPECIES_ROLYCOLY,base,ROLYCOLY,Comum,ROCK,1,ABILITY_STURDY,entrada,EGG_GROUP_MINERAL,,src/data/pokemon/species_info/gen_8_families.h:2217
838,8,Carkol,SPECIES_CARKOL,base,ROLYCOLY,Comum,"ROCK, FIRE",2,"ABILITY_STURDY, ABILITY_ROCK_HEAD",entrada,EGG_GROUP_MINERAL,,src/data/pokemon/species_info/gen_8_families.h:2288
839,8,Coalossal,SPECIES_COALOSSAL,base,ROLYCOLY,Comum,"ROCK, FIRE",3,"ABILITY_STURDY, ABILITY_ROCK_HEAD, ABILITY_SOLID_ROCK",entrada,EGG_GROUP_MINERAL,,src/data/pokemon/species_info/gen_8_families.h:2357
839,8,Coalossal,SPECIES_COALOSSAL_GMAX,forma,ROLYCOLY,Comum,"ROCK, FIRE",3,"ABILITY_STURDY, ABILITY_ROCK_HEAD, ABILITY_SOLID_ROCK",entrada,EGG_GROUP_MINERAL,,src/data/pokemon/species_info/gen_8_families.h:2428
845,8,Cramorant,SPECIES_CRAMORANT,base,CRAMORANT,Comum,"FLYING, WATER",3,"ABILITY_KEEN_EYE, ABILITY_DIVER, ABILITY_WATER_VEIL",entrada,"EGG_GROUP_WATER_1, EGG_GROUP_FLYING",,src/data/pokemon/species_info/gen_8_families.h:3161
845,8,Cramorant,SPECIES_CRAMORANT_GORGING,forma,CRAMORANT,Comum,"FLYING, WATER",3,"ABILITY_KEEN_EYE, ABILITY_DIVER, ABILITY_WATER_VEIL",entrada,"EGG_GROUP_WATER_1, EGG_GROUP_FLYING",,src/data/pokemon/species_info/gen_8_families.h:3287
845,8,Cramorant,SPECIES_CRAMORANT_GULPING,forma,CRAMORANT,Comum,"FLYING, WATER",3,"ABILITY_KEEN_EYE, ABILITY_DIVER, ABILITY_WATER_VEIL",entrada,"EGG_GROUP_WATER_1, EGG_GROUP_FLYING",,src/data/pokemon/species_info/gen_8_families.h:3228
846,8,Arrokuda,SPECIES_ARROKUDA,base,ARROKUDA,Comum,WATER,1,ABILITY_WATER_VEIL,entrada,EGG_GROUP_WATER_2,,src/data/pokemon/species_info/gen_8_families.h:3348
847,8,Barraskewda,SPECIES_BARRASKEWDA,base,ARROKUDA,Comum,WATER,3,"ABILITY_WATER_VEIL, ABILITY_RAIN_DISH, ABILITY_SNIPER",entrada,EGG_GROUP_WATER_2,,src/data/pokemon/species_info/gen_8_families.h:3415
852,8,Clobbopus,SPECIES_CLOBBOPUS,base,CLOBBOPUS,Comum,FIGHTING,1,ABILITY_INNER_FOCUS,entrada,"EGG_GROUP_WATER_1, EGG_GROUP_HUMAN_LIKE",,src/data/pokemon/species_info/gen_8_families.h:4002
853,8,Grapploct,SPECIES_GRAPPLOCT,base,CLOBBOPUS,Comum,FIGHTING,3,"ABILITY_INNER_FOCUS, ABILITY_SCRAPPY, ABILITY_DEFIANT",entrada,"EGG_GROUP_WATER_1, EGG_GROUP_HUMAN_LIKE",,src/data/pokemon/species_info/gen_8_families.h:4069
856,8,Hatenna,SPECIES_HATENNA,base,HATENNA,Comum,PSYCHIC,1,ABILITY_FOREWARN,entrada,EGG_GROUP_FAIRY,,src/data/pokemon/species_info/gen_8_families.h:4408
857,8,Hattrem,SPECIES_HATTREM,base,HATENNA,Comum,PSYCHIC,2,"ABILITY_FOREWARN, ABILITY_TELEPATHY",entrada,EGG_GROUP_FAIRY,,src/data/pokemon/species_info/gen_8_families.h:4475
858,8,Hatterene,SPECIES_HATTERENE,base,HATENNA,Comum,"PSYCHIC, FAIRY",3,"ABILITY_FOREWARN, ABILITY_TELEPATHY, ABILITY_AROMA_VEIL",entrada,EGG_GROUP_FAIRY,,src/data/pokemon/species_info/gen_8_families.h:4540
858,8,Hatterene,SPECIES_HATTERENE_GMAX,forma,HATENNA,Comum,"PSYCHIC, FAIRY",3,"ABILITY_FOREWARN, ABILITY_TELEPATHY, ABILITY_AROMA_VEIL",entrada,EGG_GROUP_FAIRY,,src/data/pokemon/species_info/gen_8_families.h:4607
868,8,Milcery,SPECIES_MILCERY,base,MILCERY,Comum,FAIRY,1,ABILITY_CUTE_CHARM,entrada,"EGG_GROUP_FAIRY, EGG_GROUP_AMORPHOUS",,src/data/pokemon/species_info/gen_8_families.h:4932
869,8,ALCREMIE_BERRY_CARAMEL_SWIRL,SPECIES_ALCREMIE_BERRY_CARAMEL_SWIRL,forma,MILCERY,Comum,,3,"ABILITY_HEALER, ABILITY_AROMA_VEIL, ABILITY_SWEET_VEIL",macro,"EGG_GROUP_FAIRY, EGG_GROUP_AMORPHOUS",,src/data/pokemon/species_info/gen_8_families.h:5271
869,8,ALCREMIE_BERRY_LEMON_CREAM,SPECIES_ALCREMIE_BERRY_LEMON_CREAM,forma,MILCERY,Comum,,3,"ABILITY_HEALER, ABILITY_AROMA_VEIL, ABILITY_SWEET_VEIL",macro,"EGG_GROUP_FAIRY, EGG_GROUP_AMORPHOUS",,src/data/pokemon/species_info/gen_8_families.h:5268
869,8,ALCREMIE_BERRY_MATCHA_CREAM,SPECIES_ALCREMIE_BERRY_MATCHA_CREAM,forma,MILCERY,Comum,,3,"ABILITY_HEALER, ABILITY_AROMA_VEIL, ABILITY_SWEET_VEIL",macro,"EGG_GROUP_FAIRY, EGG_GROUP_AMORPHOUS",,src/data/pokemon/species_info/gen_8_families.h:5266
869,8,ALCREMIE_BERRY_MINT_CREAM,SPECIES_ALCREMIE_BERRY_MINT_CREAM,forma,MILCERY,Comum,,3,"ABILITY_HEALER, ABILITY_AROMA_VEIL, ABILITY_SWEET_VEIL",macro,"EGG_GROUP_FAIRY, EGG_GROUP_AMORPHOUS",,src/data/pokemon/species_info/gen_8_families.h:5267
869,8,ALCREMIE_BERRY_RAINBOW_SWIRL,SPECIES_ALCREMIE_BERRY_RAINBOW_SWIRL,forma,MILCERY,Comum,,3,"ABILITY_HEALER, ABILITY_AROMA_VEIL, ABILITY_SWEET_VEIL",macro,"EGG_GROUP_FAIRY, EGG_GROUP_AMORPHOUS",,src/data/pokemon/species_info/gen_8_families.h:5272
869,8,ALCREMIE_BERRY_RUBY_CREAM,SPECIES_ALCREMIE_BERRY_RUBY_CREAM,forma,MILCERY,Comum,,3,"ABILITY_HEALER, ABILITY_AROMA_VEIL, ABILITY_SWEET_VEIL",macro,"EGG_GROUP_FAIRY, EGG_GROUP_AMORPHOUS",,src/data/pokemon/species_info/gen_8_families.h:5265
869,8,ALCREMIE_BERRY_RUBY_SWIRL,SPECIES_ALCREMIE_BERRY_RUBY_SWIRL,forma,MILCERY,Comum,,3,"ABILITY_HEALER, ABILITY_AROMA_VEIL, ABILITY_SWEET_VEIL",macro,"EGG_GROUP_FAIRY, EGG_GROUP_AMORPHOUS",,src/data/pokemon/species_info/gen_8_families.h:5270
869,8,ALCREMIE_BERRY_SALTED_CREAM,SPECIES_ALCREMIE_BERRY_SALTED_CREAM,forma,MILCERY,Comum,,3,"ABILITY_HEALER, ABILITY_AROMA_VEIL, ABILITY_SWEET_VEIL",macro,"EGG_GROUP_FAIRY, EGG_GROUP_AMORPHOUS",,src/data/pokemon/species_info/gen_8_families.h:5269
869,8,ALCREMIE_BERRY_VANILLA_CREAM,SPECIES_ALCREMIE_BERRY_VANILLA_CREAM,forma,MILCERY,Comum,,3,"ABILITY_HEALER, ABILITY_AROMA_VEIL, ABILITY_SWEET_VEIL",macro,"EGG_GROUP_FAIRY, EGG_GROUP_AMORPHOUS",,src/data/pokemon/species_info/gen_8_families.h:5264
869,8,ALCREMIE_CLOVER_CARAMEL_SWIRL,SPECIES_ALCREMIE_CLOVER_CARAMEL_SWIRL,forma,MILCERY,Comum,,3,"ABILITY_HEALER, ABILITY_AROMA_VEIL, ABILITY_SWEET_VEIL",macro,"EGG_GROUP_FAIRY, EGG_GROUP_AMORPHOUS",,src/data/pokemon/species_info/gen_8_families.h:5298
869,8,ALCREMIE_CLOVER_LEMON_CREAM,SPECIES_ALCREMIE_CLOVER_LEMON_CREAM,forma,MILCERY,Comum,,3,"ABILITY_HEALER, ABILITY_AROMA_VEIL, ABILITY_SWEET_VEIL",macro,"EGG_GROUP_FAIRY, EGG_GROUP_AMORPHOUS",,src/data/pokemon/species_info/gen_8_families.h:5295
869,8,ALCREMIE_CLOVER_MATCHA_CREAM,SPECIES_ALCREMIE_CLOVER_MATCHA_CREAM,forma,MILCERY,Comum,,3,"ABILITY_HEALER, ABILITY_AROMA_VEIL, ABILITY_SWEET_VEIL",macro,"EGG_GROUP_FAIRY, EGG_GROUP_AMORPHOUS",,src/data/pokemon/species_info/gen_8_families.h:5293
869,8,ALCREMIE_CLOVER_MINT_CREAM,SPECIES_ALCREMIE_CLOVER_MINT_CREAM,forma,MILCERY,Comum,,3,"ABILITY_HEALER, ABILITY_AROMA_VEIL, ABILITY_SWEET_VEIL",macro,"EGG_GROUP_FAIRY, EGG_GROUP_AMORPHOUS",,src/data/pokemon/species_info/gen_8_families.h:5294
869,8,ALCREMIE_CLOVER_RAINBOW_SWIRL,SPECIES_ALCREMIE_CLOVER_RAINBOW_SWIRL,forma,MILCERY,Comum,,3,"ABILITY_HEALER, ABILITY_AROMA_VEIL, ABILITY_SWEET_VEIL",macro,"EGG_GROUP_FAIRY, EGG_GROUP_AMORPHOUS",,src/data/pokemon/species_info/gen_8_families.h:5299
869,8,ALCREMIE_CLOVER_RUBY_CREAM,SPECIES_ALCREMIE_CLOVER_RUBY_CREAM,forma,MILCERY,Comum,,3,"ABILITY_HEALER, ABILITY_AROMA_VEIL, ABILITY_SWEET_VEIL",macro,"EGG_GROUP_FAIRY, EGG_GROUP_AMORPHOUS",,src/data/pokemon/species_info/gen_8_families.h:5292
869,8,ALCREMIE_CLOVER_RUBY_SWIRL,SPECIES_ALCREMIE_CLOVER_RUBY_SWIRL,forma,MILCERY,Comum,,3,"ABILITY_HEALER, ABILITY_AROMA_VEIL, ABILITY_SWEET_VEIL",macro,"EGG_GROUP_FAIRY, EGG_GROUP_AMORPHOUS",,src/data/pokemon/species_info/gen_8_families.h:5297
869,8,ALCREMIE_CLOVER_SALTED_CREAM,SPECIES_ALCREMIE_CLOVER_SALTED_CREAM,forma,MILCERY,Comum,,3,"ABILITY_HEALER, ABILITY_AROMA_VEIL, ABILITY_SWEET_VEIL",macro,"EGG_GROUP_FAIRY, EGG_GROUP_AMORPHOUS",,src/data/pokemon/species_info/gen_8_families.h:5296
869,8,ALCREMIE_CLOVER_VANILLA_CREAM,SPECIES_ALCREMIE_CLOVER_VANILLA_CREAM,forma,MILCERY,Comum,,3,"ABILITY_HEALER, ABILITY_AROMA_VEIL, ABILITY_SWEET_VEIL",macro,"EGG_GROUP_FAIRY, EGG_GROUP_AMORPHOUS",,src/data/pokemon/species_info/gen_8_families.h:5291
869,8,ALCREMIE_FLOWER_CARAMEL_SWIRL,SPECIES_ALCREMIE_FLOWER_CARAMEL_SWIRL,forma,MILCERY,Comum,,3,"ABILITY_HEALER, ABILITY_AROMA_VEIL, ABILITY_SWEET_VEIL",macro,"EGG_GROUP_FAIRY, EGG_GROUP_AMORPHOUS",,src/data/pokemon/species_info/gen_8_families.h:5307
869,8,ALCREMIE_FLOWER_LEMON_CREAM,SPECIES_ALCREMIE_FLOWER_LEMON_CREAM,forma,MILCERY,Comum,,3,"ABILITY_HEALER, ABILITY_AROMA_VEIL, ABILITY_SWEET_VEIL",macro,"EGG_GROUP_FAIRY, EGG_GROUP_AMORPHOUS",,src/data/pokemon/species_info/gen_8_families.h:5304
869,8,ALCREMIE_FLOWER_MATCHA_CREAM,SPECIES_ALCREMIE_FLOWER_MATCHA_CREAM,forma,MILCERY,Comum,,3,"ABILITY_HEALER, ABILITY_AROMA_VEIL, ABILITY_SWEET_VEIL",macro,"EGG_GROUP_FAIRY, EGG_GROUP_AMORPHOUS",,src/data/pokemon/species_info/gen_8_families.h:5302
869,8,ALCREMIE_FLOWER_MINT_CREAM,SPECIES_ALCREMIE_FLOWER_MINT_CREAM,forma,MILCERY,Comum,,3,"ABILITY_HEALER, ABILITY_AROMA_VEIL, ABILITY_SWEET_VEIL",macro,"EGG_GROUP_FAIRY, EGG_GROUP_AMORPHOUS",,src/data/pokemon/species_info/gen_8_families.h:5303
869,8,ALCREMIE_FLOWER_RAINBOW_SWIRL,SPECIES_ALCREMIE_FLOWER_RAINBOW_SWIRL,forma,MILCERY,Comum,,3,"ABILITY_HEALER, ABILITY_AROMA_VEIL, ABILITY_SWEET_VEIL",macro,"EGG_GROUP_FAIRY, EGG_GROUP_AMORPHOUS",,src/data/pokemon/species_info/gen_8_families.h:5308
869,8,ALCREMIE_FLOWER_RUBY_CREAM,SPECIES_ALCREMIE_FLOWER_RUBY_CREAM,forma,MILCERY,Comum,,3,"ABILITY_HEALER, ABILITY_AROMA_VEIL, ABILITY_SWEET_VEIL",macro,"EGG_GROUP_FAIRY, EGG_GROUP_AMORPHOUS",,src/data/pokemon/species_info/gen_8_families.h:5301
869,8,ALCREMIE_FLOWER_RUBY_SWIRL,SPECIES_ALCREMIE_FLOWER_RUBY_SWIRL,forma,MILCERY,Comum,,3,"ABILITY_HEALER, ABILITY_AROMA_VEIL, ABILITY_SWEET_VEIL",macro,"EGG_GROUP_FAIRY, EGG_GROUP_AMORPHOUS",,src/data/pokemon/species_info/gen_8_families.h:5306
869,8,ALCREMIE_FLOWER_SALTED_CREAM,SPECIES_ALCREMIE_FLOWER_SALTED_CREAM,forma,MILCERY,Comum,,3,"ABILITY_HEALER, ABILITY_AROMA_VEIL, ABILITY_SWEET_VEIL",macro,"EGG_GROUP_FAIRY, EGG_GROUP_AMORPHOUS",,src/data/pokemon/species_info/gen_8_families.h:5305
869,8,ALCREMIE_FLOWER_VANILLA_CREAM,SPECIES_ALCREMIE_FLOWER_VANILLA_CREAM,forma,MILCERY,Comum,,3,"ABILITY_HEALER, ABILITY_AROMA_VEIL, ABILITY_SWEET_VEIL",macro,"EGG_GROUP_FAIRY, EGG_GROUP_AMORPHOUS",,src/data/pokemon/species_info/gen_8_families.h:5300
869,8,Alcremie,SPECIES_ALCREMIE_GMAX,forma,MILCERY,Comum,,3,"ABILITY_HEALER, ABILITY_AROMA_VEIL, ABILITY_SWEET_VEIL",macro,"EGG_GROUP_FAIRY, EGG_GROUP_AMORPHOUS",,src/data/pokemon/species_info/gen_8_families.h:5319
869,8,ALCREMIE_LOVE_CARAMEL_SWIRL,SPECIES_ALCREMIE_LOVE_CARAMEL_SWIRL,forma,MILCERY,Comum,,3,"ABILITY_HEALER, ABILITY_AROMA_VEIL, ABILITY_SWEET_VEIL",macro,"EGG_GROUP_FAIRY, EGG_GROUP_AMORPHOUS",,src/data/pokemon/species_info/gen_8_families.h:5280
869,8,ALCREMIE_LOVE_LEMON_CREAM,SPECIES_ALCREMIE_LOVE_LEMON_CREAM,forma,MILCERY,Comum,,3,"ABILITY_HEALER, ABILITY_AROMA_VEIL, ABILITY_SWEET_VEIL",macro,"EGG_GROUP_FAIRY, EGG_GROUP_AMORPHOUS",,src/data/pokemon/species_info/gen_8_families.h:5277
869,8,ALCREMIE_LOVE_MATCHA_CREAM,SPECIES_ALCREMIE_LOVE_MATCHA_CREAM,forma,MILCERY,Comum,,3,"ABILITY_HEALER, ABILITY_AROMA_VEIL, ABILITY_SWEET_VEIL",macro,"EGG_GROUP_FAIRY, EGG_GROUP_AMORPHOUS",,src/data/pokemon/species_info/gen_8_families.h:5275
869,8,ALCREMIE_LOVE_MINT_CREAM,SPECIES_ALCREMIE_LOVE_MINT_CREAM,forma,MILCERY,Comum,,3,"ABILITY_HEALER, ABILITY_AROMA_VEIL, ABILITY_SWEET_VEIL",macro,"EGG_GROUP_FAIRY, EGG_GROUP_AMORPHOUS",,src/data/pokemon/species_info/gen_8_families.h:5276
869,8,ALCREMIE_LOVE_RAINBOW_SWIRL,SPECIES_ALCREMIE_LOVE_RAINBOW_SWIRL,forma,MILCERY,Comum,,3,"ABILITY_HEALER, ABILITY_AROMA_VEIL, ABILITY_SWEET_VEIL",macro,"EGG_GROUP_FAIRY, EGG_GROUP_AMORPHOUS",,src/data/pokemon/species_info/gen_8_families.h:5281
869,8,ALCREMIE_LOVE_RUBY_CREAM,SPECIES_ALCREMIE_LOVE_RUBY_CREAM,forma,MILCERY,Comum,,3,"ABILITY_HEALER, ABILITY_AROMA_VEIL, ABILITY_SWEET_VEIL",macro,"EGG_GROUP_FAIRY, EGG_GROUP_AMORPHOUS",,src/data/pokemon/species_info/gen_8_families.h:5274
869,8,ALCREMIE_LOVE_RUBY_SWIRL,SPECIES_ALCREMIE_LOVE_RUBY_SWIRL,forma,MILCERY,Comum,,3,"ABILITY_HEALER, ABILITY_AROMA_VEIL, ABILITY_SWEET_VEIL",macro,"EGG_GROUP_FAIRY, EGG_GROUP_AMORPHOUS",,src/data/pokemon/species_info/gen_8_families.h:5279
869,8,ALCREMIE_LOVE_SALTED_CREAM,SPECIES_ALCREMIE_LOVE_SALTED_CREAM,forma,MILCERY,Comum,,3,"ABILITY_HEALER, ABILITY_AROMA_VEIL, ABILITY_SWEET_VEIL",macro,"EGG_GROUP_FAIRY, EGG_GROUP_AMORPHOUS",,src/data/pokemon/species_info/gen_8_families.h:5278
869,8,ALCREMIE_LOVE_VANILLA_CREAM,SPECIES_ALCREMIE_LOVE_VANILLA_CREAM,forma,MILCERY,Comum,,3,"ABILITY_HEALER, ABILITY_AROMA_VEIL, ABILITY_SWEET_VEIL",macro,"EGG_GROUP_FAIRY, EGG_GROUP_AMORPHOUS",,src/data/pokemon/species_info/gen_8_families.h:5273
869,8,ALCREMIE_RIBBON_CARAMEL_SWIRL,SPECIES_ALCREMIE_RIBBON_CARAMEL_SWIRL,forma,MILCERY,Comum,,3,"ABILITY_HEALER, ABILITY_AROMA_VEIL, ABILITY_SWEET_VEIL",macro,"EGG_GROUP_FAIRY, EGG_GROUP_AMORPHOUS",,src/data/pokemon/species_info/gen_8_families.h:5316
869,8,ALCREMIE_RIBBON_LEMON_CREAM,SPECIES_ALCREMIE_RIBBON_LEMON_CREAM,forma,MILCERY,Comum,,3,"ABILITY_HEALER, ABILITY_AROMA_VEIL, ABILITY_SWEET_VEIL",macro,"EGG_GROUP_FAIRY, EGG_GROUP_AMORPHOUS",,src/data/pokemon/species_info/gen_8_families.h:5313
869,8,ALCREMIE_RIBBON_MATCHA_CREAM,SPECIES_ALCREMIE_RIBBON_MATCHA_CREAM,forma,MILCERY,Comum,,3,"ABILITY_HEALER, ABILITY_AROMA_VEIL, ABILITY_SWEET_VEIL",macro,"EGG_GROUP_FAIRY, EGG_GROUP_AMORPHOUS",,src/data/pokemon/species_info/gen_8_families.h:5311
869,8,ALCREMIE_RIBBON_MINT_CREAM,SPECIES_ALCREMIE_RIBBON_MINT_CREAM,forma,MILCERY,Comum,,3,"ABILITY_HEALER, ABILITY_AROMA_VEIL, ABILITY_SWEET_VEIL",macro,"EGG_GROUP_FAIRY, EGG_GROUP_AMORPHOUS",,src/data/pokemon/species_info/gen_8_families.h:5312
869,8,ALCREMIE_RIBBON_RAINBOW_SWIRL,SPECIES_ALCREMIE_RIBBON_RAINBOW_SWIRL,forma,MILCERY,Comum,,3,"ABILITY_HEALER, ABILITY_AROMA_VEIL, ABILITY_SWEET_VEIL",macro,"EGG_GROUP_FAIRY, EGG_GROUP_AMORPHOUS",,src/data/pokemon/species_info/gen_8_families.h:5317
869,8,ALCREMIE_RIBBON_RUBY_CREAM,SPECIES_ALCREMIE_RIBBON_RUBY_CREAM,forma,MILCERY,Comum,,3,"ABILITY_HEALER, ABILITY_AROMA_VEIL, ABILITY_SWEET_VEIL",macro,"EGG_GROUP_FAIRY, EGG_GROUP_AMORPHOUS",,src/data/pokemon/species_info/gen_8_families.h:5310
869,8,ALCREMIE_RIBBON_RUBY_SWIRL,SPECIES_ALCREMIE_RIBBON_RUBY_SWIRL,forma,MILCERY,Comum,,3,"ABILITY_HEALER, ABILITY_AROMA_VEIL, ABILITY_SWEET_VEIL",macro,"EGG_GROUP_FAIRY, EGG_GROUP_AMORPHOUS",,src/data/pokemon/species_info/gen_8_families.h:5315
869,8,ALCREMIE_RIBBON_SALTED_CREAM,SPECIES_ALCREMIE_RIBBON_SALTED_CREAM,forma,MILCERY,Comum,,3,"ABILITY_HEALER, ABILITY_AROMA_VEIL, ABILITY_SWEET_VEIL",macro,"EGG_GROUP_FAIRY, EGG_GROUP_AMORPHOUS",,src/data/pokemon/species_info/gen_8_families.h:5314
869,8,ALCREMIE_RIBBON_VANILLA_CREAM,SPECIES_ALCREMIE_RIBBON_VANILLA_CREAM,forma,MILCERY,Comum,,3,"ABILITY_HEALER, ABILITY_AROMA_VEIL, ABILITY_SWEET_VEIL",macro,"EGG_GROUP_FAIRY, EGG_GROUP_AMORPHOUS",,src/data/pokemon/species_info/gen_8_families.h:5309
869,8,ALCREMIE_STAR_CARAMEL_SWIRL,SPECIES_ALCREMIE_STAR_CARAMEL_SWIRL,forma,MILCERY,Comum,,3,"ABILITY_HEALER, ABILITY_AROMA_VEIL, ABILITY_SWEET_VEIL",macro,"EGG_GROUP_FAIRY, EGG_GROUP_AMORPHOUS",,src/data/pokemon/species_info/gen_8_families.h:5289
869,8,ALCREMIE_STAR_LEMON_CREAM,SPECIES_ALCREMIE_STAR_LEMON_CREAM,forma,MILCERY,Comum,,3,"ABILITY_HEALER, ABILITY_AROMA_VEIL, ABILITY_SWEET_VEIL",macro,"EGG_GROUP_FAIRY, EGG_GROUP_AMORPHOUS",,src/data/pokemon/species_info/gen_8_families.h:5286
869,8,ALCREMIE_STAR_MATCHA_CREAM,SPECIES_ALCREMIE_STAR_MATCHA_CREAM,forma,MILCERY,Comum,,3,"ABILITY_HEALER, ABILITY_AROMA_VEIL, ABILITY_SWEET_VEIL",macro,"EGG_GROUP_FAIRY, EGG_GROUP_AMORPHOUS",,src/data/pokemon/species_info/gen_8_families.h:5284
869,8,ALCREMIE_STAR_MINT_CREAM,SPECIES_ALCREMIE_STAR_MINT_CREAM,forma,MILCERY,Comum,,3,"ABILITY_HEALER, ABILITY_AROMA_VEIL, ABILITY_SWEET_VEIL",macro,"EGG_GROUP_FAIRY, EGG_GROUP_AMORPHOUS",,src/data/pokemon/species_info/gen_8_families.h:5285
869,8,ALCREMIE_STAR_RAINBOW_SWIRL,SPECIES_ALCREMIE_STAR_RAINBOW_SWIRL,forma,MILCERY,Comum,,3,"ABILITY_HEALER, ABILITY_AROMA_VEIL, ABILITY_SWEET_VEIL",macro,"EGG_GROUP_FAIRY, EGG_GROUP_AMORPHOUS",,src/data/pokemon/species_info/gen_8_families.h:5290
869,8,ALCREMIE_STAR_RUBY_CREAM,SPECIES_ALCREMIE_STAR_RUBY_CREAM,forma,MILCERY,Comum,,3,"ABILITY_HEALER, ABILITY_AROMA_VEIL, ABILITY_SWEET_VEIL",macro,"EGG_GROUP_FAIRY, EGG_GROUP_AMORPHOUS",,src/data/pokemon/species_info/gen_8_families.h:5283
869,8,ALCREMIE_STAR_RUBY_SWIRL,SPECIES_ALCREMIE_STAR_RUBY_SWIRL,forma,MILCERY,Comum,,3,"ABILITY_HEALER, ABILITY_AROMA_VEIL, ABILITY_SWEET_VEIL",macro,"EGG_GROUP_FAIRY, EGG_GROUP_AMORPHOUS",,src/data/pokemon/species_info/gen_8_families.h:5288
869,8,ALCREMIE_STAR_SALTED_CREAM,SPECIES_ALCREMIE_STAR_SALTED_CREAM,forma,MILCERY,Comum,,3,"ABILITY_HEALER, ABILITY_AROMA_VEIL, ABILITY_SWEET_VEIL",macro,"EGG_GROUP_FAIRY, EGG_GROUP_AMORPHOUS",,src/data/pokemon/species_info/gen_8_families.h:5287
869,8,ALCREMIE_STAR_VANILLA_CREAM,SPECIES_ALCREMIE_STAR_VANILLA_CREAM,forma,MILCERY,Comum,,3,"ABILITY_HEALER, ABILITY_AROMA_VEIL, ABILITY_SWEET_VEIL",macro,"EGG_GROUP_FAIRY, EGG_GROUP_AMORPHOUS",,src/data/pokemon/species_info/gen_8_families.h:5282
869,8,ALCREMIE_STRAWBERRY_CARAMEL_SWIRL,SPECIES_ALCREMIE_STRAWBERRY_CARAMEL_SWIRL,forma,MILCERY,Comum,,3,"ABILITY_HEALER, ABILITY_AROMA_VEIL, ABILITY_SWEET_VEIL",macro,"EGG_GROUP_FAIRY, EGG_GROUP_AMORPHOUS",,src/data/pokemon/species_info/gen_8_families.h:5262
869,8,ALCREMIE_STRAWBERRY_LEMON_CREAM,SPECIES_ALCREMIE_STRAWBERRY_LEMON_CREAM,forma,MILCERY,Comum,,3,"ABILITY_HEALER, ABILITY_AROMA_VEIL, ABILITY_SWEET_VEIL",macro,"EGG_GROUP_FAIRY, EGG_GROUP_AMORPHOUS",,src/data/pokemon/species_info/gen_8_families.h:5259
869,8,ALCREMIE_STRAWBERRY_MATCHA_CREAM,SPECIES_ALCREMIE_STRAWBERRY_MATCHA_CREAM,forma,MILCERY,Comum,,3,"ABILITY_HEALER, ABILITY_AROMA_VEIL, ABILITY_SWEET_VEIL",macro,"EGG_GROUP_FAIRY, EGG_GROUP_AMORPHOUS",,src/data/pokemon/species_info/gen_8_families.h:5257
869,8,ALCREMIE_STRAWBERRY_MINT_CREAM,SPECIES_ALCREMIE_STRAWBERRY_MINT_CREAM,forma,MILCERY,Comum,,3,"ABILITY_HEALER, ABILITY_AROMA_VEIL, ABILITY_SWEET_VEIL",macro,"EGG_GROUP_FAIRY, EGG_GROUP_AMORPHOUS",,src/data/pokemon/species_info/gen_8_families.h:5258
869,8,ALCREMIE_STRAWBERRY_RAINBOW_SWIRL,SPECIES_ALCREMIE_STRAWBERRY_RAINBOW_SWIRL,forma,MILCERY,Comum,,3,"ABILITY_HEALER, ABILITY_AROMA_VEIL, ABILITY_SWEET_VEIL",macro,"EGG_GROUP_FAIRY, EGG_GROUP_AMORPHOUS",,src/data/pokemon/species_info/gen_8_families.h:5263
869,8,ALCREMIE_STRAWBERRY_RUBY_CREAM,SPECIES_ALCREMIE_STRAWBERRY_RUBY_CREAM,forma,MILCERY,Comum,,3,"ABILITY_HEALER, ABILITY_AROMA_VEIL, ABILITY_SWEET_VEIL",macro,"EGG_GROUP_FAIRY, EGG_GROUP_AMORPHOUS",,src/data/pokemon/species_info/gen_8_families.h:5256
869,8,ALCREMIE_STRAWBERRY_RUBY_SWIRL,SPECIES_ALCREMIE_STRAWBERRY_RUBY_SWIRL,forma,MILCERY,Comum,,3,"ABILITY_HEALER, ABILITY_AROMA_VEIL, ABILITY_SWEET_VEIL",macro,"EGG_GROUP_FAIRY, EGG_GROUP_AMORPHOUS",,src/data/pokemon/species_info/gen_8_families.h:5261
869,8,ALCREMIE_STRAWBERRY_SALTED_CREAM,SPECIES_ALCREMIE_STRAWBERRY_SALTED_CREAM,forma,MILCERY,Comum,,3,"ABILITY_HEALER, ABILITY_AROMA_VEIL, ABILITY_SWEET_VEIL",macro,"EGG_GROUP_FAIRY, EGG_GROUP_AMORPHOUS",,src/data/pokemon/species_info/gen_8_families.h:5260
869,8,ALCREMIE_STRAWBERRY_VANILLA_CREAM,SPECIES_ALCREMIE_STRAWBERRY_VANILLA_CREAM,base,MILCERY,Comum,,3,"ABILITY_HEALER, ABILITY_AROMA_VEIL, ABILITY_SWEET_VEIL",macro,"EGG_GROUP_FAIRY, EGG_GROUP_AMORPHOUS",,src/data/pokemon/species_info/gen_8_families.h:5255
871,8,Pincurchin,SPECIES_PINCURCHIN,base,PINCURCHIN,Comum,ELECTRIC,2,"ABILITY_STATIC, ABILITY_ELECTROMORPHOSIS",entrada,"EGG_GROUP_WATER_1, EGG_GROUP_AMORPHOUS",,src/data/pokemon/species_info/gen_8_families.h:5493
872,8,Snom,SPECIES_SNOM,base,SNOM,Comum,"ICE, BUG",1,ABILITY_ICE_BODY,entrada,EGG_GROUP_BUG,,src/data/pokemon/species_info/gen_8_families.h:5572
873,8,Frosmoth,SPECIES_FROSMOTH,base,SNOM,Comum,"ICE, BUG",3,"ABILITY_ICE_BODY, ABILITY_SNOW_CLOAK, ABILITY_LEVITATE",entrada,EGG_GROUP_BUG,,src/data/pokemon/species_info/gen_8_families.h:5640
874,8,Stonjourner,SPECIES_STONJOURNER,base,STONJOURNER,Comum,ROCK,3,"ABILITY_STURDY, ABILITY_ROCK_HEAD, ABILITY_BATTLE_ARMOR",entrada,EGG_GROUP_MINERAL,,src/data/pokemon/species_info/gen_8_families.h:5708
875,8,Eiscue,SPECIES_EISCUE_ICE,base,EISCUE,Comum,ICE,3,"ABILITY_ICE_BODY, ABILITY_SNOW_CLOAK, ABILITY_PERMAFROST",entrada,"EGG_GROUP_WATER_1, EGG_GROUP_FIELD",,src/data/pokemon/species_info/gen_8_families.h:5776
875,8,Eiscue,SPECIES_EISCUE_NOICE,forma,EISCUE,Comum,ICE,3,"ABILITY_ICE_BODY, ABILITY_SNOW_CLOAK, ABILITY_PERMAFROST",entrada,"EGG_GROUP_WATER_1, EGG_GROUP_FIELD",,src/data/pokemon/species_info/gen_8_families.h:5844
877,8,Morpeko,SPECIES_MORPEKO_FULL_BELLY,base,MORPEKO,Comum,"ELECTRIC, DARK",3,"ABILITY_STATIC, ABILITY_LIGHTNING_ROD, ABILITY_VOLT_ABSORB",entrada,"EGG_GROUP_FIELD, EGG_GROUP_FAIRY",,src/data/pokemon/species_info/gen_8_families.h:6040
877,8,Morpeko,SPECIES_MORPEKO_HANGRY,forma,MORPEKO,Comum,"ELECTRIC, DARK",3,"ABILITY_STATIC, ABILITY_LIGHTNING_ROD, ABILITY_VOLT_ABSORB",entrada,"EGG_GROUP_FIELD, EGG_GROUP_FAIRY",,src/data/pokemon/species_info/gen_8_families.h:6108
878,8,Cufant,SPECIES_CUFANT,base,CUFANT,Comum,STEEL,1,ABILITY_BATTLE_ARMOR,entrada,"EGG_GROUP_FIELD, EGG_GROUP_MINERAL",,src/data/pokemon/species_info/gen_8_families.h:6169
879,8,Copperajah,SPECIES_COPPERAJAH,base,CUFANT,Comum,STEEL,3,"ABILITY_BATTLE_ARMOR, ABILITY_CLEAR_BODY, ABILITY_FILTER",entrada,"EGG_GROUP_FIELD, EGG_GROUP_MINERAL",,src/data/pokemon/species_info/gen_8_families.h:6237
879,8,Copperajah,SPECIES_COPPERAJAH_GMAX,forma,CUFANT,Comum,STEEL,3,"ABILITY_BATTLE_ARMOR, ABILITY_CLEAR_BODY, ABILITY_FILTER",entrada,"EGG_GROUP_FIELD, EGG_GROUP_MINERAL",,src/data/pokemon/species_info/gen_8_families.h:6305
880,8,Dracozolt,SPECIES_DRACOZOLT,base,DRACOZOLT,Comum,"ELECTRIC, DRAGON",2,"ABILITY_STATIC, ABILITY_ELECTROMORPHOSIS",entrada,EGG_GROUP_NO_EGGS_DISCOVERED,,src/data/pokemon/species_info/gen_8_families.h:6368
881,8,Arctozolt,SPECIES_ARCTOZOLT,base,ARCTOZOLT,Comum,"ELECTRIC, ICE",2,"ABILITY_ELECTROMORPHOSIS, ABILITY_SHOCKWIRING",entrada,EGG_GROUP_NO_EGGS_DISCOVERED,,src/data/pokemon/species_info/gen_8_families.h:6435
882,8,Dracovish,SPECIES_DRACOVISH,base,DRACOVISH,Comum,"WATER, DRAGON",2,"ABILITY_WATER_VEIL, ABILITY_RAIN_DISH",entrada,EGG_GROUP_NO_EGGS_DISCOVERED,,src/data/pokemon/species_info/gen_8_families.h:6501
883,8,Arctovish,SPECIES_ARCTOVISH,base,ARCTOVISH,Comum,"WATER, ICE",2,"ABILITY_WATER_VEIL, ABILITY_RAIN_DISH",entrada,EGG_GROUP_NO_EGGS_DISCOVERED,,src/data/pokemon/species_info/gen_8_families.h:6568
915,9,Lechonk,SPECIES_LECHONK,base,LECHONK,Comum,NORMAL,1,ABILITY_RUN_AWAY,entrada,EGG_GROUP_FIELD,,src/data/pokemon/species_info/gen_9_families.h:672
916,9,Oinkologne,SPECIES_OINKOLOGNE_F,forma,LECHONK,Comum,NORMAL,3,"ABILITY_RUN_AWAY, ABILITY_OWN_TEMPO, ABILITY_SCRAPPY",entrada,EGG_GROUP_FIELD,,src/data/pokemon/species_info/gen_9_families.h:805
916,9,Oinkologne,SPECIES_OINKOLOGNE_M,base,LECHONK,Comum,NORMAL,3,"ABILITY_RUN_AWAY, ABILITY_OWN_TEMPO, ABILITY_SCRAPPY",entrada,EGG_GROUP_FIELD,,src/data/pokemon/species_info/gen_9_families.h:740
917,9,Tarountula,SPECIES_TAROUNTULA,base,TAROUNTULA,Comum,BUG,1,ABILITY_SHIELD_DUST,entrada,EGG_GROUP_BUG,,src/data/pokemon/species_info/gen_9_families.h:873
918,9,Spidops,SPECIES_SPIDOPS,base,TAROUNTULA,Comum,BUG,3,"ABILITY_SHIELD_DUST, ABILITY_COMPOUND_EYES, ABILITY_TINTED_LENS",entrada,EGG_GROUP_BUG,,src/data/pokemon/species_info/gen_9_families.h:940
919,9,Nymble,SPECIES_NYMBLE,base,NYMBLE,Comum,BUG,1,ABILITY_SHIELD_DUST,entrada,EGG_GROUP_BUG,,src/data/pokemon/species_info/gen_9_families.h:1007
920,9,Lokix,SPECIES_LOKIX,base,NYMBLE,Comum,"BUG, DARK",3,"ABILITY_SHIELD_DUST, ABILITY_COMPOUND_EYES, ABILITY_UNBURDEN",entrada,EGG_GROUP_BUG,,src/data/pokemon/species_info/gen_9_families.h:1074
926,9,Fidough,SPECIES_FIDOUGH,base,FIDOUGH,Comum,FAIRY,1,ABILITY_SWEET_VEIL,entrada,"EGG_GROUP_FIELD, EGG_GROUP_MINERAL",,src/data/pokemon/species_info/gen_9_families.h:1543
927,9,Dachsbun,SPECIES_DACHSBUN,base,FIDOUGH,Comum,FAIRY,3,"ABILITY_SWEET_VEIL, ABILITY_CUTE_CHARM, ABILITY_DAZZLING",entrada,"EGG_GROUP_FIELD, EGG_GROUP_MINERAL",,src/data/pokemon/species_info/gen_9_families.h:1610
928,9,Smoliv,SPECIES_SMOLIV,base,SMOLIV,Comum,"GRASS, NORMAL",1,ABILITY_LEAF_GUARD,entrada,EGG_GROUP_GRASS,,src/data/pokemon/species_info/gen_9_families.h:1677
929,9,Dolliv,SPECIES_DOLLIV,base,SMOLIV,Comum,"GRASS, NORMAL",2,"ABILITY_LEAF_GUARD, ABILITY_NATURAL_CURE",entrada,EGG_GROUP_GRASS,,src/data/pokemon/species_info/gen_9_families.h:1744
930,9,Arboliva,SPECIES_ARBOLIVA,base,SMOLIV,Comum,"GRASS, NORMAL",3,"ABILITY_LEAF_GUARD, ABILITY_NATURAL_CURE, ABILITY_CHANNEL_EARTH",entrada,EGG_GROUP_GRASS,,src/data/pokemon/species_info/gen_9_families.h:1810
931,9,Squawkabilly,SPECIES_SQUAWKABILLY_BLUE,forma,SQUAWKABILLY,Comum,"NORMAL, FLYING",3,"ABILITY_RUN_AWAY, ABILITY_OWN_TEMPO, ABILITY_SCRAPPY",entrada,EGG_GROUP_FLYING,,src/data/pokemon/species_info/gen_9_families.h:1944
931,9,Squawkabilly,SPECIES_SQUAWKABILLY_GREEN,base,SQUAWKABILLY,Comum,"NORMAL, FLYING",3,"ABILITY_RUN_AWAY, ABILITY_OWN_TEMPO, ABILITY_SCRAPPY",entrada,EGG_GROUP_FLYING,,src/data/pokemon/species_info/gen_9_families.h:1877
931,9,Squawkabilly,SPECIES_SQUAWKABILLY_WHITE,forma,SQUAWKABILLY,Comum,"NORMAL, FLYING",3,"ABILITY_RUN_AWAY, ABILITY_OWN_TEMPO, ABILITY_SCRAPPY",entrada,EGG_GROUP_FLYING,,src/data/pokemon/species_info/gen_9_families.h:2078
931,9,Squawkabilly,SPECIES_SQUAWKABILLY_YELLOW,forma,SQUAWKABILLY,Comum,"NORMAL, FLYING",3,"ABILITY_RUN_AWAY, ABILITY_OWN_TEMPO, ABILITY_SCRAPPY",entrada,EGG_GROUP_FLYING,,src/data/pokemon/species_info/gen_9_families.h:2011
938,9,Tadbulb,SPECIES_TADBULB,base,TADBULB,Comum,ELECTRIC,1,ABILITY_LIGHTNING_ROD,entrada,EGG_GROUP_WATER_1,,src/data/pokemon/species_info/gen_9_families.h:2547
939,9,Bellibolt,SPECIES_BELLIBOLT,base,TADBULB,Comum,ELECTRIC,3,"ABILITY_LIGHTNING_ROD, ABILITY_VOLT_ABSORB, ABILITY_SHOCKWIRING",entrada,EGG_GROUP_WATER_1,,src/data/pokemon/species_info/gen_9_families.h:2615
942,9,Maschiff,SPECIES_MASCHIFF,base,MASCHIFF,Comum,DARK,1,ABILITY_PICKPOCKET,entrada,EGG_GROUP_FIELD,,src/data/pokemon/species_info/gen_9_families.h:2816
943,9,Mabosstiff,SPECIES_MABOSSTIFF,base,MASCHIFF,Comum,DARK,3,"ABILITY_PICKPOCKET, ABILITY_UNNERVE, ABILITY_STRONG_JAW",entrada,EGG_GROUP_FIELD,,src/data/pokemon/species_info/gen_9_families.h:2883
944,9,Shroodle,SPECIES_SHROODLE,base,SHROODLE,Comum,"POISON, NORMAL",1,ABILITY_POISON_POINT,entrada,EGG_GROUP_FIELD,,src/data/pokemon/species_info/gen_9_families.h:2950
945,9,Grafaiai,SPECIES_GRAFAIAI,base,SHROODLE,Comum,"POISON, NORMAL",3,"ABILITY_POISON_POINT, ABILITY_LIQUID_OOZE, ABILITY_MERCILESS",entrada,EGG_GROUP_FIELD,,src/data/pokemon/species_info/gen_9_families.h:3017
946,9,Bramblin,SPECIES_BRAMBLIN,base,BRAMBLIN,Comum,"GRASS, GHOST",1,ABILITY_LEAF_GUARD,entrada,EGG_GROUP_GRASS,,src/data/pokemon/species_info/gen_9_families.h:3084
947,9,Brambleghast,SPECIES_BRAMBLEGHAST,base,BRAMBLIN,Comum,"GRASS, GHOST",3,"ABILITY_LEAF_GUARD, ABILITY_NATURAL_CURE, ABILITY_SEED_SOWER",entrada,EGG_GROUP_GRASS,,src/data/pokemon/species_info/gen_9_families.h:3151
948,9,Toedscool,SPECIES_TOEDSCOOL,base,TOEDSCOOL,Comum,"GROUND, GRASS",1,ABILITY_SAND_VEIL,entrada,EGG_GROUP_GRASS,,src/data/pokemon/species_info/gen_9_families.h:3218
949,9,Toedscruel,SPECIES_TOEDSCRUEL,base,TOEDSCOOL,Comum,"GROUND, GRASS",3,"ABILITY_SAND_VEIL, ABILITY_EARTH_EATER, ABILITY_ROUGH_SKIN",entrada,EGG_GROUP_GRASS,,src/data/pokemon/species_info/gen_9_families.h:3287
950,9,Klawf,SPECIES_KLAWF,base,KLAWF,Comum,ROCK,3,"ABILITY_STURDY, ABILITY_ROCK_HEAD, ABILITY_BATTLE_ARMOR",entrada,EGG_GROUP_WATER_3,,src/data/pokemon/species_info/gen_9_families.h:3356
953,9,Rellor,SPECIES_RELLOR,base,RELLOR,Comum,BUG,1,ABILITY_SHIELD_DUST,entrada,EGG_GROUP_BUG,,src/data/pokemon/species_info/gen_9_families.h:3619
954,9,Rabsca,SPECIES_RABSCA,base,RELLOR,Comum,"BUG, PSYCHIC",3,"ABILITY_SHIELD_DUST, ABILITY_COMPOUND_EYES, ABILITY_SWARM",entrada,EGG_GROUP_BUG,,src/data/pokemon/species_info/gen_9_families.h:3686
960,9,Wiglett,SPECIES_WIGLETT,base,WIGLETT,Comum,WATER,1,ABILITY_WATER_VEIL,entrada,EGG_GROUP_WATER_3,,src/data/pokemon/species_info/gen_9_families.h:4087
961,9,Wugtrio,SPECIES_WUGTRIO,base,WIGLETT,Comum,WATER,3,"ABILITY_WATER_VEIL, ABILITY_RAIN_DISH, ABILITY_STORM_DRAIN",entrada,EGG_GROUP_WATER_3,,src/data/pokemon/species_info/gen_9_families.h:4153
962,9,Bombirdier,SPECIES_BOMBIRDIER,base,BOMBIRDIER,Comum,"FLYING, DARK",3,"ABILITY_FLIER, ABILITY_OVERCOAT, ABILITY_GALE_WINGS",entrada,EGG_GROUP_FLYING,,src/data/pokemon/species_info/gen_9_families.h:4219
965,9,Varoom,SPECIES_VAROOM,base,VAROOM,Comum,"STEEL, POISON",1,ABILITY_BATTLE_ARMOR,entrada,EGG_GROUP_MINERAL,,src/data/pokemon/species_info/gen_9_families.h:4489
966,9,Revavroom,SPECIES_REVAVROOM,base,VAROOM,Comum,"STEEL, POISON",3,"ABILITY_BATTLE_ARMOR, ABILITY_CLEAR_BODY, ABILITY_HEAVY_METAL",entrada,EGG_GROUP_MINERAL,,src/data/pokemon/species_info/gen_9_families.h:4556
968,9,Orthworm,SPECIES_ORTHWORM,base,ORTHWORM,Comum,STEEL,3,"ABILITY_BATTLE_ARMOR, ABILITY_CLEAR_BODY, ABILITY_FILTER",entrada,EGG_GROUP_FIELD,,src/data/pokemon/species_info/gen_9_families.h:4691
971,9,Greavard,SPECIES_GREAVARD,base,GREAVARD,Comum,GHOST,1,ABILITY_CURSED_BODY,entrada,EGG_GROUP_FIELD,,src/data/pokemon/species_info/gen_9_families.h:4958
972,9,Houndstone,SPECIES_HOUNDSTONE,base,GREAVARD,Comum,GHOST,3,"ABILITY_CURSED_BODY, ABILITY_INSOMNIA, ABILITY_INFILTRATOR",entrada,EGG_GROUP_FIELD,,src/data/pokemon/species_info/gen_9_families.h:5025
974,9,Cetoddle,SPECIES_CETODDLE,base,CETODDLE,Comum,ICE,1,ABILITY_ICE_BODY,entrada,EGG_GROUP_FIELD,,src/data/pokemon/species_info/gen_9_families.h:5160
975,9,Cetitan,SPECIES_CETITAN,base,CETODDLE,Comum,ICE,3,"ABILITY_ICE_BODY, ABILITY_SNOW_CLOAK, ABILITY_PERMAFROST",entrada,EGG_GROUP_FIELD,,src/data/pokemon/species_info/gen_9_families.h:5227
976,9,Veluza,SPECIES_VELUZA,base,VELUZA,Comum,"WATER, PSYCHIC",3,"ABILITY_WATER_VEIL, ABILITY_RAIN_DISH, ABILITY_STORM_DRAIN",entrada,EGG_GROUP_WATER_2,,src/data/pokemon/species_info/gen_9_families.h:5294
1001,9,Wo-Chien,SPECIES_WO_CHIEN,base,WO_CHIEN,Sublendário,"DARK, GRASS",3,"ABILITY_PICKPOCKET, ABILITY_UNNERVE, ABILITY_INFILTRATOR",entrada,EGG_GROUP_NO_EGGS_DISCOVERED,,src/data/pokemon/species_info/gen_9_families.h:7101
1003,9,Ting-Lu,SPECIES_TING_LU,base,TING_LU,Sublendário,"DARK, GROUND",3,"ABILITY_PICKPOCKET, ABILITY_UNNERVE, ABILITY_INFILTRATOR",entrada,EGG_GROUP_NO_EGGS_DISCOVERED,,src/data/pokemon/species_info/gen_9_families.h:7239
1014,9,Okidogi,SPECIES_OKIDOGI,base,OKIDOGI,Sublendário,"POISON, FIGHTING",3,"ABILITY_POISON_POINT, ABILITY_POISON_TOUCH, ABILITY_LIQUID_OOZE",entrada,EGG_GROUP_NO_EGGS_DISCOVERED,,src/data/pokemon/species_info/gen_9_families.h:8068
1015,9,Munkidori,SPECIES_MUNKIDORI,base,MUNKIDORI,Sublendário,"POISON, PSYCHIC",3,"ABILITY_POISON_POINT, ABILITY_POISON_TOUCH, ABILITY_LIQUID_OOZE",entrada,EGG_GROUP_NO_EGGS_DISCOVERED,,src/data/pokemon/species_info/gen_9_families.h:8137
