valor,dec,nome,bloco,status,leituras,escritas,arquivos,mapas,escopo,comentario
0x1,1,FLAG_TEMP_1,TEMP,EM_USO,14,74,108,BattleFrontier_BattleDomePreBattleRoom;BlackthornCity;BlackthornCity_House3;CeladonCity_Gym,GLOBAL(codigo),
0x1,1,FLAG_TEMP_SKIP_GABBY_INTERVIEW,TEMP,EM_USO,0,1,1,,GLOBAL(codigo),
0x2,2,FLAG_TEMP_2,TEMP,EM_USO,17,55,80,BattleFrontier_BattleTowerMultiBattleRoom;BlackthornCity;CeladonCity;CeladonCity_Gym,GLOBAL(codigo),
0x2,2,FLAG_TEMP_REGICE_PUZZLE_STARTED,TEMP,EM_USO,1,1,1,,GLOBAL(codigo),
0x3,3,FLAG_TEMP_3,TEMP,EM_USO,7,55,64,BlackthornCity;CeladonCity;CeladonCity_Gym;CeruleanCave_1F,MULTI_MAPA(39),
0x3,3,FLAG_TEMP_REGICE_PUZZLE_FAILED,TEMP,EM_USO,1,1,1,,GLOBAL(codigo),
0x4,4,FLAG_TEMP_4,TEMP,EM_USO,6,31,46,BlackthornCity;CeruleanCave_1F;CeruleanCave_B1F;CeruleanCave_B2F,MULTI_MAPA(27),
0x5,5,FLAG_TEMP_5,TEMP,EM_USO,8,47,44,CeruleanCave_1F;CeruleanCave_B1F;CeruleanCave_B2F;CherrygroveCity,MULTI_MAPA(29),Unused Flag
0x6,6,FLAG_TEMP_6,TEMP,EM_USO,4,18,24,CeruleanCave_1F;CeruleanCave_B1F;CherrygroveCity;CliffEdgeCave,MULTI_MAPA(15),Unused Flag
0x7,7,FLAG_TEMP_7,TEMP,EM_USO,3,14,17,CeruleanCave_1F;CeruleanCave_B1F;CherrygroveCity;CliffEdgeCave,MULTI_MAPA(11),Unused Flag
0x8,8,FLAG_TEMP_8,TEMP,EM_USO,2,11,14,CeruleanCave_1F;CeruleanCave_B1F;CherrygroveCity;CliffEdgeCave,MULTI_MAPA(9),Unused Flag
0x9,9,FLAG_TEMP_9,TEMP,EM_USO,2,4,9,CeruleanCave_1F;CeruleanCave_B1F;CliffEdgeCave;IcePath_B4F,MULTI_MAPA(7),Unused Flag
0xA,10,FLAG_TEMP_A,TEMP,EM_USO,2,6,5,GoldenrodCity_DepartmentStore_5F;IcePath_B4F;MtMortar_Depths_1,MULTI_MAPA(3),Unused Flag
0xB,11,FLAG_TEMP_B,TEMP,NUNCA_REFERENCIADA,0,0,0,,,Unused Flag
0xC,12,FLAG_TEMP_C,TEMP,NUNCA_REFERENCIADA,0,0,0,,,Unused Flag
0xD,13,FLAG_TEMP_D,TEMP,NUNCA_REFERENCIADA,0,0,0,,,Unused Flag
0xE,14,FLAG_TEMP_E,TEMP,EM_USO,0,0,5,NewBarkTown,MAPA_UNICO:NewBarkTown,"When set, follower pokemon won't be spawned"
0xE,14,FLAG_TEMP_HIDE_FOLLOWER,TEMP,EM_USO,2,12,13,BattleFrontier_BattleDomeBattleRoom;DarkraiInn1;DarkraiInn1Ruined;DarkraiInnFinalRoom,GLOBAL(codigo),
0xF,15,FLAG_TEMP_F,TEMP,NUNCA_REFERENCIADA,0,0,0,,,Unused Flag
0x10,16,FLAG_TEMP_10,TEMP,EM_USO,2,2,6,CeruleanCave_B1F;CliffEdgeCave;Kitakami_Houses,MULTI_MAPA(3),Unused Flag
0x11,17,FLAG_TEMP_11,TEMP,EM_USO,0,0,26,Route110_TrickHousePuzzle4;Route120,MULTI_MAPA(2),
0x11,17,FLAG_TEMP_HIDE_MIRAGE_ISLAND_BERRY_TREE,TEMP,SO_MAPAS_FORA_DA_ROM,0,0,1,,,
0x12,18,FLAG_TEMP_12,TEMP,EM_USO,0,1,31,MtEmber_RubyPath_1F_Frlg;MtEmber_RubyPath_B1F_Frlg;MtEmber_RubyPath_B1F_Stairs_Frlg;MtEmber_RubyPath_B2F_Frlg,MULTI_MAPA(10),
0x13,19,FLAG_TEMP_13,TEMP,EM_USO,0,1,26,MtEmber_RubyPath_1F_Frlg;MtEmber_RubyPath_B1F_Frlg;MtEmber_RubyPath_B2F_Frlg;MtEmber_RubyPath_B2F_Stairs_Frlg,MULTI_MAPA(8),
0x14,20,FLAG_TEMP_14,TEMP,EM_USO,0,1,21,IlexForest;MtEmber_RubyPath_1F_Frlg;MtEmber_RubyPath_B1F_Frlg;MtEmber_RubyPath_B2F_Frlg,MULTI_MAPA(9),
0x15,21,FLAG_TEMP_15,TEMP,EM_USO,0,1,21,MtEmber_RubyPath_1F_Frlg;MtEmber_RubyPath_B1F_Frlg;MtEmber_RubyPath_B2F_Frlg;MtEmber_RubyPath_B3F_Frlg,MULTI_MAPA(8),
0x16,22,FLAG_TEMP_16,TEMP,EM_USO,0,1,16,MtEmber_RubyPath_1F_Frlg;MtEmber_RubyPath_B3F_Frlg;MtEmber_SummitPath_2F_Frlg;Route110_TrickHousePuzzle1,MULTI_MAPA(6),
0x17,23,FLAG_TEMP_17,TEMP,EM_USO,0,1,11,MtEmber_RubyPath_B3F_Frlg;MtEmber_SummitPath_2F_Frlg;Route110_TrickHousePuzzle1;Route110_TrickHousePuzzle4,MULTI_MAPA(4),
0x18,24,FLAG_TEMP_18,TEMP,EM_USO,0,1,8,MtEmber_SummitPath_2F_Frlg;Route110_TrickHousePuzzle1;Route110_TrickHousePuzzle4,MULTI_MAPA(3),
0x19,25,FLAG_TEMP_19,TEMP,EM_USO,0,1,9,MtEmber_SummitPath_2F_Frlg;Route110_TrickHousePuzzle1;Route110_TrickHousePuzzle4,MULTI_MAPA(3),
0x1A,26,FLAG_TEMP_1A,TEMP,EM_USO,0,1,5,MtEmber_SummitPath_2F_Frlg;Route110_TrickHousePuzzle4,MULTI_MAPA(2),
0x1B,27,FLAG_TEMP_1B,TEMP,EM_USO,0,1,5,Route110_TrickHousePuzzle1,MAPA_UNICO:Route110_TrickHousePuzzle1,
0x1C,28,FLAG_TEMP_1C,TEMP,EM_USO,0,1,5,Route110_TrickHousePuzzle1,MAPA_UNICO:Route110_TrickHousePuzzle1,
0x1D,29,FLAG_TEMP_1D,TEMP,SO_MAPAS_FORA_DA_ROM,0,1,3,,,
0x1E,30,FLAG_TEMP_1E,TEMP,EM_USO,0,1,4,Route110_TrickHousePuzzle1,MAPA_UNICO:Route110_TrickHousePuzzle1,
0x1F,31,FLAG_TEMP_1F,TEMP,SO_MAPAS_FORA_DA_ROM,0,1,3,,,
0x20,32,FLAG_SYS_NO_COLLISION,SCRIPT/EVENT,NUNCA_REFERENCIADA,0,0,0,,,Unused Flag //DEBUG
0x21,33,FLAG_SYS_NO_ENCOUNTER,SCRIPT/EVENT,EM_USO,0,0,1,,GLOBAL(codigo),Unused Flag //DEBUG
0x22,34,FLAG_SYS_NO_TRAINER_SEE,SCRIPT/EVENT,NUNCA_REFERENCIADA,0,0,0,,,Unused Flag //DEBUG
0x23,35,FLAG_SYS_NO_BAG_USE,SCRIPT/EVENT,NUNCA_REFERENCIADA,0,0,0,,,Unused Flag //DEBUG
0x24,36,FLAG_SYS_NO_CATCHING,SCRIPT/EVENT,SO_ESCRITA,0,36,6,Route41;SaffronCity_FightingDojo,MULTI_MAPA(2),Unused Flag //DEBUG
0x25,37,FLAG_SYS_PC_FROM_DEBUG_MENU,SCRIPT/EVENT,NUNCA_REFERENCIADA,0,0,0,,,Unused Flag //DEBUG
0x26,38,FLAG_ARCEUS_EGG_GIVE,SCRIPT/EVENT,EM_USO,2,2,3,GoldenrodCity_RadioTower_2F,MAPA_UNICO:GoldenrodCity_RadioTower_2F,
0x27,39,FLAG_SYS_NO_BATTLE_DMG,SCRIPT/EVENT,NUNCA_REFERENCIADA,0,0,0,,,Unused Flag //DEBUG
0x28,40,FLAG_ONETIME_GROUDON,SCRIPT/EVENT,EM_USO,2,2,2,Route50UnderwaterCave2,MAPA_UNICO:Route50UnderwaterCave2,
0x29,41,FLAG_ONETIME_KYOGRE,SCRIPT/EVENT,EM_USO,2,2,2,Route33South_UnderwaterCave,MAPA_UNICO:Route33South_UnderwaterCave,
0x2A,42,FLAG_SNOWTOP_ABILITY_PATCH,SCRIPT/EVENT,EM_USO,0,0,1,SnowtopMountain_B1F,MAPA_UNICO:SnowtopMountain_B1F,
0x2B,43,FLAG_SYS_SET_BATTLE_BGM,SCRIPT/EVENT,SO_MAPAS_FORA_DA_ROM,0,7,3,,,Changes BGM
0x2C,44,FLAG_WONDERTRADE_FIRSTIME,SCRIPT/EVENT,NUNCA_REFERENCIADA,0,0,0,,,
0x2D,45,FLAG_NO_WT_BECAUSE_CHALLENGE,SCRIPT/EVENT,SO_LEITURA,3,0,1,BattleFrontier_ExchangeServiceCorner,MAPA_UNICO:BattleFrontier_ExchangeServiceCorner,
0x2E,46,FLAG_CIANWOOD_GOLDEN_BOTTLECAP,SCRIPT/EVENT,EM_USO,0,0,3,CianwoodCity,MAPA_UNICO:CianwoodCity,
0x2F,47,FLAG_DOME_FOSSIL_ALTERING_CAVE,SCRIPT/EVENT,SO_MAPAS_FORA_DA_ROM,0,0,1,,,
0x30,48,FLAG_GOT_REDORB,SCRIPT/EVENT,EM_USO,2,2,2,Route50UnderwaterCave2,MAPA_UNICO:Route50UnderwaterCave2,
0x31,49,FLAG_GOT_BLUEORB,SCRIPT/EVENT,EM_USO,2,2,2,Route33South_UnderwaterCave,MAPA_UNICO:Route33South_UnderwaterCave,
0x32,50,FLAG_HIDE_POSTGAME_OAK,SCRIPT/EVENT,EM_USO,0,4,3,GoldenrodCity_RadioTower_2F,MAPA_UNICO:GoldenrodCity_RadioTower_2F,
0x33,51,FLAG_GOT_GRISEOUS_ORB,SCRIPT/EVENT,EM_USO,2,2,2,SpearPillarTop,MAPA_UNICO:SpearPillarTop,
0x34,52,FLAG_HIDE_BATTLE_CAFE_OPPONENT,SCRIPT/EVENT,EM_USO,0,2,3,BattleCafe,MAPA_UNICO:BattleCafe,
0x35,53,FLAG_CAUGHT_MELOETTA,SCRIPT/EVENT,EM_USO,1,2,2,EcruteakCity_Theater;PokemonLeague_HallOfFame,MULTI_MAPA(2),
0x36,54,FLAG_CAFE_INTRO_DONE,SCRIPT/EVENT,EM_USO,2,2,2,BattleCafe,MAPA_UNICO:BattleCafe,
0x37,55,FLAG_GOT_ADAMANT_ORB,SCRIPT/EVENT,EM_USO,2,2,2,SpearPillarTop,MAPA_UNICO:SpearPillarTop,
0x38,56,FLAG_GOT_LUSTROUS_ORB,SCRIPT/EVENT,EM_USO,2,2,2,SpearPillarTop,MAPA_UNICO:SpearPillarTop,
0x39,57,FLAG_TM_TORMENT,SCRIPT/EVENT,EM_USO,0,0,1,BurnedTower_1F,MAPA_UNICO:BurnedTower_1F,
0x3A,58,FLAG_PENDING_DAYCARE_EGG_SHINY,SCRIPT/EVENT,EM_USO,3,5,3,Route34_DayCare,GLOBAL(codigo),
0x3B,59,FLAG_DEFEATED_REGIELEKI,SCRIPT/EVENT,NUNCA_REFERENCIADA,0,0,0,,,
0x3C,60,FLAG_ROUTE42_ROOMSERVICE,SCRIPT/EVENT,EM_USO,0,0,1,Route42,MAPA_UNICO:Route42,
0x3D,61,FLAG_HIDE_REGIDRAGO,SCRIPT/EVENT,NUNCA_REFERENCIADA,0,0,0,,,
0x3E,62,FLAG_SAPPHIRE_KECLEON,SCRIPT/EVENT,NUNCA_REFERENCIADA,0,0,0,,,
0x3F,63,FLAG_SYS_BRAILLE_REGIDRAGO_COMPLETED,SCRIPT/EVENT,NUNCA_REFERENCIADA,0,0,0,,,
0x40,64,FLAG_DEFEATED_REGIDRAGO,SCRIPT/EVENT,NUNCA_REFERENCIADA,0,0,0,,,
0x41,65,FLAG_DEFEATED_DUSKNOIR,SCRIPT/EVENT,NUNCA_REFERENCIADA,0,0,0,,,
0x42,66,FLAG_SYS_BRAILLE_REGIGIGAS_COMPLETED,SCRIPT/EVENT,NUNCA_REFERENCIADA,0,0,0,,,
0x43,67,FLAG_DEFEATED_REGIGIGAS,SCRIPT/EVENT,NUNCA_REFERENCIADA,0,0,0,,,
0x44,68,FLAG_HIDE_REGIGIGAS,SCRIPT/EVENT,EM_USO,0,3,4,MtSilver_1F_RegigigasRoom;PokemonLeague_HallOfFame,MULTI_MAPA(2),
0x45,69,FLAG_DEFEATED_ARTICUNO,SCRIPT/EVENT,SO_MAPAS_FORA_DA_ROM,1,2,1,,,
0x46,70,FLAG_DEFEATED_ZAPDOS,SCRIPT/EVENT,SO_MAPAS_FORA_DA_ROM,1,2,1,,,
0x47,71,FLAG_DEFEATED_MOLTRES,SCRIPT/EVENT,SO_MAPAS_FORA_DA_ROM,1,2,1,,,
0x48,72,FLAG_HIDE_ARTICUNO,SCRIPT/EVENT,EM_USO,0,7,9,PokemonLeague_HallOfFame;SSAqua_1F;SeafoamIslands_B1F;SnowtopMountainOutside,MULTI_MAPA(4),
0x49,73,FLAG_HIDE_ZAPDOS,SCRIPT/EVENT,EM_USO,2,7,9,OlivineCity_LighthouseTop;PokemonLeague_HallOfFame;Route10;SSAqua_1F,MULTI_MAPA(4),
0x4A,74,FLAG_HIDE_MOLTRES,SCRIPT/EVENT,EM_USO,0,7,8,MtEmber_Summit_Frlg;PokemonLeague_HallOfFame;SSAqua_1F;VictoryRoadKanto_B1F,MULTI_MAPA(4),
0x4B,75,FLAG_DEFEATED_MEWTWO,SCRIPT/EVENT,SO_MAPAS_FORA_DA_ROM,1,2,1,,,
0x4C,76,FLAG_HIDE_MEWTWO,SCRIPT/EVENT,EM_USO,0,8,7,CeruleanCave_B2F;PokemonLeague_HallOfFame;SSAqua_1F,MULTI_MAPA(3),
0x4D,77,FLAG_UNLOCK_BIRDS,SCRIPT/EVENT,SO_MAPAS_FORA_DA_ROM,3,0,3,,,
0x4E,78,FLAG_UNLOCK_MEWTWO,SCRIPT/EVENT,EM_USO,1,1,2,FarawayIsland_Interior,MAPA_UNICO:FarawayIsland_Interior,
0x4F,79,FLAG_RASH_MINT_METEOR_FALLS,SCRIPT/EVENT,NUNCA_REFERENCIADA,0,0,0,,,
0x50,80,FLAG_GARBAGEFLAG_STILL,SCRIPT/EVENT,NUNCA_REFERENCIADA,0,0,0,,,
0x51,81,FLAG_SET_WALL_CLOCK,SCRIPT/EVENT,EM_USO,4,4,4,NewBarkTown_PlayersHouse_2F,GLOBAL(codigo),
0x52,82,FLAG_RESCUED_BIRCH,SCRIPT/EVENT,EM_USO,3,1,3,,GLOBAL(codigo),
0x53,83,FLAG_GARBAGEFLAG,SCRIPT/EVENT,EM_USO,276,538,317,BattleFrontier_ExchangeServiceCorner;BattleFrontier_Mart;DewfordTown_Hall;FarawayIsland_Interior,GLOBAL(codigo),used to store calls of removed flags
0x54,84,FLAG_LIMIT_TO_50,SCRIPT/EVENT,NUNCA_REFERENCIADA,0,0,0,,,
0x55,85,FLAG_UNLOCK_DOGS,SCRIPT/EVENT,NUNCA_REFERENCIADA,0,0,0,,,
0x56,86,FLAG_HIDE_CONTEST_POKE_BALL,SCRIPT/EVENT,EM_USO,0,1,2,ContestHall,GLOBAL(codigo),"Always set after new game, object it hides is added directly"
0x57,87,FLAG_MET_RIVAL_MOM,SCRIPT/EVENT,SO_ESCRITA,0,2,2,LittlerootTown_BrendansHouse_1F;LittlerootTown_MaysHouse_1F,MULTI_MAPA(2),
0x58,88,FLAG_BIRCH_AIDE_MET,SCRIPT/EVENT,EM_USO,2,2,2,LittlerootTown_ProfessorBirchsLab,MAPA_UNICO:LittlerootTown_ProfessorBirchsLab,
0x59,89,FLAG_DECLINED_BIKE,SCRIPT/EVENT,SO_MAPAS_FORA_DA_ROM,1,1,1,,,
0x5A,90,FLAG_RECEIVED_BIKE,SCRIPT/EVENT,EM_USO,3,5,5,GoldenrodCity;GoldenrodCity_BikeShop,MULTI_MAPA(2),HnS used
0x5B,91,FLAG_WATTSON_REMATCH_AVAILABLE,SCRIPT/EVENT,EM_USO,2,1,3,MauvilleCity,GLOBAL(codigo),
0x5C,92,FLAG_COLLECTED_ALL_SILVER_SYMBOLS,SCRIPT/EVENT,SO_MAPAS_FORA_DA_ROM,1,1,1,,,
0x5D,93,FLAG_GOOD_LUCK_SAFARI_ZONE,SCRIPT/EVENT,EM_USO,1,7,5,FuchsiaCity_SafariZoneEntrance;Route121_SafariZoneGate_SafariZoneEntrance;SafariZoneGate_SafariZoneEntrance,GLOBAL(codigo),Set after talking to NPC blocking Safari Zone entrance/exit once.
0x5E,94,FLAG_GARBAGEFLAG2,SCRIPT/EVENT,NUNCA_REFERENCIADA,0,0,0,,,
0x5F,95,FLAG_RECEIVED_POKEBLOCK_CASE,SCRIPT/EVENT,EM_USO,3,1,2,LilycoveCity_ContestLobby,GLOBAL(codigo),
0x60,96,FLAG_RECEIVED_SECRET_POWER,SCRIPT/EVENT,EM_USO,3,1,3,,GLOBAL(codigo),
0x61,97,FLAG_MET_TEAM_AQUA_HARBOR,SCRIPT/EVENT,EM_USO,0,1,2,,GLOBAL(codigo),
0x62,98,FLAG_TV_EXPLAINED,SCRIPT/EVENT,EM_USO,1,1,1,MauvilleCity,MAPA_UNICO:MauvilleCity,
0x63,99,FLAG_MAUVILLE_GYM_BARRIERS_STATE,SCRIPT/EVENT,EM_USO,3,3,2,MauvilleCity;MauvilleCity_Gym,MULTI_MAPA(2),
0x64,100,FLAG_HIDE_NEWBARK_RIVAL,SCRIPT/EVENT,EM_USO,0,4,5,MtSilver_SummitDay;NewBarkTown_House3;Route32,MULTI_MAPA(3),Until postgame
0x65,101,FLAG_MOSSDEEP_GYM_SWITCH_2,SCRIPT/EVENT,SO_MAPAS_FORA_DA_ROM,2,3,2,,,
0x66,102,FLAG_MOSSDEEP_GYM_SWITCH_3,SCRIPT/EVENT,SO_MAPAS_FORA_DA_ROM,2,3,2,,,
0x67,103,FLAG_MOSSDEEP_GYM_SWITCH_4,SCRIPT/EVENT,SO_MAPAS_FORA_DA_ROM,2,3,2,,,
0x68,104,FLAG_OLD_AMBER_ALTERING_CAVE,SCRIPT/EVENT,SO_MAPAS_FORA_DA_ROM,0,0,1,,,
0x69,105,FLAG_OCEANIC_MUSEUM_MET_REPORTER,SCRIPT/EVENT,EM_USO,1,1,1,,GLOBAL(codigo),
0x6A,106,FLAG_RECEIVED_HM_STRENGTH,SCRIPT/EVENT,EM_USO,2,3,4,OlivineCity_Cafe,GLOBAL(codigo),
0x6B,107,FLAG_RECEIVED_HM_ROCK_SMASH,SCRIPT/EVENT,EM_USO,3,3,3,Route36,MAPA_UNICO:Route36,
0x6C,108,FLAG_WHITEOUT_TO_LAVARIDGE,SCRIPT/EVENT,EM_USO,2,2,3,LavaridgeTown,GLOBAL(codigo),"Set after defeating Flannery, so the player cant white out from poison before receiving Go Goggles"
0x6D,109,FLAG_RECEIVED_HM_FLASH,SCRIPT/EVENT,EM_USO,3,3,3,SproutTower_3F,MAPA_UNICO:SproutTower_3F,
0x6E,110,FLAG_RECEIVED_HM_FLY,SCRIPT/EVENT,EM_USO,3,3,4,CianwoodCity;Route119,MULTI_MAPA(2),
0x6F,111,FLAG_GROUDON_AWAKENED_MAGMA_HIDEOUT,SCRIPT/EVENT,EM_USO,2,0,2,,GLOBAL(codigo),
0x70,112,FLAG_TEAM_AQUA_ESCAPED_IN_SUBMARINE,SCRIPT/EVENT,EM_USO,5,1,4,,GLOBAL(codigo),
0x71,113,FLAG_GOT_FRESH_WATER,SCRIPT/EVENT,EM_USO,2,2,2,BattleCafe,MAPA_UNICO:BattleCafe,
0x72,114,FLAG_SCOTT_CALL_BATTLE_FRONTIER,SCRIPT/EVENT,EM_USO,1,4,3,LittlerootTown_ProfessorBirchsLab,GLOBAL(codigo),"Used in order to activate a phone call from Scott, inviting the player to the SS Tidal."
0x73,115,FLAG_RECEIVED_METEORITE,SCRIPT/EVENT,SO_MAPAS_FORA_DA_ROM,1,1,1,,,
0x74,116,FLAG_ADVENTURE_STARTED,SCRIPT/EVENT,EM_USO,10,9,14,LittlerootTown_ProfessorBirchsLab;NewBarkTown;NewBarkTown_Lab;NewBarkTown_PlayersHouse_1F,GLOBAL(codigo),elivered egg to professor ELM
0x75,117,FLAG_DEFEATED_MAGMA_SPACE_CENTER,SCRIPT/EVENT,EM_USO,1,2,2,MossdeepCity_SpaceCenter_2F,GLOBAL(codigo),Set when Team Magma is defeated at Mossdeep's Space Center.
0x76,118,FLAG_MET_HIDDEN_POWER_GIVER,SCRIPT/EVENT,SO_MAPAS_FORA_DA_ROM,1,1,1,,,
0x77,119,FLAG_CANCEL_BATTLE_ROOM_CHALLENGE,SCRIPT/EVENT,EM_USO,1,3,3,BattleFrontier_BattleTowerLobby,GLOBAL(codigo),
0x78,120,FLAG_LANDMARK_MIRAGE_TOWER,SCRIPT/EVENT,EM_USO,0,2,4,,GLOBAL(codigo),
0x79,121,FLAG_RECEIVED_TM_BRICK_BREAK,SCRIPT/EVENT,SO_MAPAS_FORA_DA_ROM,1,1,1,,,
0x7A,122,FLAG_RECEIVED_HM_SURF,SCRIPT/EVENT,EM_USO,5,7,4,EcruteakCity_Theater;NewBarkTown_Lab,MULTI_MAPA(2),
0x7B,123,FLAG_RECEIVED_HM_DIVE,SCRIPT/EVENT,SO_MAPAS_FORA_DA_ROM,2,2,2,,,
0x7C,124,FLAG_REGISTER_RIVAL_POKENAV,SCRIPT/EVENT,EM_USO,3,3,2,NewBarkTown_PlayersHouse_1F,MAPA_UNICO:NewBarkTown_PlayersHouse_1F,
0x7D,125,FLAG_DEFEATED_RIVAL_ROUTE_104,SCRIPT/EVENT,SO_MAPAS_FORA_DA_ROM,2,0,1,,,
0x7E,126,FLAG_DEFEATED_WALLY_VICTORY_ROAD,SCRIPT/EVENT,EM_USO,4,0,4,,GLOBAL(codigo),
0x7F,127,FLAG_MET_PRETTY_PETAL_SHOP_OWNER,SCRIPT/EVENT,SO_MAPAS_FORA_DA_ROM,1,0,1,,,
0x80,128,FLAG_ENABLE_ROXANNE_FIRST_CALL,SCRIPT/EVENT,EM_USO,1,2,3,RustboroCity_Gym,GLOBAL(codigo),Set after defeating Brawly. This will activate a call with Roxanne in order to register her.
0x81,129,FLAG_KYOGRE_ESCAPED_SEAFLOOR_CAVERN,SCRIPT/EVENT,EM_USO,8,1,7,SootopolisCity,GLOBAL(codigo),
0x82,130,FLAG_DEFEATED_RIVAL_ROUTE103,SCRIPT/EVENT,EM_USO,1,1,2,LittlerootTown_MaysHouse_1F,MAPA_UNICO:LittlerootTown_MaysHouse_1F,
0x83,131,FLAG_TM_INFESTATION,SCRIPT/EVENT,EM_USO,0,1,2,OlivineCity_Lighthouse,GLOBAL(codigo),
0x84,132,FLAG_RECEIVED_POTION_OLDALE,SCRIPT/EVENT,EM_USO,2,1,1,OldaleTown,MAPA_UNICO:OldaleTown,
0x85,133,FLAG_RECEIVED_AMULET_COIN,SCRIPT/EVENT,EM_USO,1,1,1,,GLOBAL(codigo),
0x86,134,FLAG_PENDING_DAYCARE_EGG,SCRIPT/EVENT,EM_USO,1,8,5,Route34_DayCare,GLOBAL(codigo),
0x87,135,FLAG_THANKED_FOR_PLAYING_WITH_WALLY,SCRIPT/EVENT,SO_MAPAS_FORA_DA_ROM,1,1,1,,,
0x88,136,FLAG_ENABLE_FIRST_WALLY_POKENAV_CALL,SCRIPT/EVENT,EM_USO,1,2,2,MauvilleCity,GLOBAL(codigo),Set after defeating Wally outside Mauville Gym. Will activate a call later to register Wally.
0x89,137,FLAG_RECEIVED_HM_CUT,SCRIPT/EVENT,EM_USO,1,3,3,IlexForest,MAPA_UNICO:IlexForest,
0x8A,138,FLAG_SCOTT_CALL_FORTREE_GYM,SCRIPT/EVENT,EM_USO,1,2,3,Route119,GLOBAL(codigo),Triggers call from Scott after defeating Winona
0x8B,139,FLAG_DEFEATED_EVIL_TEAM_MT_CHIMNEY,SCRIPT/EVENT,EM_USO,5,0,6,LavaridgeTown,GLOBAL(codigo),
0x8C,140,FLAG_RECEIVED_6_SODA_POP,SCRIPT/EVENT,SO_MAPAS_FORA_DA_ROM,1,1,1,,,
0x8D,141,FLAG_DEFEATED_SEASHORE_HOUSE,SCRIPT/EVENT,SO_MAPAS_FORA_DA_ROM,1,1,1,,,
0x8E,142,FLAG_DEVON_GOODS_STOLEN,SCRIPT/EVENT,SO_MAPAS_FORA_DA_ROM,5,2,4,,,
0x8F,143,FLAG_RECOVERED_DEVON_GOODS,SCRIPT/EVENT,SO_MAPAS_FORA_DA_ROM,5,1,4,,,
0x90,144,FLAG_RETURNED_DEVON_GOODS,SCRIPT/EVENT,SO_MAPAS_FORA_DA_ROM,4,1,2,,,
0x91,145,FLAG_CAUGHT_LUGIA,SCRIPT/EVENT,EM_USO,4,4,5,EcruteakCity;WhirlIslands_LugiaChamber,GLOBAL(codigo),
0x92,146,FLAG_CAUGHT_HO_OH,SCRIPT/EVENT,EM_USO,4,4,5,EcruteakCity;TinTower_RoofDay,GLOBAL(codigo),
0x93,147,FLAG_MR_BRINEY_SAILING_INTRO,SCRIPT/EVENT,SO_MAPAS_FORA_DA_ROM,1,1,1,,,
0x94,148,FLAG_DOCK_REJECTED_DEVON_GOODS,SCRIPT/EVENT,SO_MAPAS_FORA_DA_ROM,2,1,2,,,
0x95,149,FLAG_DELIVERED_DEVON_GOODS,SCRIPT/EVENT,EM_USO,6,1,7,,GLOBAL(codigo),
0x96,150,FLAG_HIDE_ALPH_PUZZLE_NPCS,SCRIPT/EVENT,EM_USO,0,5,4,RuinsOfAlph_B1F;RuinsOfAlph_Outside;RuinsOfAlph_PuzzleAndRewardChambers,GLOBAL(codigo),
0x97,151,FLAG_RECEIVED_CASTFORM,SCRIPT/EVENT,EM_USO,1,1,2,Route119_WeatherInstitute_2F,GLOBAL(codigo),
0x98,152,FLAG_RECEIVED_SUPER_ROD,SCRIPT/EVENT,SO_MAPAS_FORA_DA_ROM,1,1,1,,,
0x99,153,FLAG_RUSTBORO_NPC_TRADE_COMPLETED,SCRIPT/EVENT,SO_MAPAS_FORA_DA_ROM,1,1,1,,,
0x9A,154,FLAG_PACIFIDLOG_NPC_TRADE_COMPLETED,SCRIPT/EVENT,SO_MAPAS_FORA_DA_ROM,1,1,1,,,
0x9B,155,FLAG_FORTREE_NPC_TRADE_COMPLETED,SCRIPT/EVENT,SO_MAPAS_FORA_DA_ROM,1,1,1,,,
0x9C,156,FLAG_BATTLE_FRONTIER_TRADE_DONE,SCRIPT/EVENT,SO_MAPAS_FORA_DA_ROM,1,1,1,,,
0x9D,157,FLAG_FORCE_MIRAGE_TOWER_VISIBLE,SCRIPT/EVENT,EM_USO,1,4,5,MauvilleCity,GLOBAL(codigo),
0x9E,158,FLAG_SOOTOPOLIS_ARCHIE_MAXIE_LEAVE,SCRIPT/EVENT,EM_USO,5,1,2,SootopolisCity,MAPA_UNICO:SootopolisCity,
0x9F,159,FLAG_INTERACTED_WITH_DEVON_EMPLOYEE_GOODS_STOLEN,SCRIPT/EVENT,SO_MAPAS_FORA_DA_ROM,0,1,1,,,
0xA0,160,FLAG_COOL_PAINTING_MADE,SCRIPT/EVENT,EM_USO,2,1,2,LilycoveCity_ContestLobby,MAPA_UNICO:LilycoveCity_ContestLobby,
0xA1,161,FLAG_BEAUTY_PAINTING_MADE,SCRIPT/EVENT,EM_USO,2,1,2,LilycoveCity_ContestLobby,MAPA_UNICO:LilycoveCity_ContestLobby,
0xA2,162,FLAG_CUTE_PAINTING_MADE,SCRIPT/EVENT,EM_USO,2,1,2,LilycoveCity_ContestLobby,MAPA_UNICO:LilycoveCity_ContestLobby,
0xA3,163,FLAG_SMART_PAINTING_MADE,SCRIPT/EVENT,EM_USO,2,1,2,LilycoveCity_ContestLobby,MAPA_UNICO:LilycoveCity_ContestLobby,
0xA4,164,FLAG_TOUGH_PAINTING_MADE,SCRIPT/EVENT,EM_USO,2,1,2,LilycoveCity_ContestLobby,MAPA_UNICO:LilycoveCity_ContestLobby,
0xA5,165,FLAG_RECEIVED_TM_ROCK_TOMB,SCRIPT/EVENT,SO_ESCRITA,0,1,1,RustboroCity_Gym,MAPA_UNICO:RustboroCity_Gym,
0xA6,166,FLAG_RECEIVED_TM_BULK_UP,SCRIPT/EVENT,SO_MAPAS_FORA_DA_ROM,1,2,1,,,
0xA7,167,FLAG_RECEIVED_TM_SHOCK_WAVE,SCRIPT/EVENT,SO_ESCRITA,0,2,1,MauvilleCity_Gym,MAPA_UNICO:MauvilleCity_Gym,
0xA8,168,FLAG_RECEIVED_TM_OVERHEAT,SCRIPT/EVENT,EM_USO,1,2,2,AbandonedRocketHideout,MAPA_UNICO:AbandonedRocketHideout,
0xA9,169,FLAG_RECEIVED_TM_FACADE,SCRIPT/EVENT,SO_MAPAS_FORA_DA_ROM,1,1,1,,,
0xAA,170,FLAG_RECEIVED_TM_AERIAL_ACE,SCRIPT/EVENT,EM_USO,0,2,2,Route37,MAPA_UNICO:Route37,
0xAB,171,FLAG_RECEIVED_TM_CALM_MIND,SCRIPT/EVENT,NUNCA_REFERENCIADA,0,0,0,,,
0xAC,172,FLAG_RECEIVED_TM_WATER_PULSE,SCRIPT/EVENT,SO_ESCRITA,0,2,1,SootopolisCity_Gym_1F,MAPA_UNICO:SootopolisCity_Gym_1F,
0xAD,173,FLAG_HIDE_SECRET_BASE_TRAINER,SCRIPT/EVENT,EM_USO,0,3,25,,GLOBAL(codigo),
0xAE,174,FLAG_DECORATION_1,SCRIPT/EVENT,EM_USO,2,3,29,LittlerootTown_BrendansHouse_2F;LittlerootTown_MaysHouse_2F,GLOBAL(codigo),
0xAF,175,FLAG_DECORATION_2,SCRIPT/EVENT,EM_USO,0,1,27,LittlerootTown_BrendansHouse_2F;LittlerootTown_MaysHouse_2F,GLOBAL(codigo),
0xB0,176,FLAG_DECORATION_3,SCRIPT/EVENT,EM_USO,0,1,27,LittlerootTown_BrendansHouse_2F;LittlerootTown_MaysHouse_2F,GLOBAL(codigo),
0xB1,177,FLAG_DECORATION_4,SCRIPT/EVENT,EM_USO,0,1,27,LittlerootTown_BrendansHouse_2F;LittlerootTown_MaysHouse_2F,GLOBAL(codigo),
0xB2,178,FLAG_DECORATION_5,SCRIPT/EVENT,EM_USO,0,1,27,LittlerootTown_BrendansHouse_2F;LittlerootTown_MaysHouse_2F,GLOBAL(codigo),
0xB3,179,FLAG_DECORATION_6,SCRIPT/EVENT,EM_USO,0,1,27,LittlerootTown_BrendansHouse_2F;LittlerootTown_MaysHouse_2F,GLOBAL(codigo),
0xB4,180,FLAG_DECORATION_7,SCRIPT/EVENT,EM_USO,0,1,27,LittlerootTown_BrendansHouse_2F;LittlerootTown_MaysHouse_2F,GLOBAL(codigo),
0xB5,181,FLAG_DECORATION_8,SCRIPT/EVENT,EM_USO,0,1,27,LittlerootTown_BrendansHouse_2F;LittlerootTown_MaysHouse_2F,GLOBAL(codigo),
0xB6,182,FLAG_DECORATION_9,SCRIPT/EVENT,EM_USO,0,1,27,LittlerootTown_BrendansHouse_2F;LittlerootTown_MaysHouse_2F,GLOBAL(codigo),
0xB7,183,FLAG_DECORATION_10,SCRIPT/EVENT,EM_USO,0,1,27,LittlerootTown_BrendansHouse_2F;LittlerootTown_MaysHouse_2F,GLOBAL(codigo),
0xB8,184,FLAG_DECORATION_11,SCRIPT/EVENT,EM_USO,0,1,27,LittlerootTown_BrendansHouse_2F;LittlerootTown_MaysHouse_2F,GLOBAL(codigo),
0xB9,185,FLAG_DECORATION_12,SCRIPT/EVENT,EM_USO,0,1,27,LittlerootTown_BrendansHouse_2F;LittlerootTown_MaysHouse_2F,GLOBAL(codigo),
0xBA,186,FLAG_DECORATION_13,SCRIPT/EVENT,EM_USO,0,1,25,,GLOBAL(codigo),
0xBB,187,FLAG_DECORATION_14,SCRIPT/EVENT,EM_USO,0,1,27,,GLOBAL(codigo),
0xBC,188,FLAG_RECEIVED_POKENAV,SCRIPT/EVENT,EM_USO,3,3,7,NewBarkTown_PlayersHouse_1F;RustboroCity_DevonCorp_2F,GLOBAL(codigo),
0xBD,189,FLAG_DELIVERED_STEVEN_LETTER,SCRIPT/EVENT,EM_USO,5,1,6,,GLOBAL(codigo),
0xBE,190,FLAG_DEFEATED_WALLY_MAUVILLE,SCRIPT/EVENT,EM_USO,1,1,2,MauvilleCity,MAPA_UNICO:MauvilleCity,
0xBF,191,FLAG_DEFEATED_GRUNT_SPACE_CENTER_1F,SCRIPT/EVENT,SO_MAPAS_FORA_DA_ROM,1,1,1,,,
0xC0,192,FLAG_RECEIVED_SUN_STONE_MOSSDEEP,SCRIPT/EVENT,SO_MAPAS_FORA_DA_ROM,2,2,1,,,
0xC1,193,FLAG_HIDE_VICTORYROAD_RIVAL,SCRIPT/EVENT,EM_USO,0,6,7,IcePath_1F;NewBarkTown_Lab;VictoryRoadKanto_B1F,GLOBAL(codigo),
0xC2,194,FLAG_RAILWAY_CELLBATTERY,SCRIPT/EVENT,EM_USO,0,0,1,RailwayCave_2F,MAPA_UNICO:RailwayCave_2F,
0xC3,195,FLAG_HIDE_ECRUTEAK_RIVAL,SCRIPT/EVENT,EM_USO,0,7,8,EcruteakCity;EcruteakCity_Gym;OlivineCity_Gym,GLOBAL(codigo),
0xC4,196,FLAG_HIDE_GOLDENROD_RIVAL,SCRIPT/EVENT,EM_USO,0,6,3,GoldenrodCity,MAPA_UNICO:GoldenrodCity,
0xC5,197,FLAG_HIDE_ICEPATH_RIVAL,SCRIPT/EVENT,EM_USO,0,6,7,IcePath_1F;OlivineCity;OlivineCity_Gym,MULTI_MAPA(3),
0xC6,198,FLAG_HIDE_OLIVINE_RIVAL,SCRIPT/EVENT,EM_USO,0,7,8,EcruteakCity;OlivineCity;OlivineCity_Gym,GLOBAL(codigo),
0xC7,199,FLAG_RUSTURF_TUNNEL_OPENED,SCRIPT/EVENT,EM_USO,4,0,5,,GLOBAL(codigo),
0xC8,200,FLAG_HIDE_GENESECT,SCRIPT/EVENT,EM_USO,0,6,3,AbandonedRocketHideoutBackroom,MAPA_UNICO:AbandonedRocketHideoutBackroom,
0xC9,201,FLAG_CAUGHT_GENESECT,SCRIPT/EVENT,EM_USO,2,3,3,AbandonedRocketHideoutBackroom;PokemonLeague_HallOfFame,MULTI_MAPA(2),
0xCA,202,FLAG_RECEIVED_PINK_SCARF,SCRIPT/EVENT,SO_MAPAS_FORA_DA_ROM,2,1,1,,,
0xCB,203,FLAG_RECEIVED_GREEN_SCARF,SCRIPT/EVENT,SO_MAPAS_FORA_DA_ROM,2,1,1,,,
0xCC,204,FLAG_RECEIVED_YELLOW_SCARF,SCRIPT/EVENT,SO_MAPAS_FORA_DA_ROM,2,1,1,,,
0xCD,205,FLAG_INTERACTED_WITH_STEVEN_SPACE_CENTER,SCRIPT/EVENT,EM_USO,1,2,1,MossdeepCity_SpaceCenter_2F,MAPA_UNICO:MossdeepCity_SpaceCenter_2F,
0xCE,206,FLAG_ENCOUNTERED_LATIAS_OR_LATIOS,SCRIPT/EVENT,SO_MAPAS_FORA_DA_ROM,0,1,1,,,
0xCF,207,FLAG_MET_ARCHIE_METEOR_FALLS,SCRIPT/EVENT,EM_USO,1,1,2,,GLOBAL(codigo),
0xD0,208,FLAG_GOT_BASEMENT_KEY_FROM_WATTSON,SCRIPT/EVENT,EM_USO,1,1,1,MauvilleCity,MAPA_UNICO:MauvilleCity,
0xD1,209,FLAG_RAILWAY_THUNDERBOLT,SCRIPT/EVENT,EM_USO,0,0,1,RailwayCave_3F,MAPA_UNICO:RailwayCave_3F,
0xD2,210,FLAG_FAN_CLUB_STRENGTH_SHARED,SCRIPT/EVENT,SO_MAPAS_FORA_DA_ROM,2,2,1,,,Set when you rate the strength of another trainer in Lilycove's Trainer Fan Club.
0xD3,211,FLAG_DEFEATED_RIVAL_RUSTBORO,SCRIPT/EVENT,SO_MAPAS_FORA_DA_ROM,2,0,1,,,
0xD4,212,FLAG_RECEIVED_RED_OR_BLUE_ORB,SCRIPT/EVENT,EM_USO,2,1,3,,GLOBAL(codigo),
0xD5,213,FLAG_RECEIVED_PREMIER_BALL_RUSTBORO,SCRIPT/EVENT,SO_MAPAS_FORA_DA_ROM,1,1,1,,,
0xD6,214,FLAG_ENABLE_WALLY_MATCH_CALL,SCRIPT/EVENT,EM_USO,0,1,2,MauvilleCity,GLOBAL(codigo),
0xD7,215,FLAG_ENABLE_SCOTT_MATCH_CALL,SCRIPT/EVENT,EM_USO,0,1,2,,GLOBAL(codigo),
0xD8,216,FLAG_ENABLE_MOM_MATCH_CALL,SCRIPT/EVENT,EM_USO,1,1,1,,GLOBAL(codigo),
0xD9,217,FLAG_MET_DIVING_TREASURE_HUNTER,SCRIPT/EVENT,EM_USO,1,1,1,Route124_DivingTreasureHuntersHouse,MAPA_UNICO:Route124_DivingTreasureHuntersHouse,
0xDA,218,FLAG_MET_WAILMER_TRAINER,SCRIPT/EVENT,SO_MAPAS_FORA_DA_ROM,1,1,1,,,
0xDB,219,FLAG_EVIL_LEADER_PLEASE_STOP,SCRIPT/EVENT,SO_MAPAS_FORA_DA_ROM,2,1,1,,,
0xDC,220,FLAG_NEVER_SET_0x0DC,SCRIPT/EVENT,NUNCA_REFERENCIADA,0,0,0,,,"This flag is read, but never written to"
0xDD,221,FLAG_RECEIVED_GO_GOGGLES,SCRIPT/EVENT,SO_ESCRITA,0,2,1,LavaridgeTown,MAPA_UNICO:LavaridgeTown,
0xDE,222,FLAG_WINGULL_SENT_ON_ERRAND,SCRIPT/EVENT,SO_MAPAS_FORA_DA_ROM,1,1,1,,,
0xDF,223,FLAG_RECEIVED_MENTAL_HERB,SCRIPT/EVENT,SO_MAPAS_FORA_DA_ROM,1,0,1,,,
0xE0,224,FLAG_CAUGHT_HOOPA,SCRIPT/EVENT,EM_USO,2,3,3,PokemonLeague_HallOfFame;VajraPyramidFinalChamber,MULTI_MAPA(2),
0xE1,225,FLAG_RECEIVED_20_COINS,SCRIPT/EVENT,EM_USO,2,2,2,MauvilleCity_GameCorner,MAPA_UNICO:MauvilleCity_GameCorner,
0xE2,226,FLAG_RECEIVED_STARTER_DOLL,SCRIPT/EVENT,EM_USO,2,6,2,MauvilleCity_GameCorner,MAPA_UNICO:MauvilleCity_GameCorner,
0xE3,227,FLAG_RECEIVED_GOOD_ROD,SCRIPT/EVENT,SO_MAPAS_FORA_DA_ROM,1,1,1,,,
0xE4,228,FLAG_REGI_DOORS_OPENED,SCRIPT/EVENT,EM_USO,4,1,4,Route120,MAPA_UNICO:Route120,
0xE5,229,FLAG_RECEIVED_TM_RETURN,SCRIPT/EVENT,SO_MAPAS_FORA_DA_ROM,2,1,1,,,
0xE6,230,FLAG_RECEIVED_TM_SLUDGE_BOMB,SCRIPT/EVENT,EM_USO,1,1,1,DewfordTown_Hall,MAPA_UNICO:DewfordTown_Hall,
0xE7,231,FLAG_RECEIVED_TM_ROAR,SCRIPT/EVENT,NUNCA_REFERENCIADA,0,0,0,,,
0xE8,232,FLAG_RECEIVED_TM_GIGA_DRAIN,SCRIPT/EVENT,SO_MAPAS_FORA_DA_ROM,1,1,1,,,
0xE9,233,FLAG_DOWNSING_ORAS,SCRIPT/EVENT,EM_USO,0,0,1,,GLOBAL(codigo),
0xEA,234,FLAG_RECEIVED_TM_REST,SCRIPT/EVENT,SO_MAPAS_FORA_DA_ROM,1,1,1,,,
0xEB,235,FLAG_RECEIVED_TM_ATTRACT,SCRIPT/EVENT,SO_MAPAS_FORA_DA_ROM,1,1,1,,,
0xEC,236,FLAG_RECEIVED_GLASS_ORNAMENT,SCRIPT/EVENT,SO_MAPAS_FORA_DA_ROM,1,1,1,,,
0xED,237,FLAG_RECEIVED_SILVER_SHIELD,SCRIPT/EVENT,SO_MAPAS_FORA_DA_ROM,1,1,1,,,
0xEE,238,FLAG_RECEIVED_GOLD_SHIELD,SCRIPT/EVENT,SO_MAPAS_FORA_DA_ROM,1,1,1,,,
0xEF,239,FLAG_USED_STORAGE_KEY,SCRIPT/EVENT,SO_MAPAS_FORA_DA_ROM,3,1,1,,,
0xF0,240,FLAG_USED_ROOM_1_KEY,SCRIPT/EVENT,SO_MAPAS_FORA_DA_ROM,3,1,1,,,
0xF1,241,FLAG_USED_ROOM_2_KEY,SCRIPT/EVENT,SO_MAPAS_FORA_DA_ROM,3,1,1,,,
0xF2,242,FLAG_USED_ROOM_4_KEY,SCRIPT/EVENT,SO_MAPAS_FORA_DA_ROM,3,1,1,,,
0xF3,243,FLAG_USED_ROOM_6_KEY,SCRIPT/EVENT,SO_MAPAS_FORA_DA_ROM,3,1,1,,,
0xF4,244,FLAG_FLOOR4_URN1LOOT,SCRIPT/EVENT,EM_USO,2,2,2,VajraPyramidFloor4,MAPA_UNICO:VajraPyramidFloor4,
0xF5,245,FLAG_HIDE_PYRAMIDOUT_SCIENTIST,SCRIPT/EVENT,EM_USO,0,4,3,VajraPyramidOutside,MAPA_UNICO:VajraPyramidOutside,
0xF6,246,FLAG_RECEIVED_CHESTO_BERRY_ROUTE_104,SCRIPT/EVENT,SO_MAPAS_FORA_DA_ROM,1,1,1,,,
0xF7,247,FLAG_DEFEATED_SS_TIDAL_TRAINERS,SCRIPT/EVENT,SO_LEITURA,1,0,1,SSTidalCorridor,MAPA_UNICO:SSTidalCorridor,
0xF8,248,FLAG_RECEIVED_SPELON_BERRY,SCRIPT/EVENT,SO_MAPAS_FORA_DA_ROM,1,1,1,,,
0xF9,249,FLAG_RECEIVED_PAMTRE_BERRY,SCRIPT/EVENT,SO_MAPAS_FORA_DA_ROM,1,1,1,,,
0xFA,250,FLAG_RECEIVED_WATMEL_BERRY,SCRIPT/EVENT,SO_MAPAS_FORA_DA_ROM,1,1,1,,,
0xFB,251,FLAG_RECEIVED_DURIN_BERRY,SCRIPT/EVENT,SO_MAPAS_FORA_DA_ROM,1,1,1,,,
0xFC,252,FLAG_RECEIVED_BELUE_BERRY,SCRIPT/EVENT,SO_MAPAS_FORA_DA_ROM,1,1,1,,,
0xFD,253,FLAG_ENABLE_RIVAL_MATCH_CALL,SCRIPT/EVENT,EM_USO,0,4,3,,GLOBAL(codigo),
0xFE,254,FLAG_GARBAGEFLAG4,SCRIPT/EVENT,NUNCA_REFERENCIADA,0,0,0,,,
0xFF,255,FLAG_LATIOS_OR_LATIAS_ROAMING,SCRIPT/EVENT,SO_ESCRITA,0,2,2,,GLOBAL(codigo),
0x100,256,FLAG_FLOOR4_URN2LOOT,SCRIPT/EVENT,EM_USO,2,2,2,VajraPyramidFloor4,MAPA_UNICO:VajraPyramidFloor4,
0x101,257,FLAG_RECEIVED_OLD_ROD,SCRIPT/EVENT,SO_MAPAS_FORA_DA_ROM,1,1,1,,,
0x102,258,FLAG_RECEIVED_COIN_CASE,SCRIPT/EVENT,SO_MAPAS_FORA_DA_ROM,1,1,1,,,
0x103,259,FLAG_RETURNED_RED_OR_BLUE_ORB,SCRIPT/EVENT,SO_MAPAS_FORA_DA_ROM,1,1,1,,,
0x104,260,FLAG_RECEIVED_TM_SNATCH,SCRIPT/EVENT,EM_USO,3,1,2,SSTidalCorridor,MAPA_UNICO:SSTidalCorridor,
0x105,261,FLAG_RECEIVED_TM_DIG,SCRIPT/EVENT,SO_MAPAS_FORA_DA_ROM,1,1,1,,,
0x106,262,FLAG_RECEIVED_TM_BULLET_SEED,SCRIPT/EVENT,SO_MAPAS_FORA_DA_ROM,1,1,1,,,
0x107,263,FLAG_ENTERED_ELITE_FOUR,SCRIPT/EVENT,SO_MAPAS_FORA_DA_ROM,2,1,1,,,
0x108,264,FLAG_RECEIVED_TM_HIDDEN_POWER,SCRIPT/EVENT,SO_MAPAS_FORA_DA_ROM,1,1,1,,,
0x109,265,FLAG_HIDE_BLAINE_OLIVINEPORT,SCRIPT/EVENT,EM_USO,0,6,3,OlivineCity_PortInside,MAPA_UNICO:OlivineCity_PortInside,
0x10A,266,FLAG_RECEIVED_LAVARIDGE_EGG,SCRIPT/EVENT,NUNCA_REFERENCIADA,0,0,0,,,
0x10B,267,FLAG_RECEIVED_REVIVED_FOSSIL_MON,SCRIPT/EVENT,EM_USO,1,14,4,RuinsOfAlph_Lab;RustboroCity_DevonCorp_2F,MULTI_MAPA(2),
0x10C,268,FLAG_SECRET_BASE_REGISTRY_ENABLED,SCRIPT/EVENT,EM_USO,1,1,2,,GLOBAL(codigo),
0x10D,269,FLAG_HIDE_BM_URSALUNA,SCRIPT/EVENT,EM_USO,0,2,3,foggyforestDepths,MAPA_UNICO:foggyforestDepths,
0x10E,270,FLAG_CONTEST_SKETCH_CREATED,SCRIPT/EVENT,SO_ESCRITA,0,2,2,,GLOBAL(codigo),Set but never read
0x10F,271,FLAG_EVIL_TEAM_ESCAPED_STERN_SPOKE,SCRIPT/EVENT,SO_MAPAS_FORA_DA_ROM,1,1,1,,,
0x110,272,FLAG_RECEIVED_EXP_SHARE,SCRIPT/EVENT,EM_USO,1,7,5,Gate_Route31_VioletCity;NewBarkTown_Lab,MULTI_MAPA(2),
0x111,273,FLAG_POKERUS_EXPLAINED,SCRIPT/EVENT,SO_ESCRITA,0,1,1,,GLOBAL(codigo),
0x112,274,FLAG_RECEIVED_RUNNING_SHOES,SCRIPT/EVENT,EM_USO,2,3,5,LittlerootTown_BrendansHouse_1F;LittlerootTown_MaysHouse_1F;NewBarkTown_PlayersHouse_1F,GLOBAL(codigo),
0x113,275,FLAG_RECEIVED_QUICK_CLAW,SCRIPT/EVENT,SO_MAPAS_FORA_DA_ROM,1,1,1,,,
0x114,276,FLAG_RECEIVED_KINGS_ROCK,SCRIPT/EVENT,SO_MAPAS_FORA_DA_ROM,1,1,1,,,
0x115,277,FLAG_RECEIVED_MACHO_BRACE,SCRIPT/EVENT,SO_MAPAS_FORA_DA_ROM,1,1,1,,,
0x116,278,FLAG_RECEIVED_SOOTHE_BELL,SCRIPT/EVENT,SO_MAPAS_FORA_DA_ROM,1,0,1,,,
0x117,279,FLAG_EGG_MOVES_UNLOCKED,SCRIPT/EVENT,EM_USO,7,4,7,BlackthornCity_House3,GLOBAL(codigo),
0x118,280,FLAG_TUTOR_MOVES_UNLOCKED,SCRIPT/EVENT,EM_USO,7,2,6,OlivineCity_House4,GLOBAL(codigo),
0x119,281,FLAG_ENABLE_PROF_BIRCH_MATCH_CALL,SCRIPT/EVENT,EM_USO,2,5,6,LittlerootTown_ProfessorBirchsLab;NewBarkTown_Lab,GLOBAL(codigo),
0x11A,282,FLAG_RECEIVED_CLEANSE_TAG,SCRIPT/EVENT,SO_MAPAS_FORA_DA_ROM,1,1,1,,,
0x11B,283,FLAG_HIDE_BLAINE,SCRIPT/EVENT,NUNCA_REFERENCIADA,0,0,0,,,
0x11C,284,FLAG_DECLINED_WALLY_BATTLE_MAUVILLE,SCRIPT/EVENT,EM_USO,2,1,1,MauvilleCity,MAPA_UNICO:MauvilleCity,
0x11D,285,FLAG_RECEIVED_DEVON_SCOPE,SCRIPT/EVENT,EM_USO,2,1,1,Route120,MAPA_UNICO:Route120,
0x11E,286,FLAG_DECLINED_RIVAL_BATTLE_LILYCOVE,SCRIPT/EVENT,SO_MAPAS_FORA_DA_ROM,4,2,1,,,
0x11F,287,FLAG_MET_DEVON_EMPLOYEE,SCRIPT/EVENT,EM_USO,4,1,3,RustboroCity_DevonCorp_2F,MAPA_UNICO:RustboroCity_DevonCorp_2F,
0x120,288,FLAG_MET_RIVAL_RUSTBORO,SCRIPT/EVENT,SO_MAPAS_FORA_DA_ROM,4,2,2,,,
0x121,289,FLAG_ITEM_CATCHING_CHARM,SCRIPT/EVENT,EM_USO,0,0,1,FarawayIslandJungle,MAPA_UNICO:FarawayIslandJungle,
0x122,290,FLAG_CANSAIL_FARAWAYISLAND,SCRIPT/EVENT,EM_USO,8,2,2,OlivineCity_PortInside,MAPA_UNICO:OlivineCity_PortInside,
0x123,291,FLAG_RECEIVED_SS_TICKET,SCRIPT/EVENT,SO_ESCRITA,0,1,1,,GLOBAL(codigo),
0x124,292,FLAG_MET_RIVAL_LILYCOVE,SCRIPT/EVENT,EM_USO,3,1,3,LittlerootTown_BrendansHouse_2F;LittlerootTown_MaysHouse_2F,MULTI_MAPA(2),
0x125,293,FLAG_MET_RIVAL_IN_HOUSE_AFTER_LILYCOVE,SCRIPT/EVENT,EM_USO,2,1,1,LittlerootTown_MaysHouse_2F,MAPA_UNICO:LittlerootTown_MaysHouse_2F,
0x126,294,FLAG_EXCHANGED_SCANNER,SCRIPT/EVENT,SO_MAPAS_FORA_DA_ROM,1,2,2,,,
0x127,295,FLAG_VAJRAPYRAMID3_RELICGOLD2,SCRIPT/EVENT,EM_USO,0,0,1,VajraPyramidFloor3,MAPA_UNICO:VajraPyramidFloor3,
0x128,296,FLAG_PETALBURG_MART_EXPANDED_ITEMS,SCRIPT/EVENT,SO_LEITURA,1,0,2,,GLOBAL(codigo),
0x129,297,FLAG_RECEIVED_MIRACLE_SEED,SCRIPT/EVENT,SO_MAPAS_FORA_DA_ROM,1,1,1,,,
0x12A,298,FLAG_RECEIVED_BELDUM,SCRIPT/EVENT,SO_MAPAS_FORA_DA_ROM,0,1,1,,,
0x12B,299,FLAG_RECEIVED_FANCLUB_TM_THIS_WEEK,SCRIPT/EVENT,SO_MAPAS_FORA_DA_ROM,2,3,1,,,
0x12C,300,FLAG_MET_FANCLUB_YOUNGER_BROTHER,SCRIPT/EVENT,SO_MAPAS_FORA_DA_ROM,2,1,1,,,
0x12D,301,FLAG_RIVAL_LEFT_FOR_ROUTE103,SCRIPT/EVENT,SO_MAPAS_FORA_DA_ROM,0,1,1,,,
0x12E,302,FLAG_OMIT_DIVE_FROM_STEVEN_LETTER,SCRIPT/EVENT,SO_MAPAS_FORA_DA_ROM,0,1,1,,,
0x12F,303,FLAG_HAS_MATCH_CALL,SCRIPT/EVENT,EM_USO,20,3,11,LittlerootTown_ProfessorBirchsLab;Route102,GLOBAL(codigo),
0x130,304,FLAG_ADDED_MATCH_CALL_TO_POKENAV,SCRIPT/EVENT,EM_USO,3,4,4,NewBarkTown_PlayersHouse_1F,GLOBAL(codigo),
0x131,305,FLAG_REGISTERED_STEVEN_POKENAV,SCRIPT/EVENT,EM_USO,0,1,2,,GLOBAL(codigo),
0x132,306,FLAG_ENABLE_NORMAN_MATCH_CALL,SCRIPT/EVENT,EM_USO,2,1,2,,GLOBAL(codigo),
0x133,307,FLAG_STEVEN_GUIDES_TO_CAVE_OF_ORIGIN,SCRIPT/EVENT,EM_USO,2,1,1,SootopolisCity,MAPA_UNICO:SootopolisCity,Set after you follow Steven to the entrance of the Cave of Origin.
0x134,308,FLAG_MET_ARCHIE_SOOTOPOLIS,SCRIPT/EVENT,EM_USO,1,1,1,SootopolisCity,MAPA_UNICO:SootopolisCity,
0x135,309,FLAG_MET_MAXIE_SOOTOPOLIS,SCRIPT/EVENT,EM_USO,1,1,1,SootopolisCity,MAPA_UNICO:SootopolisCity,
0x136,310,FLAG_MET_SCOTT_RUSTBORO,SCRIPT/EVENT,SO_MAPAS_FORA_DA_ROM,1,1,1,,,
0x137,311,FLAG_WALLACE_GOES_TO_SKY_PILLAR,SCRIPT/EVENT,EM_USO,1,1,2,SkyPillar_Outside,MAPA_UNICO:SkyPillar_Outside,Set after speaking to Wallace within the Cave of Origin.
0x138,312,FLAG_RECEIVED_HM_WATERFALL,SCRIPT/EVENT,EM_USO,1,1,1,SootopolisCity,MAPA_UNICO:SootopolisCity,
0x139,313,FLAG_BEAT_MAGMA_GRUNT_JAGGED_PASS,SCRIPT/EVENT,SO_MAPAS_FORA_DA_ROM,1,1,1,,,
0x13A,314,FLAG_RECEIVED_AURORA_TICKET,SCRIPT/EVENT,EM_USO,1,1,2,,GLOBAL(codigo),
0x13B,315,FLAG_RECEIVED_MYSTIC_TICKET,SCRIPT/EVENT,EM_USO,1,1,2,,GLOBAL(codigo),
0x13C,316,FLAG_RECEIVED_OLD_SEA_MAP,SCRIPT/EVENT,EM_USO,1,1,2,,GLOBAL(codigo),
0x13D,317,FLAG_WONDER_CARD_UNUSED_1,SCRIPT/EVENT,EM_USO,0,0,1,,GLOBAL(codigo),These Wonder Card flags are referenced but never set
0x13E,318,FLAG_WONDER_CARD_UNUSED_2,SCRIPT/EVENT,EM_USO,0,0,1,,GLOBAL(codigo),
0x13F,319,FLAG_WONDER_CARD_UNUSED_3,SCRIPT/EVENT,EM_USO,0,0,1,,GLOBAL(codigo),
0x140,320,FLAG_WONDER_CARD_UNUSED_4,SCRIPT/EVENT,EM_USO,0,0,1,,GLOBAL(codigo),
0x141,321,FLAG_WONDER_CARD_UNUSED_5,SCRIPT/EVENT,EM_USO,0,0,1,,GLOBAL(codigo),
0x142,322,FLAG_WONDER_CARD_UNUSED_6,SCRIPT/EVENT,EM_USO,0,0,1,,GLOBAL(codigo),
0x143,323,FLAG_WONDER_CARD_UNUSED_7,SCRIPT/EVENT,EM_USO,0,0,1,,GLOBAL(codigo),
0x144,324,FLAG_WONDER_CARD_UNUSED_8,SCRIPT/EVENT,EM_USO,0,0,1,,GLOBAL(codigo),
0x145,325,FLAG_WONDER_CARD_UNUSED_9,SCRIPT/EVENT,EM_USO,0,0,1,,GLOBAL(codigo),
0x146,326,FLAG_WONDER_CARD_UNUSED_10,SCRIPT/EVENT,EM_USO,0,0,1,,GLOBAL(codigo),
0x147,327,FLAG_WONDER_CARD_UNUSED_11,SCRIPT/EVENT,EM_USO,0,0,1,,GLOBAL(codigo),
0x148,328,FLAG_WONDER_CARD_UNUSED_12,SCRIPT/EVENT,EM_USO,0,0,1,,GLOBAL(codigo),
0x149,329,FLAG_WONDER_CARD_UNUSED_13,SCRIPT/EVENT,EM_USO,0,0,1,,GLOBAL(codigo),
0x14A,330,FLAG_WONDER_CARD_UNUSED_14,SCRIPT/EVENT,EM_USO,0,0,1,,GLOBAL(codigo),
0x14B,331,FLAG_WONDER_CARD_UNUSED_15,SCRIPT/EVENT,EM_USO,0,0,1,,GLOBAL(codigo),
0x14C,332,FLAG_WONDER_CARD_UNUSED_16,SCRIPT/EVENT,EM_USO,0,0,1,,GLOBAL(codigo),
0x14D,333,FLAG_WONDER_CARD_UNUSED_17,SCRIPT/EVENT,EM_USO,0,0,1,,GLOBAL(codigo),
0x14E,334,FLAG_MIRAGE_TOWER_VISIBLE,SCRIPT/EVENT,EM_USO,4,3,2,,GLOBAL(codigo),
0x14F,335,FLAG_TM_GRASS_KNOT,SCRIPT/EVENT,EM_USO,0,0,1,DeepIlexForest,MAPA_UNICO:DeepIlexForest,
0x150,336,FLAG_HIDE_GRASSTITE,SCRIPT/EVENT,EM_USO,0,1,3,DeepIlexForest,GLOBAL(codigo),
0x151,337,FLAG_RECEIVED_POWDER_JAR,SCRIPT/EVENT,SO_MAPAS_FORA_DA_ROM,1,1,1,,,
0x152,338,FLAG_CHOSEN_MULTI_BATTLE_NPC_PARTNER,SCRIPT/EVENT,EM_USO,6,3,5,BattleFrontier_BattleTowerElevator;BattleFrontier_BattleTowerLobby;BattleFrontier_BattleTowerMultiPartnerRoom,GLOBAL(codigo),
0x153,339,FLAG_MET_BATTLE_FRONTIER_BREEDER,SCRIPT/EVENT,SO_MAPAS_FORA_DA_ROM,2,1,1,,,
0x154,340,FLAG_MET_BATTLE_FRONTIER_MANIAC,SCRIPT/EVENT,EM_USO,1,1,1,BattleFrontier_Lounge2,MAPA_UNICO:BattleFrontier_Lounge2,
0x155,341,FLAG_ENTERED_CONTEST,SCRIPT/EVENT,EM_USO,1,1,2,LilycoveCity_ContestLobby,MAPA_UNICO:LilycoveCity_ContestLobby,
0x156,342,FLAG_MET_SLATEPORT_FANCLUB_CHAIRMAN,SCRIPT/EVENT,SO_MAPAS_FORA_DA_ROM,2,2,1,,,
0x157,343,FLAG_MET_BATTLE_FRONTIER_GAMBLER,SCRIPT/EVENT,EM_USO,1,1,1,BattleFrontier_Lounge3,MAPA_UNICO:BattleFrontier_Lounge3,
0x158,344,FLAG_ENABLE_MR_STONE_POKENAV,SCRIPT/EVENT,EM_USO,0,0,1,,GLOBAL(codigo),
0x159,345,FLAG_NURSE_MENTIONS_GOLD_CARD,SCRIPT/EVENT,EM_USO,1,1,1,,GLOBAL(codigo),
0x15A,346,FLAG_MET_FRONTIER_BEAUTY_MOVE_TUTOR,SCRIPT/EVENT,EM_USO,4,4,4,BattleFrontier_Lounge7;SaffronCity_FightingDojoVIP;TrainerHill_Courtyard,MULTI_MAPA(3),
0x15B,347,FLAG_MET_FRONTIER_SWIMMER_MOVE_TUTOR,SCRIPT/EVENT,EM_USO,4,4,4,BattleFrontier_Lounge7;SaffronCity_FightingDojoVIP;TrainerHill_Courtyard,MULTI_MAPA(3),
0x15C,348,FLAG_REGISTERED_ROSE,SCRIPT/EVENT,NUNCA_REFERENCIADA,0,0,0,,,
0x15D,349,FLAG_REGISTERED_ANDRES,SCRIPT/EVENT,NUNCA_REFERENCIADA,0,0,0,,,
0x15E,350,FLAG_REGISTERED_DUSTY,SCRIPT/EVENT,NUNCA_REFERENCIADA,0,0,0,,,
0x15F,351,FLAG_REGISTERED_LOLA,SCRIPT/EVENT,NUNCA_REFERENCIADA,0,0,0,,,
0x160,352,FLAG_REGISTERED_RICKY,SCRIPT/EVENT,NUNCA_REFERENCIADA,0,0,0,,,
0x161,353,FLAG_REGISTERED_LILA_AND_ROY,SCRIPT/EVENT,NUNCA_REFERENCIADA,0,0,0,,,
0x162,354,FLAG_REGISTERED_CRISTIN,SCRIPT/EVENT,NUNCA_REFERENCIADA,0,0,0,,,
0x163,355,FLAG_REGISTERED_BROOKE,SCRIPT/EVENT,NUNCA_REFERENCIADA,0,0,0,,,
0x164,356,FLAG_REGISTERED_WILTON,SCRIPT/EVENT,NUNCA_REFERENCIADA,0,0,0,,,
0x165,357,FLAG_REGISTERED_CINDY,SCRIPT/EVENT,NUNCA_REFERENCIADA,0,0,0,,,
0x165,357,FLAG_UNUSED_165,SCRIPT/EVENT,NUNCA_REFERENCIADA,0,0,0,,,Former FLAG_REGISTERED_VALERIE
0x166,358,FLAG_REGISTERED_JESSICA,SCRIPT/EVENT,NUNCA_REFERENCIADA,0,0,0,,,
0x167,359,FLAG_REGISTERED_KOJI,SCRIPT/EVENT,NUNCA_REFERENCIADA,0,0,0,,,
0x167,359,FLAG_UNUSED_167,SCRIPT/EVENT,NUNCA_REFERENCIADA,0,0,0,,,Former FLAG_REGISTERED_THALIA
0x168,360,FLAG_REGISTERED_FERNANDO,SCRIPT/EVENT,NUNCA_REFERENCIADA,0,0,0,,,
0x169,361,FLAG_REGISTERED_DALTON,SCRIPT/EVENT,NUNCA_REFERENCIADA,0,0,0,,,
0x169,361,FLAG_UNUSED_169,SCRIPT/EVENT,NUNCA_REFERENCIADA,0,0,0,,,Former FLAG_REGISTERED_WINSTON
0x16A,362,FLAG_REGISTERED_BERNIE,SCRIPT/EVENT,NUNCA_REFERENCIADA,0,0,0,,,
0x16A,362,FLAG_UNUSED_16A,SCRIPT/EVENT,NUNCA_REFERENCIADA,0,0,0,,,Former FLAG_REGISTERED_STEVE
0x16B,363,FLAG_REGISTERED_ETHAN,SCRIPT/EVENT,NUNCA_REFERENCIADA,0,0,0,,,
0x16B,363,FLAG_UNUSED_16B,SCRIPT/EVENT,NUNCA_REFERENCIADA,0,0,0,,,Former FLAG_REGISTERED_TONY
0x16C,364,FLAG_REGISTERED_JOHN_AND_JAY,SCRIPT/EVENT,NUNCA_REFERENCIADA,0,0,0,,,
0x16C,364,FLAG_UNUSED_16C,SCRIPT/EVENT,NUNCA_REFERENCIADA,0,0,0,,,Former FLAG_REGISTERED_NOB
0x16D,365,FLAG_REGISTERED_JEFFREY,SCRIPT/EVENT,NUNCA_REFERENCIADA,0,0,0,,,
0x16E,366,FLAG_REGISTERED_CAMERON,SCRIPT/EVENT,NUNCA_REFERENCIADA,0,0,0,,,
0x16F,367,FLAG_REGISTERED_JACKI,SCRIPT/EVENT,NUNCA_REFERENCIADA,0,0,0,,,
0x170,368,FLAG_REGISTERED_KAREN,SCRIPT/EVENT,NUNCA_REFERENCIADA,0,0,0,,,
0x171,369,FLAG_REGISTERED_JERRY,SCRIPT/EVENT,NUNCA_REFERENCIADA,0,0,0,,,
0x172,370,FLAG_REGISTERED_ISABEL,SCRIPT/EVENT,NUNCA_REFERENCIADA,0,0,0,,,
0x173,371,FLAG_REGISTERED_SHELBY,SCRIPT/EVENT,NUNCA_REFERENCIADA,0,0,0,,,
0x174,372,FLAG_REGISTERED_CALVIN,SCRIPT/EVENT,NUNCA_REFERENCIADA,0,0,0,,,
0x175,373,FLAG_REGISTERED_ELLIOT,SCRIPT/EVENT,NUNCA_REFERENCIADA,0,0,0,,,
0x176,374,FLAG_REGISTERED_ISAIAH,SCRIPT/EVENT,NUNCA_REFERENCIADA,0,0,0,,,
0x176,374,FLAG_UNUSED_176,SCRIPT/EVENT,NUNCA_REFERENCIADA,0,0,0,,,Former FLAG_REGISTERED_WALTER
0x177,375,FLAG_REGISTERED_ABIGAIL,SCRIPT/EVENT,NUNCA_REFERENCIADA,0,0,0,,,
0x178,376,FLAG_REGISTERED_DYLAN,SCRIPT/EVENT,NUNCA_REFERENCIADA,0,0,0,,,
0x179,377,FLAG_REGISTERED_LAO,SCRIPT/EVENT,NUNCA_REFERENCIADA,0,0,0,,,
0x179,377,FLAG_UNUSED_179,SCRIPT/EVENT,NUNCA_REFERENCIADA,0,0,0,,,Former FLAG_REGISTERED_ANNA_AND_MEG
0x17A,378,FLAG_REGISTERED_CYNDY,SCRIPT/EVENT,NUNCA_REFERENCIADA,0,0,0,,,
0x17B,379,FLAG_REGISTERED_MADELINE,SCRIPT/EVENT,NUNCA_REFERENCIADA,0,0,0,,,
0x17B,379,FLAG_UNUSED_17B,SCRIPT/EVENT,NUNCA_REFERENCIADA,0,0,0,,,Former FLAG_REGISTERED_MIGUEL
0x17C,380,FLAG_REGISTERED_JENNY,SCRIPT/EVENT,NUNCA_REFERENCIADA,0,0,0,,,
0x17C,380,FLAG_UNUSED_17C,SCRIPT/EVENT,NUNCA_REFERENCIADA,0,0,0,,,Former FLAG_REGISTERED_TIMOTHY
0x17D,381,FLAG_REGISTERED_DIANA,SCRIPT/EVENT,NUNCA_REFERENCIADA,0,0,0,,,
0x17E,382,FLAG_REGISTERED_AMY_AND_LIV,SCRIPT/EVENT,NUNCA_REFERENCIADA,0,0,0,,,
0x17F,383,FLAG_REGISTERED_ERNEST,SCRIPT/EVENT,NUNCA_REFERENCIADA,0,0,0,,,
0x180,384,FLAG_REGISTERED_CORY,SCRIPT/EVENT,NUNCA_REFERENCIADA,0,0,0,,,
0x181,385,FLAG_REGISTERED_EDWIN,SCRIPT/EVENT,NUNCA_REFERENCIADA,0,0,0,,,
0x181,385,FLAG_UNUSED_181,SCRIPT/EVENT,NUNCA_REFERENCIADA,0,0,0,,,Former FLAG_REGISTERED_MARIA
0x182,386,FLAG_REGISTERED_LYDIA,SCRIPT/EVENT,NUNCA_REFERENCIADA,0,0,0,,,
0x183,387,FLAG_REGISTERED_ISAAC,SCRIPT/EVENT,NUNCA_REFERENCIADA,0,0,0,,,
0x184,388,FLAG_REGISTERED_GABRIELLE,SCRIPT/EVENT,NUNCA_REFERENCIADA,0,0,0,,,
0x184,388,FLAG_UNUSED_184,SCRIPT/EVENT,NUNCA_REFERENCIADA,0,0,0,,,Former FLAG_REGISTERED_KATELYN
0x185,389,FLAG_REGISTERED_CATHERINE,SCRIPT/EVENT,NUNCA_REFERENCIADA,0,0,0,,,
0x185,389,FLAG_UNUSED_185,SCRIPT/EVENT,NUNCA_REFERENCIADA,0,0,0,,,Former FLAG_REGISTERED_BENJAMIN
0x186,390,FLAG_REGISTERED_JACKSON,SCRIPT/EVENT,NUNCA_REFERENCIADA,0,0,0,,,
0x186,390,FLAG_UNUSED_186,SCRIPT/EVENT,NUNCA_REFERENCIADA,0,0,0,,,Former FLAG_REGISTERED_PABLO
0x187,391,FLAG_REGISTERED_HALEY,SCRIPT/EVENT,NUNCA_REFERENCIADA,0,0,0,,,
0x187,391,FLAG_UNUSED_187,SCRIPT/EVENT,NUNCA_REFERENCIADA,0,0,0,,,Former FLAG_REGISTERED_NICOLAS
0x188,392,FLAG_REGISTERED_JAMES,SCRIPT/EVENT,NUNCA_REFERENCIADA,0,0,0,,,
0x188,392,FLAG_UNUSED_188,SCRIPT/EVENT,NUNCA_REFERENCIADA,0,0,0,,,Former FLAG_REGISTERED_ROBERT
0x189,393,FLAG_REGISTERED_TRENT,SCRIPT/EVENT,NUNCA_REFERENCIADA,0,0,0,,,
0x18A,394,FLAG_REGISTERED_SAWYER,SCRIPT/EVENT,NUNCA_REFERENCIADA,0,0,0,,,
0x18B,395,FLAG_REGISTERED_KIRA_AND_DAN,SCRIPT/EVENT,NUNCA_REFERENCIADA,0,0,0,,,
0x18C,396,FLAG_REGISTERED_WALLY,SCRIPT/EVENT,SO_EM_DOC,0,0,1,,,
0x18D,397,FLAG_REGISTERED_ROXANNE,SCRIPT/EVENT,NUNCA_REFERENCIADA,0,0,0,,,
0x18E,398,FLAG_REGISTERED_BRAWLY,SCRIPT/EVENT,NUNCA_REFERENCIADA,0,0,0,,,
0x18F,399,FLAG_REGISTERED_WATTSON,SCRIPT/EVENT,NUNCA_REFERENCIADA,0,0,0,,,
0x190,400,FLAG_REGISTERED_FLANNERY,SCRIPT/EVENT,NUNCA_REFERENCIADA,0,0,0,,,
0x191,401,FLAG_REGISTERED_NORMAN,SCRIPT/EVENT,NUNCA_REFERENCIADA,0,0,0,,,
0x192,402,FLAG_REGISTERED_WINONA,SCRIPT/EVENT,NUNCA_REFERENCIADA,0,0,0,,,
0x193,403,FLAG_REGISTERED_TATE_AND_LIZA,SCRIPT/EVENT,NUNCA_REFERENCIADA,0,0,0,,,
0x194,404,FLAG_REGISTERED_JUAN,SCRIPT/EVENT,NUNCA_REFERENCIADA,0,0,0,,,
0x195,405,FLAG_REGISTERED_SIDNEY,SCRIPT/EVENT,EM_USO,0,0,1,,GLOBAL(codigo),
0x196,406,FLAG_REGISTERED_PHOEBE,SCRIPT/EVENT,EM_USO,0,0,1,,GLOBAL(codigo),
0x197,407,FLAG_REGISTERED_GLACIA,SCRIPT/EVENT,EM_USO,0,0,1,,GLOBAL(codigo),
0x198,408,FLAG_REGISTERED_DRAKE,SCRIPT/EVENT,EM_USO,0,0,1,,GLOBAL(codigo),
0x199,409,FLAG_REGISTERED_WALLACE,SCRIPT/EVENT,EM_USO,0,0,1,,GLOBAL(codigo),
0x1AA,426,FLAG_DAILY_BEAT_SILVER,SCRIPT/EVENT,EM_USO,2,2,2,IndigoPlateau_PokemonCenter,MAPA_UNICO:IndigoPlateau_PokemonCenter,
0x1AB,427,FLAG_SUS_RAILWAY_DOOR,SCRIPT/EVENT,EM_USO,2,2,2,RailwayCave_2F,MAPA_UNICO:RailwayCave_2F,
0x1AC,428,FLAG_DEFEATED_DEOXYS,SCRIPT/EVENT,EM_USO,1,2,2,PokemonLeague_HallOfFame,MAPA_UNICO:PokemonLeague_HallOfFame,HnS
0x1AD,429,FLAG_BATTLED_DEOXYS,SCRIPT/EVENT,EM_USO,3,2,3,PokemonLeague_HallOfFame,GLOBAL(codigo),HnS
0x1AE,430,FLAG_SHOWN_EON_TICKET,SCRIPT/EVENT,EM_USO,2,2,2,,GLOBAL(codigo),
0x1AF,431,FLAG_SHOWN_AURORA_TICKET,SCRIPT/EVENT,EM_USO,2,2,2,,GLOBAL(codigo),
0x1B0,432,FLAG_SHOWN_OLD_SEA_MAP,SCRIPT/EVENT,EM_USO,2,2,2,,GLOBAL(codigo),
0x1B1,433,FLAG_MOVE_TUTOR_TAUGHT_SWAGGER,SCRIPT/EVENT,NUNCA_REFERENCIADA,0,0,0,,,
0x1B2,434,FLAG_MOVE_TUTOR_TAUGHT_ROLLOUT,SCRIPT/EVENT,NUNCA_REFERENCIADA,0,0,0,,,
0x1B3,435,FLAG_MOVE_TUTOR_TAUGHT_FURY_CUTTER,SCRIPT/EVENT,NUNCA_REFERENCIADA,0,0,0,,,
0x1B4,436,FLAG_MOVE_TUTOR_TAUGHT_MIMIC,SCRIPT/EVENT,NUNCA_REFERENCIADA,0,0,0,,,
0x1B5,437,FLAG_MOVE_TUTOR_TAUGHT_METRONOME,SCRIPT/EVENT,NUNCA_REFERENCIADA,0,0,0,,,
0x1B6,438,FLAG_MOVE_TUTOR_TAUGHT_SLEEP_TALK,SCRIPT/EVENT,NUNCA_REFERENCIADA,0,0,0,,,
0x1B7,439,FLAG_MOVE_TUTOR_TAUGHT_SUBSTITUTE,SCRIPT/EVENT,NUNCA_REFERENCIADA,0,0,0,,,
0x1B8,440,FLAG_MOVE_TUTOR_TAUGHT_DYNAMICPUNCH,SCRIPT/EVENT,NUNCA_REFERENCIADA,0,0,0,,,
0x1B9,441,FLAG_MOVE_TUTOR_TAUGHT_DOUBLE_EDGE,SCRIPT/EVENT,NUNCA_REFERENCIADA,0,0,0,,,
0x1BA,442,FLAG_MOVE_TUTOR_TAUGHT_EXPLOSION,SCRIPT/EVENT,NUNCA_REFERENCIADA,0,0,0,,,
0x1BB,443,FLAG_DEFEATED_REGIROCK,SCRIPT/EVENT,SO_MAPAS_FORA_DA_ROM,1,2,1,,,
0x1BC,444,FLAG_DEFEATED_REGICE,SCRIPT/EVENT,EM_USO,1,2,1,IslandCave,MAPA_UNICO:IslandCave,
0x1BD,445,FLAG_DEFEATED_REGISTEEL,SCRIPT/EVENT,SO_MAPAS_FORA_DA_ROM,1,2,1,,,
0x1BE,446,FLAG_DEFEATED_KYOGRE,SCRIPT/EVENT,EM_USO,5,2,5,Route119_WeatherInstitute_2F,GLOBAL(codigo),
0x1BF,447,FLAG_DEFEATED_GROUDON,SCRIPT/EVENT,EM_USO,5,2,5,Route119_WeatherInstitute_2F,GLOBAL(codigo),
0x1C0,448,FLAG_DEFEATED_RAYQUAZA,SCRIPT/EVENT,SO_MAPAS_FORA_DA_ROM,1,2,1,,,
0x1C1,449,FLAG_DEFEATED_VOLTORB_1_NEW_MAUVILLE,SCRIPT/EVENT,SO_MAPAS_FORA_DA_ROM,1,2,1,,,
0x1C2,450,FLAG_DEFEATED_VOLTORB_2_NEW_MAUVILLE,SCRIPT/EVENT,SO_MAPAS_FORA_DA_ROM,1,2,1,,,
0x1C3,451,FLAG_DEFEATED_VOLTORB_3_NEW_MAUVILLE,SCRIPT/EVENT,SO_MAPAS_FORA_DA_ROM,1,2,1,,,
0x1C4,452,FLAG_DEFEATED_ELECTRODE_1_AQUA_HIDEOUT,SCRIPT/EVENT,SO_MAPAS_FORA_DA_ROM,1,2,1,,,
0x1C5,453,FLAG_DEFEATED_ELECTRODE_2_AQUA_HIDEOUT,SCRIPT/EVENT,SO_MAPAS_FORA_DA_ROM,1,2,1,,,
0x1C6,454,FLAG_DEFEATED_SUDOWOODO,SCRIPT/EVENT,EM_USO,2,2,1,BattleFrontier_OutsideEast,MAPA_UNICO:BattleFrontier_OutsideEast,
0x1C7,455,FLAG_DEFEATED_MEW,SCRIPT/EVENT,EM_USO,2,2,2,FarawayIsland_Interior,GLOBAL(codigo),HnS
0x1C8,456,FLAG_DEFEATED_LATIAS_OR_LATIOS,SCRIPT/EVENT,SO_MAPAS_FORA_DA_ROM,1,1,1,,,
0x1C9,457,FLAG_CAUGHT_LATIAS_OR_LATIOS,SCRIPT/EVENT,SO_MAPAS_FORA_DA_ROM,1,1,1,,,
0x1CA,458,FLAG_CAUGHT_MEW,SCRIPT/EVENT,EM_USO,3,3,4,FarawayIsland_Interior;PokemonLeague_HallOfFame,GLOBAL(codigo),
0x1CB,459,FLAG_MET_SCOTT_AFTER_OBTAINING_STONE_BADGE,SCRIPT/EVENT,SO_MAPAS_FORA_DA_ROM,1,1,1,,,
0x1CC,460,FLAG_MET_SCOTT_IN_VERDANTURF,SCRIPT/EVENT,SO_MAPAS_FORA_DA_ROM,1,1,1,,,
0x1CD,461,FLAG_MET_SCOTT_IN_FALLARBOR,SCRIPT/EVENT,SO_MAPAS_FORA_DA_ROM,1,1,1,,,
0x1CE,462,FLAG_MET_SCOTT_IN_LILYCOVE,SCRIPT/EVENT,EM_USO,1,1,1,LilycoveCity_CoveLilyMotel_2F,MAPA_UNICO:LilycoveCity_CoveLilyMotel_2F,
0x1CF,463,FLAG_MET_SCOTT_IN_EVERGRANDE,SCRIPT/EVENT,SO_MAPAS_FORA_DA_ROM,1,2,2,,,
0x1D0,464,FLAG_MET_SCOTT_ON_SS_TIDAL,SCRIPT/EVENT,EM_USO,3,1,4,SSTidalCorridor,GLOBAL(codigo),
0x1D1,465,FLAG_SCOTT_GIVES_BATTLE_POINTS,SCRIPT/EVENT,SO_MAPAS_FORA_DA_ROM,1,1,1,,,
0x1D2,466,FLAG_COLLECTED_ALL_GOLD_SYMBOLS,SCRIPT/EVENT,SO_MAPAS_FORA_DA_ROM,1,1,1,,,
0x1D3,467,FLAG_ENABLE_ROXANNE_MATCH_CALL,SCRIPT/EVENT,EM_USO,0,1,2,RustboroCity_Gym,GLOBAL(codigo),
0x1D4,468,FLAG_ENABLE_BRAWLY_MATCH_CALL,SCRIPT/EVENT,EM_USO,0,1,2,,GLOBAL(codigo),
0x1D5,469,FLAG_ENABLE_WATTSON_MATCH_CALL,SCRIPT/EVENT,EM_USO,0,1,2,MauvilleCity_Gym,GLOBAL(codigo),
0x1D6,470,FLAG_ENABLE_FLANNERY_MATCH_CALL,SCRIPT/EVENT,EM_USO,0,1,2,,GLOBAL(codigo),
0x1D7,471,FLAG_ENABLE_WINONA_MATCH_CALL,SCRIPT/EVENT,EM_USO,0,1,2,,GLOBAL(codigo),
0x1D8,472,FLAG_ENABLE_TATE_AND_LIZA_MATCH_CALL,SCRIPT/EVENT,EM_USO,0,1,2,,GLOBAL(codigo),
0x1D9,473,FLAG_ENABLE_JUAN_MATCH_CALL,SCRIPT/EVENT,EM_USO,0,1,2,SootopolisCity_Gym_1F,GLOBAL(codigo),
0x1DA,474,FLAG_WT_ENABLED,SCRIPT/EVENT,NUNCA_REFERENCIADA,0,0,0,,,
0x1DB,475,FLAG_SHOWN_MYSTIC_TICKET,SCRIPT/EVENT,EM_USO,2,2,2,,GLOBAL(codigo),
0x1DC,476,FLAG_DEFEATED_HO_OH,SCRIPT/EVENT,EM_USO,1,3,3,EcruteakCity,MAPA_UNICO:EcruteakCity,
0x1DD,477,FLAG_DEFEATED_LUGIA,SCRIPT/EVENT,EM_USO,1,3,3,EcruteakCity,MAPA_UNICO:EcruteakCity,
0x1DE,478,FLAG_INFINITE_STUFF,SCRIPT/EVENT,NUNCA_REFERENCIADA,0,0,0,,,
0x1DF,479,FLAG_INFINITE_STUFF_GIRL,SCRIPT/EVENT,NUNCA_REFERENCIADA,0,0,0,,,
0x1E0,480,FLAG_KITAKAMIBORDER_MAX_ETHER,SCRIPT/EVENT,EM_USO,0,0,1,KitakamiBorder,MAPA_UNICO:KitakamiBorder,
0x1E1,481,FLAG_KITAKAMIBORDER_PROTBANDS,SCRIPT/EVENT,EM_USO,0,0,1,KitakamiBorder,MAPA_UNICO:KitakamiBorder,
0x1E2,482,FLAG_TM_WILD_CHARGE,SCRIPT/EVENT,EM_USO,0,0,1,KitakamiBorder,MAPA_UNICO:KitakamiBorder,
0x1E3,483,FLAG_TM_TOXIC,SCRIPT/EVENT,EM_USO,0,0,1,FoggyForest,MAPA_UNICO:FoggyForest,
0x1E4,484,FLAG_MYSTERY_GIFT_DONE,SCRIPT/EVENT,EM_USO,2,3,4,,GLOBAL(codigo),
0x1E5,485,FLAG_MYSTERY_GIFT_1,SCRIPT/EVENT,EM_USO,0,1,2,,GLOBAL(codigo),
0x1E6,486,FLAG_MYSTERY_GIFT_2,SCRIPT/EVENT,EM_USO,0,1,2,,GLOBAL(codigo),
0x1E7,487,FLAG_MYSTERY_GIFT_3,SCRIPT/EVENT,EM_USO,0,1,1,,GLOBAL(codigo),
0x1E8,488,FLAG_MYSTERY_GIFT_4,SCRIPT/EVENT,EM_USO,0,1,1,,GLOBAL(codigo),
0x1E9,489,FLAG_MYSTERY_GIFT_5,SCRIPT/EVENT,EM_USO,0,1,1,,GLOBAL(codigo),
0x1EA,490,FLAG_MYSTERY_GIFT_6,SCRIPT/EVENT,EM_USO,0,1,1,,GLOBAL(codigo),
0x1EB,491,FLAG_MYSTERY_GIFT_7,SCRIPT/EVENT,EM_USO,0,1,1,,GLOBAL(codigo),
0x1EC,492,FLAG_MYSTERY_GIFT_8,SCRIPT/EVENT,EM_USO,0,1,1,,GLOBAL(codigo),
0x1ED,493,FLAG_MYSTERY_GIFT_9,SCRIPT/EVENT,EM_USO,0,1,1,,GLOBAL(codigo),
0x1EE,494,FLAG_MYSTERY_GIFT_10,SCRIPT/EVENT,EM_USO,0,1,1,,GLOBAL(codigo),
0x1EF,495,FLAG_MYSTERY_GIFT_11,SCRIPT/EVENT,EM_USO,0,1,1,,GLOBAL(codigo),
0x1F0,496,FLAG_MYSTERY_GIFT_12,SCRIPT/EVENT,EM_USO,0,1,1,,GLOBAL(codigo),
0x1F1,497,FLAG_MYSTERY_GIFT_13,SCRIPT/EVENT,EM_USO,0,1,1,,GLOBAL(codigo),
0x1F2,498,FLAG_MYSTERY_GIFT_14,SCRIPT/EVENT,EM_USO,0,1,1,,GLOBAL(codigo),
0x1F3,499,FLAG_MYSTERY_GIFT_15,SCRIPT/EVENT,EM_USO,0,1,1,,GLOBAL(codigo),
0x1F4,500,FLAG_HIDDEN_ITEMS_START,SCRIPT/EVENT,EM_USO,0,0,3,,GLOBAL(codigo),
0x1F4,500,FLAG_HIDDEN_ITEM_ROUTE29_ETHER,SCRIPT/EVENT,EM_USO,0,0,1,Route29,MAPA_UNICO:Route29,
0x1F5,501,FLAG_HIDDEN_ITEM_TRICK_HOUSE_NUGGET,SCRIPT/EVENT,EM_USO,0,0,1,,GLOBAL(codigo),
0x1F6,502,FLAG_HIDDEN_ITEM_CHERRYGROVE_STARDUST,SCRIPT/EVENT,EM_USO,0,0,1,CherrygroveCity,MAPA_UNICO:CherrygroveCity,
0x1F7,503,FLAG_HIDDEN_ITEM_ROUTE30_FULL_HEAL,SCRIPT/EVENT,EM_USO,0,0,1,Route30,MAPA_UNICO:Route30,
0x1F8,504,FLAG_HIDDEN_ITEM_ROUTE30_POTION,SCRIPT/EVENT,EM_USO,0,0,1,Route30,MAPA_UNICO:Route30,
0x1F9,505,FLAG_HIDDEN_ITEM_ROUTE31_ANTIDOTE,SCRIPT/EVENT,EM_USO,0,0,1,Route31,MAPA_UNICO:Route31,
0x1FA,506,FLAG_HIDDEN_ITEM_ROUTE30_NUGGET,SCRIPT/EVENT,EM_USO,0,0,1,Route30,MAPA_UNICO:Route30,
0x1FB,507,FLAG_HIDDEN_ITEM_ROUTE32_GREAT_BALL,SCRIPT/EVENT,EM_USO,0,0,1,Route32,MAPA_UNICO:Route32,
0x1FC,508,FLAG_HIDDEN_ITEM_RUINSOFALPH_RARECANDY,SCRIPT/EVENT,EM_USO,0,0,1,RuinsOfAlph_Outside,MAPA_UNICO:RuinsOfAlph_Outside,
0x1FD,509,FLAG_HIDDEN_ITEM_ROUTE33_ETHER,SCRIPT/EVENT,EM_USO,0,0,1,Route33,MAPA_UNICO:Route33,
0x1FE,510,FLAG_HIDDEN_ITEM_ILEX_MUSHROOM,SCRIPT/EVENT,EM_USO,0,0,1,IlexForest,MAPA_UNICO:IlexForest,
0x1FF,511,FLAG_HIDDEN_ITEM_ILEX_PPUP,SCRIPT/EVENT,EM_USO,0,0,1,IlexForest,MAPA_UNICO:IlexForest,
0x200,512,FLAG_HIDDEN_ITEM_ROUTE34_ULTRABALL,SCRIPT/EVENT,EM_USO,0,0,1,Route34,MAPA_UNICO:Route34,
0x201,513,FLAG_HIDDEN_ITEM_ROUTE34_AWAKENING,SCRIPT/EVENT,EM_USO,0,0,1,Route34,MAPA_UNICO:Route34,
0x202,514,FLAG_HIDDEN_ITEM_ROUTE35_STARDUST,SCRIPT/EVENT,EM_USO,0,0,1,Route35,MAPA_UNICO:Route35,
0x203,515,FLAG_HIDDEN_ITEM_ROUTE36_CARBOS,SCRIPT/EVENT,EM_USO,0,0,1,Route36,MAPA_UNICO:Route36,
0x204,516,FLAG_HIDDEN_ITEM_ROUTE37_FULL_HEAL,SCRIPT/EVENT,EM_USO,0,0,1,Route37,MAPA_UNICO:Route37,
0x205,517,FLAG_HIDDEN_ITEM_ROUTE38_HP_UP,SCRIPT/EVENT,EM_USO,0,0,1,Route38,MAPA_UNICO:Route38,
0x206,518,FLAG_HIDDEN_ITEM_ROUTE38_REVIVE,SCRIPT/EVENT,EM_USO,0,0,1,Route38,MAPA_UNICO:Route38,
0x207,519,FLAG_HIDDEN_ITEM_BURNED_TOWER_BURNHEAL,SCRIPT/EVENT,EM_USO,0,0,1,BurnedTower_1F,MAPA_UNICO:BurnedTower_1F,
0x208,520,FLAG_HIDDEN_ITEM_BURNED_TOWER_CALCIUM,SCRIPT/EVENT,EM_USO,0,0,1,BurnedTower_B1F,MAPA_UNICO:BurnedTower_B1F,
0x209,521,FLAG_HIDDEN_ITEM_ROUTE42_DUSK_BALL,SCRIPT/EVENT,EM_USO,0,0,1,Route42,MAPA_UNICO:Route42,
0x20A,522,FLAG_HIDDEN_ITEM_ROUTE39_HYPER_POTION,SCRIPT/EVENT,EM_USO,0,0,1,Route39,MAPA_UNICO:Route39,
0x20B,523,FLAG_HIDDEN_ITEM_ROUTE40_PARALYZ_HEAL,SCRIPT/EVENT,EM_USO,0,0,1,Route40,MAPA_UNICO:Route40,
0x20C,524,FLAG_HIDDEN_ITEM_ROUTE41_QUIET_MINT,SCRIPT/EVENT,EM_USO,0,0,1,Route41,MAPA_UNICO:Route41,
0x20D,525,FLAG_HIDDEN_ITEM_ROUTE43_QUICK_BALL,SCRIPT/EVENT,EM_USO,0,0,1,Route43,MAPA_UNICO:Route43,
0x20E,526,FLAG_HIDDEN_ITEM_LAKEOFRAGE_RARE_CANDY,SCRIPT/EVENT,EM_USO,0,0,1,LakeOfRage,MAPA_UNICO:LakeOfRage,
0x20F,527,FLAG_HIDDEN_ITEM_ICEPATH_PP_MAX,SCRIPT/EVENT,EM_USO,0,0,1,IcePath_1F,MAPA_UNICO:IcePath_1F,
0x210,528,FLAG_HIDDEN_ITEM_ICEPATH_ELIXIR,SCRIPT/EVENT,EM_USO,0,0,1,IcePath_B2F,MAPA_UNICO:IcePath_B2F,
0x211,529,FLAG_HIDDEN_ITEM_BLACKTHORNE_PROTEIN,SCRIPT/EVENT,EM_USO,0,0,1,BlackthornCity,MAPA_UNICO:BlackthornCity,
0x212,530,FLAG_HIDDEN_ITEM_ROUTE45_FULL_RESTORE,SCRIPT/EVENT,EM_USO,0,0,1,Route45,MAPA_UNICO:Route45,
0x213,531,FLAG_HIDDEN_ITEM_ABANDONED_SHIP_RM_1_KEY,SCRIPT/EVENT,EM_USO,0,0,1,,GLOBAL(codigo),
0x214,532,FLAG_HIDDEN_ITEM_ABANDONED_SHIP_RM_2_KEY,SCRIPT/EVENT,EM_USO,0,0,1,,GLOBAL(codigo),
0x215,533,FLAG_HIDDEN_ITEM_ABANDONED_SHIP_RM_4_KEY,SCRIPT/EVENT,EM_USO,0,0,1,,GLOBAL(codigo),
0x216,534,FLAG_HIDDEN_ITEM_ABANDONED_SHIP_RM_6_KEY,SCRIPT/EVENT,EM_USO,0,0,1,,GLOBAL(codigo),
0x217,535,FLAG_HIDDEN_ITEM_SS_TIDAL_LOWER_DECK_LEFTOVERS,SCRIPT/EVENT,NUNCA_REFERENCIADA,0,0,0,,,
0x218,536,FLAG_HIDDEN_ITEM_UNDERWATER_124_CALCIUM,SCRIPT/EVENT,NUNCA_REFERENCIADA,0,0,0,,,
0x219,537,FLAG_HIDDEN_ITEM_ROUTE46_RAREBONE,SCRIPT/EVENT,EM_USO,0,0,1,Route46,MAPA_UNICO:Route46,
0x21A,538,FLAG_HIDDEN_ITEM_ROUTE47_PP_UP,SCRIPT/EVENT,EM_USO,0,0,1,Route47,MAPA_UNICO:Route47,
0x21B,539,FLAG_HIDDEN_ITEM_ROUTE47_MAX_REPEL,SCRIPT/EVENT,EM_USO,0,0,1,Route47,MAPA_UNICO:Route47,
0x21C,540,FLAG_HIDDEN_ITEM_ROUTE48_IRON,SCRIPT/EVENT,EM_USO,0,0,1,Route48,MAPA_UNICO:Route48,
0x21D,541,FLAG_HIDDEN_ITEM_KITAKAMIBORDER_ZINC,SCRIPT/EVENT,EM_USO,0,0,1,KitakamiBorder,MAPA_UNICO:KitakamiBorder,
0x21E,542,FLAG_HIDDEN_ITEM_UNION_CAVE1_LEPPA,SCRIPT/EVENT,EM_USO,0,0,1,UnionCave_1F,MAPA_UNICO:UnionCave_1F,
0x21F,543,FLAG_HIDDEN_ITEM_ROUTE44_MAX_REVIVE,SCRIPT/EVENT,EM_USO,0,0,1,Route44,MAPA_UNICO:Route44,
0x220,544,FLAG_HIDDEN_ITEM_UNIONCAVE3_REDCARD,SCRIPT/EVENT,EM_USO,0,0,1,UnionCave_B2F,MAPA_UNICO:UnionCave_B2F,
0x221,545,FLAG_HIDDEN_ITEM_DARKCAVE_ETHER,SCRIPT/EVENT,EM_USO,0,0,1,DarkCave_SouthSide,MAPA_UNICO:DarkCave_SouthSide,
0x222,546,FLAG_HIDDEN_ITEM_DARKCAVE_BIGPEARL,SCRIPT/EVENT,EM_USO,0,0,1,DarkCave_NorthSide,MAPA_UNICO:DarkCave_NorthSide,
0x223,547,FLAG_HIDDEN_ITEM_ROUTE49_REVIVE,SCRIPT/EVENT,EM_USO,0,0,1,Route49,MAPA_UNICO:Route49,
0x224,548,FLAG_HIDDEN_ITEM_ROUTE49_SITRUS_BERRY,SCRIPT/EVENT,EM_USO,0,0,1,Route49,MAPA_UNICO:Route49,
0x225,549,FLAG_HIDDEN_ITEM_SNOWTOPOUT_SUPERREPEL,SCRIPT/EVENT,EM_USO,0,0,1,SnowtopMountainOutside,MAPA_UNICO:SnowtopMountainOutside,
0x226,550,FLAG_HIDDEN_ITEM_SNOWTOPIN_STAR_PIECE,SCRIPT/EVENT,EM_USO,0,0,1,SnowtopMountain_B1F,MAPA_UNICO:SnowtopMountain_B1F,
0x227,551,FLAG_HIDDEN_ITEM_VAJRADESERT_FULL_HEAL,SCRIPT/EVENT,EM_USO,0,0,1,VajraDesert,MAPA_UNICO:VajraDesert,
0x228,552,FLAG_HIDDEN_ITEM_VICTORYROAD_MAX_REPEL,SCRIPT/EVENT,EM_USO,0,0,1,VictoryRoadKanto_1F,MAPA_UNICO:VictoryRoadKanto_1F,
0x229,553,FLAG_HIDDEN_ITEM_VICTORYROAD_PP_MAX,SCRIPT/EVENT,EM_USO,0,0,1,VictoryRoadKanto_B1F,MAPA_UNICO:VictoryRoadKanto_B1F,
0x22A,554,FLAG_HIDDEN_ITEM_ROUTE28_MAX_REVIVE,SCRIPT/EVENT,EM_USO,0,0,1,Route28,MAPA_UNICO:Route28,
0x22B,555,FLAG_HIDDEN_ITEM_ROUTE27_REVIVE,SCRIPT/EVENT,EM_USO,0,0,1,Route27,MAPA_UNICO:Route27,
0x22C,556,FLAG_HIDDEN_ITEM_ROUTE26_RARE_CANDY,SCRIPT/EVENT,EM_USO,0,0,1,Route26,MAPA_UNICO:Route26,
0x22D,557,FLAG_HIDDEN_ITEM_ROUTE26_ULTRA_BALL,SCRIPT/EVENT,EM_USO,0,0,1,Route26North,MAPA_UNICO:Route26North,
0x22E,558,FLAG_HIDDEN_ITEM_ROUTE50_BIG_NUGGET,SCRIPT/EVENT,EM_USO,0,0,1,Route50,MAPA_UNICO:Route50,
0x22F,559,FLAG_HIDDEN_ITEM_PETALBURG_WOODS_TINY_MUSHROOM_1,SCRIPT/EVENT,NUNCA_REFERENCIADA,0,0,0,,,
0x230,560,FLAG_HIDDEN_ITEM_PETALBURG_WOODS_TINY_MUSHROOM_2,SCRIPT/EVENT,NUNCA_REFERENCIADA,0,0,0,,,
0x231,561,FLAG_HIDDEN_ITEM_PETALBURG_WOODS_POKE_BALL,SCRIPT/EVENT,NUNCA_REFERENCIADA,0,0,0,,,
0x232,562,FLAG_HIDDEN_ITEM_ROUTE_104_POKE_BALL,SCRIPT/EVENT,NUNCA_REFERENCIADA,0,0,0,,,
0x233,563,FLAG_HIDDEN_ITEM_ROUTE_106_POKE_BALL,SCRIPT/EVENT,NUNCA_REFERENCIADA,0,0,0,,,
0x234,564,FLAG_HIDDEN_ITEM_ROUTE_109_ETHER,SCRIPT/EVENT,NUNCA_REFERENCIADA,0,0,0,,,
0x235,565,FLAG_HIDDEN_ITEM_ROUTE_110_POKE_BALL,SCRIPT/EVENT,NUNCA_REFERENCIADA,0,0,0,,,
0x236,566,FLAG_HIDDEN_ITEM_ROUTE_118_HEART_SCALE,SCRIPT/EVENT,NUNCA_REFERENCIADA,0,0,0,,,
0x237,567,FLAG_HIDDEN_ITEM_VAJRA_EAST_PP_MAX,SCRIPT/EVENT,EM_USO,0,0,1,VajraDesertEast,MAPA_UNICO:VajraDesertEast,
0x238,568,FLAG_HIDDEN_ITEM_VAJRA_EAST_STARPIECE,SCRIPT/EVENT,EM_USO,0,0,1,VajraDesertEast,MAPA_UNICO:VajraDesertEast,
0x239,569,FLAG_HIDDEN_ITEM_VAJRA_EAST_BEAST_BALL,SCRIPT/EVENT,EM_USO,0,0,1,VajraDesertEast,MAPA_UNICO:VajraDesertEast,
0x23A,570,FLAG_HIDDEN_ITEM_ROUTE_120_ZINC,SCRIPT/EVENT,NUNCA_REFERENCIADA,0,0,0,,,
0x23B,571,FLAG_HIDDEN_ITEM_ROUTE_120_RARE_CANDY_1,SCRIPT/EVENT,NUNCA_REFERENCIADA,0,0,0,,,
0x23C,572,FLAG_HIDDEN_ITEM_ROUTE_117_REPEL,SCRIPT/EVENT,NUNCA_REFERENCIADA,0,0,0,,,
0x23D,573,FLAG_HIDDEN_ITEM_ROUTE_121_FULL_HEAL,SCRIPT/EVENT,NUNCA_REFERENCIADA,0,0,0,,,
0x23E,574,FLAG_HIDDEN_ITEM_ROUTE_123_HYPER_POTION,SCRIPT/EVENT,NUNCA_REFERENCIADA,0,0,0,,,
0x23F,575,FLAG_HIDDEN_ITEM_LILYCOVE_CITY_POKE_BALL,SCRIPT/EVENT,NUNCA_REFERENCIADA,0,0,0,,,
0x240,576,FLAG_HIDDEN_ITEM_JAGGED_PASS_GREAT_BALL,SCRIPT/EVENT,NUNCA_REFERENCIADA,0,0,0,,,
0x241,577,FLAG_HIDDEN_ITEM_JAGGED_PASS_FULL_HEAL,SCRIPT/EVENT,NUNCA_REFERENCIADA,0,0,0,,,
0x242,578,FLAG_HIDDEN_ITEM_MT_PYRE_EXTERIOR_MAX_ETHER,SCRIPT/EVENT,NUNCA_REFERENCIADA,0,0,0,,,
0x243,579,FLAG_HIDDEN_ITEM_MT_PYRE_SUMMIT_ZINC,SCRIPT/EVENT,NUNCA_REFERENCIADA,0,0,0,,,
0x244,580,FLAG_HIDDEN_ITEM_MT_PYRE_SUMMIT_RARE_CANDY,SCRIPT/EVENT,NUNCA_REFERENCIADA,0,0,0,,,
0x245,581,FLAG_HIDDEN_ITEM_VICTORY_ROAD_1F_ULTRA_BALL,SCRIPT/EVENT,NUNCA_REFERENCIADA,0,0,0,,,
0x246,582,FLAG_HIDDEN_ITEM_VICTORY_ROAD_B2F_ELIXIR,SCRIPT/EVENT,NUNCA_REFERENCIADA,0,0,0,,,
0x247,583,FLAG_HIDDEN_ITEM_VICTORY_ROAD_B2F_MAX_REPEL,SCRIPT/EVENT,NUNCA_REFERENCIADA,0,0,0,,,
0x248,584,FLAG_HIDDEN_ITEM_ROUTE_120_REVIVE,SCRIPT/EVENT,NUNCA_REFERENCIADA,0,0,0,,,
0x249,585,FLAG_HIDDEN_ITEM_ROUTE_104_ANTIDOTE,SCRIPT/EVENT,NUNCA_REFERENCIADA,0,0,0,,,
0x24A,586,FLAG_HIDDEN_ITEM_ROUTE_108_RARE_CANDY,SCRIPT/EVENT,NUNCA_REFERENCIADA,0,0,0,,,
0x24B,587,FLAG_HIDDEN_ITEM_ROUTE_119_MAX_ETHER,SCRIPT/EVENT,NUNCA_REFERENCIADA,0,0,0,,,
0x24C,588,FLAG_HIDDEN_ITEM_ROUTE_104_HEART_SCALE,SCRIPT/EVENT,NUNCA_REFERENCIADA,0,0,0,,,
0x24D,589,FLAG_HIDDEN_ITEM_ROUTE_105_HEART_SCALE,SCRIPT/EVENT,NUNCA_REFERENCIADA,0,0,0,,,
0x24E,590,FLAG_HIDDEN_ITEM_ROUTE_109_HEART_SCALE_2,SCRIPT/EVENT,NUNCA_REFERENCIADA,0,0,0,,,
0x24F,591,FLAG_HIDDEN_ITEM_ROUTE_109_HEART_SCALE_3,SCRIPT/EVENT,NUNCA_REFERENCIADA,0,0,0,,,
0x250,592,FLAG_HIDDEN_ITEM_ROUTE_128_HEART_SCALE_1,SCRIPT/EVENT,NUNCA_REFERENCIADA,0,0,0,,,
0x251,593,FLAG_HIDDEN_ITEM_ROUTE_128_HEART_SCALE_2,SCRIPT/EVENT,NUNCA_REFERENCIADA,0,0,0,,,
0x252,594,FLAG_HIDDEN_ITEM_ROUTE_128_HEART_SCALE_3,SCRIPT/EVENT,NUNCA_REFERENCIADA,0,0,0,,,
0x253,595,FLAG_HIDDEN_ITEM_PETALBURG_CITY_RARE_CANDY,SCRIPT/EVENT,NUNCA_REFERENCIADA,0,0,0,,,
0x254,596,FLAG_HIDDEN_ITEM_ROUTE_116_BLACK_GLASSES,SCRIPT/EVENT,EM_USO,1,0,1,,GLOBAL(codigo),
0x255,597,FLAG_HIDDEN_ITEM_ROUTE_115_HEART_SCALE,SCRIPT/EVENT,NUNCA_REFERENCIADA,0,0,0,,,
0x256,598,FLAG_HIDDEN_ITEM_ROUTE_113_NUGGET,SCRIPT/EVENT,NUNCA_REFERENCIADA,0,0,0,,,
0x257,599,FLAG_HIDDEN_ITEM_ROUTE_123_PP_UP,SCRIPT/EVENT,NUNCA_REFERENCIADA,0,0,0,,,
0x258,600,FLAG_HIDDEN_ITEM_ROUTE_121_MAX_REVIVE,SCRIPT/EVENT,NUNCA_REFERENCIADA,0,0,0,,,
0x259,601,FLAG_HIDDEN_ITEM_ARTISAN_CAVE_B1F_CALCIUM,SCRIPT/EVENT,NUNCA_REFERENCIADA,0,0,0,,,
0x25A,602,FLAG_HIDDEN_ITEM_ARTISAN_CAVE_B1F_ZINC,SCRIPT/EVENT,NUNCA_REFERENCIADA,0,0,0,,,
0x25B,603,FLAG_HIDDEN_ITEM_ARTISAN_CAVE_B1F_PROTEIN,SCRIPT/EVENT,NUNCA_REFERENCIADA,0,0,0,,,
0x25C,604,FLAG_HIDDEN_ITEM_ARTISAN_CAVE_B1F_IRON,SCRIPT/EVENT,NUNCA_REFERENCIADA,0,0,0,,,
0x25D,605,FLAG_HIDDEN_ITEM_SAFARI_ZONE_SOUTH_EAST_FULL_RESTORE,SCRIPT/EVENT,NUNCA_REFERENCIADA,0,0,0,,,
0x25E,606,FLAG_HIDDEN_ITEM_SAFARI_ZONE_NORTH_EAST_RARE_CANDY,SCRIPT/EVENT,NUNCA_REFERENCIADA,0,0,0,,,
0x25F,607,FLAG_HIDDEN_ITEM_SAFARI_ZONE_NORTH_EAST_ZINC,SCRIPT/EVENT,NUNCA_REFERENCIADA,0,0,0,,,
0x260,608,FLAG_HIDDEN_ITEM_SAFARI_ZONE_SOUTH_EAST_PP_UP,SCRIPT/EVENT,NUNCA_REFERENCIADA,0,0,0,,,
0x261,609,FLAG_HIDDEN_ITEM_NAVEL_ROCK_TOP_SACRED_ASH,SCRIPT/EVENT,NUNCA_REFERENCIADA,0,0,0,,,
0x262,610,FLAG_HIDDEN_ITEM_ROUTE_123_RARE_CANDY,SCRIPT/EVENT,NUNCA_REFERENCIADA,0,0,0,,,
0x263,611,FLAG_HIDDEN_ITEM_ROUTE_105_BIG_PEARL,SCRIPT/EVENT,NUNCA_REFERENCIADA,0,0,0,,,
0x264,612,FLAG_MINTS_CLERK,SCRIPT/EVENT,NUNCA_REFERENCIADA,0,0,0,,,
0x265,613,FLAG_EXTRA_LEGENDARIES,SCRIPT/EVENT,NUNCA_REFERENCIADA,0,0,0,,,
0x266,614,FLAG_OLD_MAN_AND_DUSCLOPS,SCRIPT/EVENT,NUNCA_REFERENCIADA,0,0,0,,,
0x267,615,FLAG_CERULEAN_CAVE_LUCKY_EGG,SCRIPT/EVENT,NUNCA_REFERENCIADA,0,0,0,,,
0x268,616,FLAG_MET_FRONTIER_ELEMENTAL_MOVE_TUTOR,SCRIPT/EVENT,EM_USO,3,3,3,SaffronCity_FightingDojoVIP;TrainerHill_Courtyard,MULTI_MAPA(2),HnSFLAGS SPILLOVER
0x269,617,FLAG_HIDE_WHIRL_ISLANDS_KIMONO_GIRLS,SCRIPT/EVENT,EM_USO,0,6,5,EcruteakCity;EcruteakCity_Theater;WhirlIslands_LugiaChamber,MULTI_MAPA(3),Set after compelted legendary event
0x26A,618,FLAG_HIDE_TIN_TOWER_KIMONO_GIRLS,SCRIPT/EVENT,EM_USO,0,6,6,EcruteakCity;EcruteakCity_Theater;TinTower_RoofDay;TinTower_RoofNight,MULTI_MAPA(4),Set after completing legendary event
0x26B,619,FLAG_NIGHT_POKEMON,SCRIPT/EVENT,EM_USO,4,6,75,AzaleaTown;BattleFactoryGrounds;BellchimeTrail;BlackthornCity,GLOBAL(codigo),Set at day to hide nighttime overworld pokemon
0x26C,620,FLAG_DAY_POKEMON,SCRIPT/EVENT,EM_USO,19,6,50,BellchimeTrail;CeladonCity_Apartments_RoofDay;CeladonCity_DepartmentStore_RoofDay;CinnabarIsland,GLOBAL(codigo),Set at night to hide daytime overworld pokemon
0x26D,621,FLAG_DEFEATED_PEWTER_GYM,SCRIPT/EVENT,EM_USO,2,1,2,PewterCity_Gym,GLOBAL(codigo),KANTO GYM LEADER FLAGS
0x26E,622,FLAG_DEFEATED_CERULEAN_GYM,SCRIPT/EVENT,EM_USO,2,1,2,CeruleanCity_Gym,GLOBAL(codigo),
0x26F,623,FLAG_DEFEATED_VERMILION_GYM,SCRIPT/EVENT,EM_USO,2,1,2,VermilionCity_Gym,GLOBAL(codigo),
0x270,624,FLAG_DEFEATED_CELADON_GYM,SCRIPT/EVENT,EM_USO,1,1,2,CeladonCity_Gym,GLOBAL(codigo),
0x271,625,FLAG_DEFEATED_SAFFRON_GYM,SCRIPT/EVENT,EM_USO,2,1,2,SaffronCity_Gym,GLOBAL(codigo),
0x272,626,FLAG_DEFEATED_FUCHSIA_GYM,SCRIPT/EVENT,EM_USO,4,1,2,FuchsiaCity_Gym,GLOBAL(codigo),
0x273,627,FLAG_DEFEATED_CINNABAR_ISLAND_GYM,SCRIPT/EVENT,EM_USO,3,1,4,Route19;SeafoamIslands_Gym,GLOBAL(codigo),
0x274,628,FLAG_DEFEATED_VIRIDIAN_GYM,SCRIPT/EVENT,EM_USO,2,1,2,ViridianCity_Gym,GLOBAL(codigo),
0x275,629,FLAG_HIDE_VIOLET_SCHOOL_FALKNER,SCRIPT/EVENT,EM_USO,0,6,7,CeladonCity_DepartmentStore_5F;SSAqua_1F;VioletCity_TrainerSchool,GLOBAL(codigo),gym leader rematches
0x276,630,FLAG_HIDE_DOJO_FALKNER,SCRIPT/EVENT,EM_USO,0,3,4,CeladonCity_DepartmentStore_5F;SSAqua_1F;SaffronCity_FightingDojoVIP,GLOBAL(codigo),
0x277,631,FLAG_HIDE_NATIONAL_BUGSY,SCRIPT/EVENT,EM_USO,0,6,7,NationalPark_Normal;SSAqua_1F;ViridianForest,GLOBAL(codigo),
0x278,632,FLAG_HIDE_DOJO_BUGSY,SCRIPT/EVENT,EM_USO,0,3,4,SSAqua_1F;SaffronCity_FightingDojoVIP;ViridianForest,GLOBAL(codigo),
0x279,633,FLAG_HIDE_DEPTSTORE_WHITNEY,SCRIPT/EVENT,EM_USO,0,7,6,GoldenrodCity_DepartmentStore_6F;SSAqua_1F,GLOBAL(codigo),
0x27A,634,FLAG_HIDE_DOJO_WHITNEY,SCRIPT/EVENT,EM_USO,0,4,5,GoldenrodCity_DepartmentStore_6F;SSAqua_1F;SaffronCity_FightingDojoVIP,GLOBAL(codigo),
0x27B,635,FLAG_HIDE_BELLCHIME_MORTY,SCRIPT/EVENT,EM_USO,0,7,6,BellchimeTrail;SSAqua_1F,GLOBAL(codigo),
0x27C,636,FLAG_HIDE_DOJO_MORTY,SCRIPT/EVENT,EM_USO,0,4,5,BellchimeTrail;SSAqua_1F;SaffronCity_FightingDojoVIP,GLOBAL(codigo),
0x27D,637,FLAG_HIDE_DOJO_CHUCK,SCRIPT/EVENT,EM_USO,1,3,4,CianwoodGym;SSAqua_1F;SaffronCity_FightingDojoVIP,GLOBAL(codigo),
0x27E,638,FLAG_HIDE_CAFE_JASMINE,SCRIPT/EVENT,EM_USO,0,7,6,OlivineCity_Cafe;SSAqua_1F,GLOBAL(codigo),
0x27F,639,FLAG_HIDE_DOJO_JASMINE,SCRIPT/EVENT,EM_USO,0,4,5,OlivineCity_Cafe;SSAqua_1F;SaffronCity_FightingDojoVIP,GLOBAL(codigo),
0x280,640,FLAG_HIDE_LAKE_PRYCE,SCRIPT/EVENT,EM_USO,0,7,6,LakeOfRage;SSAqua_1F,GLOBAL(codigo),
0x281,641,FLAG_HIDE_DOJO_PRYCE,SCRIPT/EVENT,EM_USO,0,4,5,LakeOfRage;SSAqua_1F;SaffronCity_FightingDojoVIP,GLOBAL(codigo),
0x282,642,FLAG_HIDE_DEN_CLAIR,SCRIPT/EVENT,EM_USO,0,7,8,DragonsDen_Cavern;SSAqua_1F,GLOBAL(codigo),
0x283,643,FLAG_HIDE_DOJO_CLAIR,SCRIPT/EVENT,EM_USO,0,4,5,DragonsDen_Cavern;SSAqua_1F;SaffronCity_FightingDojoVIP,GLOBAL(codigo),
0x284,644,FLAG_HIDE_DIGLETT_BROCK,SCRIPT/EVENT,EM_USO,0,3,4,DiglettsCave_EntranceNorth;PokemonLeague_HallOfFame,GLOBAL(codigo),
0x285,645,FLAG_HIDE_DOJO_BROCK,SCRIPT/EVENT,EM_USO,0,3,4,DiglettsCave_EntranceNorth;SSAqua_1F;SaffronCity_FightingDojoVIP,GLOBAL(codigo),
0x286,646,FLAG_HIDE_CAPE_MISTY,SCRIPT/EVENT,EM_USO,0,3,4,PokemonLeague_HallOfFame;Route25,GLOBAL(codigo),
0x287,647,FLAG_HIDE_DOJO_MISTY,SCRIPT/EVENT,EM_USO,0,3,4,Route25;SSAqua_1F;SaffronCity_FightingDojoVIP,GLOBAL(codigo),
0x288,648,FLAG_HIDE_PLANT_SURGE,SCRIPT/EVENT,EM_USO,0,3,4,PokemonLeague_HallOfFame;Route10,GLOBAL(codigo),
0x289,649,FLAG_HIDE_DOJO_SURGE,SCRIPT/EVENT,EM_USO,0,3,4,Route10;SSAqua_1F;SaffronCity_FightingDojoVIP,GLOBAL(codigo),
0x28A,650,FLAG_HIDE_FOUNTAIN_ERIKA,SCRIPT/EVENT,EM_USO,0,3,4,CeladonCity;PokemonLeague_HallOfFame,GLOBAL(codigo),
0x28B,651,FLAG_HIDE_ROUTE22_JANINE,SCRIPT/EVENT,SO_ESCRITA,0,3,3,PokemonLeague_HallOfFame;ReceptionGate,GLOBAL(codigo),
0x28C,652,FLAG_HIDE_DOJO_JANINE,SCRIPT/EVENT,EM_USO,0,3,4,ReceptionGate;SSAqua_1F;SaffronCity_FightingDojoVIP,GLOBAL(codigo),
0x28D,653,FLAG_HIDE_OLIVINE_SABRINA,SCRIPT/EVENT,EM_USO,0,4,5,OlivineCity_PortOutside;PokemonLeague_HallOfFame,GLOBAL(codigo),
0x28E,654,FLAG_HIDE_DOJO_SABRINA,SCRIPT/EVENT,EM_USO,0,4,5,OlivineCity_PortOutside;SSAqua_1F;SaffronCity_FightingDojoVIP,GLOBAL(codigo),
0x28F,655,FLAG_HIDE_CINNABAR_BLAINE,SCRIPT/EVENT,EM_USO,0,3,4,CinnabarIsland;PokemonLeague_HallOfFame,GLOBAL(codigo),
0x290,656,FLAG_HIDE_DOJO_BLAINE,SCRIPT/EVENT,EM_USO,0,3,4,CinnabarIsland;SSAqua_1F;SaffronCity_FightingDojoVIP,GLOBAL(codigo),
0x291,657,FLAG_HIDE_DOJO_BLUE,SCRIPT/EVENT,EM_USO,1,3,4,SSAqua_1F;SaffronCity_FightingDojoVIP;ViridianCity_Gym,GLOBAL(codigo),
0x292,658,FLAG_HIDE_DOJO_ERIKA,SCRIPT/EVENT,EM_USO,0,3,4,CeladonCity;SSAqua_1F;SaffronCity_FightingDojoVIP,GLOBAL(codigo),
0x293,659,FLAG_SET_SHINY,SCRIPT/EVENT,EM_USO,0,4,3,LakeOfRage,GLOBAL(codigo),shiny flag/ red Gyarados
0x294,660,FLAG_VISITED_ROUTE10,SCRIPT/EVENT,EM_USO,1,1,1,Route10,MAPA_UNICO:Route10,
0x295,661,FLAG_MET_STEVEN,SCRIPT/EVENT,EM_USO,2,2,3,Kitakami_Houses,MAPA_UNICO:Kitakami_Houses,Kitakami flags
0x296,662,FLAG_EXP_SHARE_OPTION,SCRIPT/EVENT,EM_USO,0,2,3,Gate_Route31_VioletCity,GLOBAL(codigo),exp. share
0x297,663,FLAG_WONDERTRADE1,SCRIPT/EVENT,EM_USO,3,2,1,BattleFrontier_ExchangeServiceCorner,MAPA_UNICO:BattleFrontier_ExchangeServiceCorner,Unused Flag
0x298,664,FLAG_WONDERTRADE2,SCRIPT/EVENT,EM_USO,3,2,1,BattleFrontier_ExchangeServiceCorner,MAPA_UNICO:BattleFrontier_ExchangeServiceCorner,Unused Flag
0x299,665,FLAG_WONDERTRADE3,SCRIPT/EVENT,EM_USO,5,2,1,BattleFrontier_ExchangeServiceCorner,MAPA_UNICO:BattleFrontier_ExchangeServiceCorner,Unused Flag
0x29A,666,FLAG_VISITED_BATTLE_FRONTIER,SCRIPT/EVENT,SO_MAPAS_FORA_DA_ROM,0,1,1,,,Unused Flag
0x29B,667,FLAG_FRONTIER_SECOND_CLERK,SCRIPT/EVENT,EM_USO,0,2,2,BattleFrontier_Mart,MAPA_UNICO:BattleFrontier_Mart,Unused Flag
0x29C,668,FLAG_ALLOW_SOUTH_JOHTO_PASS,SCRIPT/EVENT,SO_ESCRITA,0,2,2,NewBarkTown_Lab,MAPA_UNICO:NewBarkTown_Lab,
0x29D,669,FLAG_SYS_BUG_CONTEST_MODE,SCRIPT/EVENT,EM_USO,4,2,2,,GLOBAL(codigo),
0x29E,670,FLAG_AERODACTYLITE,SCRIPT/EVENT,EM_USO,0,0,1,RuinsOfAlph_WordsRoom2,MAPA_UNICO:RuinsOfAlph_WordsRoom2,
0x29F,671,FLAG_LEVEL_SCALING_ON,SCRIPT/EVENT,SO_ESCRITA,0,2,2,Route36,MAPA_UNICO:Route36,
0x2A0,672,FLAG_NAMED_SILVER,SCRIPT/EVENT,EM_USO,1,2,3,NewBarkTown_Lab,GLOBAL(codigo),Unused Flag
0x2A1,673,FLAG_SLOWPOKE_TRADE,SCRIPT/EVENT,EM_USO,2,2,2,AzaleaTown_House2,MAPA_UNICO:AzaleaTown_House2,
0x2A2,674,FLAG_ROUTE31_EXPERT,SCRIPT/EVENT,EM_USO,2,3,6,Route31,GLOBAL(codigo),Flag for defeating Route 31 expert
0x2A3,675,FLAG_VISITED_KITAKAMI,SCRIPT/EVENT,EM_USO,1,3,5,Kitakami,GLOBAL(codigo),
0x2A4,676,FLAG_DEXNAV_SEARCHING,SCRIPT/EVENT,EM_USO,1,0,2,,GLOBAL(codigo),
0x2A5,677,FLAG_DEXNAV_OBTAINED,SCRIPT/EVENT,EM_USO,0,2,3,Route30_MrPokemonsHouse,GLOBAL(codigo),
0x2A6,678,FLAG_DN_HIDDEN_MODE,SCRIPT/EVENT,EM_USO,0,0,1,,GLOBAL(codigo),
0x2A7,679,FLAG_GOLDENRODSHORE_EXPERT,SCRIPT/EVENT,EM_USO,2,3,6,GoldenrodShore,GLOBAL(codigo),
0x2A8,680,FLAG_R39_NORTH_TRADE,SCRIPT/EVENT,EM_USO,2,2,2,Gate_Route39North,MAPA_UNICO:Gate_Route39North,
0x2AA,682,FLAG_COLLISION,SCRIPT/EVENT,EM_USO,0,0,1,,GLOBAL(codigo),Debug
0x2AB,683,FLAG_HIDE_RADIOTOWER_OAK,SCRIPT/EVENT,EM_USO,0,2,3,GoldenrodCity;GoldenrodCity_RadioTower_5F,MULTI_MAPA(2),
0x2AC,684,FLAG_ICEPATH_DEPTHS_FROSLASSITE,SCRIPT/EVENT,EM_USO,0,0,2,IcePath_Depths,GLOBAL(codigo),
0x2AD,685,FLAG_ICEPATH_DEPTHS_BOOTS,SCRIPT/EVENT,EM_USO,0,0,1,IcePath_Depths,MAPA_UNICO:IcePath_Depths,
0x2AE,686,FLAG_HIDE_CHIENPAO,SCRIPT/EVENT,EM_USO,0,3,4,IcePath_Depths2;PokemonLeague_HallOfFame,MULTI_MAPA(2),
0x2AF,687,FLAG_LEGENDARY_STORY_CAP,SCRIPT/EVENT,EM_USO,2,4,5,PokemonLeague_HallOfFame;ReceptionGate;TinTower_RoofDay;WhirlIslands_LugiaChamber,GLOBAL(codigo),Cap until legendary event (ho oh/lugia) has been seen but before player heads to e4
0x2B0,688,FLAG_CHOICE_SCARF_ITEM_R26,SCRIPT/EVENT,EM_USO,0,0,1,Route26North,MAPA_UNICO:Route26North,
0x2B1,689,FLAG_GOLDENRODSHORE_ABILITYCAPSULE,SCRIPT/EVENT,EM_USO,0,0,1,GoldenrodShore,MAPA_UNICO:GoldenrodShore,
0x2B2,690,FLAG_ABILITY_PATCH_R27,SCRIPT/EVENT,EM_USO,0,0,1,Route27,MAPA_UNICO:Route27,
0x2B3,691,FLAG_HIDE_MANAPHY,SCRIPT/EVENT,SO_ESCRITA,0,1,1,PokemonLeague_HallOfFame,MAPA_UNICO:PokemonLeague_HallOfFame,
0x2B4,692,FLAG_HIDE_SHAYMIN,SCRIPT/EVENT,EM_USO,0,3,4,DreamGarden;PokemonLeague_HallOfFame,MULTI_MAPA(2),
0x2B5,693,FLAG_HIDE_VICITNI,SCRIPT/EVENT,NUNCA_REFERENCIADA,0,0,0,,,
0x2B6,694,FLAG_HIDE_CHI_YU,SCRIPT/EVENT,SO_ESCRITA,0,1,1,PokemonLeague_HallOfFame,MAPA_UNICO:PokemonLeague_HallOfFame,
0x2B7,695,FLAG_HIDE_MELOETTA,SCRIPT/EVENT,EM_USO,0,4,2,EcruteakCity_Theater,MAPA_UNICO:EcruteakCity_Theater,
0x2B8,696,FLAG_HIDE_DIANCIE,SCRIPT/EVENT,SO_ESCRITA,0,1,1,PokemonLeague_HallOfFame,MAPA_UNICO:PokemonLeague_HallOfFame,
0x2B9,697,FLAG_HIDE_OGERPON,SCRIPT/EVENT,EM_USO,0,3,4,KitakamiMountainEnclave;PokemonLeague_HallOfFame,MULTI_MAPA(2),
0x2BA,698,FLAG_HIDE_MAGEARNA,SCRIPT/EVENT,EM_USO,0,3,4,GoldenrodApartment;PokemonLeague_HallOfFame,MULTI_MAPA(2),
0x2BB,699,FLAG_HIDE_FEZANDIPITI,SCRIPT/EVENT,EM_USO,0,3,4,KitakamiWell_B1F;PokemonLeague_HallOfFame,MULTI_MAPA(2),
0x2BC,700,FLAG_HIDE_ROUTE_101_BIRCH_STARTERS_BAG,SCRIPT/EVENT,NUNCA_REFERENCIADA,0,0,0,,,
0x2BD,701,FLAG_HIDE_APPRENTICE,SCRIPT/EVENT,EM_USO,0,5,4,BattleFrontier_BattleTowerLobby,GLOBAL(codigo),
0x2BE,702,FLAG_HIDE_POKEMON_CENTER_2F_MYSTERY_GIFT_MAN,SCRIPT/EVENT,EM_USO,0,2,18,,GLOBAL(codigo),
0x2BF,703,FLAG_HIDE_UNION_ROOM_PLAYER_1,SCRIPT/EVENT,EM_USO,1,3,3,,GLOBAL(codigo),
0x2C0,704,FLAG_HIDE_UNION_ROOM_PLAYER_2,SCRIPT/EVENT,EM_USO,0,1,3,,GLOBAL(codigo),
0x2C1,705,FLAG_HIDE_UNION_ROOM_PLAYER_3,SCRIPT/EVENT,EM_USO,0,1,3,,GLOBAL(codigo),
0x2C2,706,FLAG_HIDE_UNION_ROOM_PLAYER_4,SCRIPT/EVENT,EM_USO,0,1,3,,GLOBAL(codigo),
0x2C3,707,FLAG_HIDE_UNION_ROOM_PLAYER_5,SCRIPT/EVENT,EM_USO,0,1,3,,GLOBAL(codigo),
0x2C4,708,FLAG_HIDE_UNION_ROOM_PLAYER_6,SCRIPT/EVENT,EM_USO,0,1,3,,GLOBAL(codigo),
0x2C5,709,FLAG_HIDE_UNION_ROOM_PLAYER_7,SCRIPT/EVENT,EM_USO,0,1,3,,GLOBAL(codigo),
0x2C6,710,FLAG_HIDE_UNION_ROOM_PLAYER_8,SCRIPT/EVENT,EM_USO,0,1,3,,GLOBAL(codigo),
0x2C7,711,FLAG_HIDE_BATTLE_TOWER_MULTI_BATTLE_PARTNER_1,SCRIPT/EVENT,EM_USO,0,1,2,BattleFrontier_BattleTowerMultiPartnerRoom,MAPA_UNICO:BattleFrontier_BattleTowerMultiPartnerRoom,
0x2C8,712,FLAG_HIDE_BATTLE_TOWER_MULTI_BATTLE_PARTNER_2,SCRIPT/EVENT,EM_USO,0,1,2,BattleFrontier_BattleTowerMultiPartnerRoom,MAPA_UNICO:BattleFrontier_BattleTowerMultiPartnerRoom,
0x2C9,713,FLAG_HIDE_BATTLE_TOWER_MULTI_BATTLE_PARTNER_3,SCRIPT/EVENT,EM_USO,0,1,2,BattleFrontier_BattleTowerMultiPartnerRoom,MAPA_UNICO:BattleFrontier_BattleTowerMultiPartnerRoom,
0x2CA,714,FLAG_HIDE_BATTLE_TOWER_MULTI_BATTLE_PARTNER_4,SCRIPT/EVENT,EM_USO,0,1,2,BattleFrontier_BattleTowerMultiPartnerRoom,MAPA_UNICO:BattleFrontier_BattleTowerMultiPartnerRoom,
0x2CB,715,FLAG_HIDE_BATTLE_TOWER_MULTI_BATTLE_PARTNER_5,SCRIPT/EVENT,EM_USO,0,1,2,BattleFrontier_BattleTowerMultiPartnerRoom,MAPA_UNICO:BattleFrontier_BattleTowerMultiPartnerRoom,
0x2CC,716,FLAG_HIDE_BATTLE_TOWER_MULTI_BATTLE_PARTNER_6,SCRIPT/EVENT,EM_USO,0,1,2,BattleFrontier_BattleTowerMultiPartnerRoom,MAPA_UNICO:BattleFrontier_BattleTowerMultiPartnerRoom,
0x2CD,717,FLAG_HIDE_SAFARI_ZONE_SOUTH_CONSTRUCTION_WORKERS,SCRIPT/EVENT,SO_MAPAS_FORA_DA_ROM,0,0,1,,,
0x2CE,718,FLAG_HIDE_MEW,SCRIPT/EVENT,EM_USO,2,7,11,FarawayIslandDepths;FarawayIsland_Interior;PokemonLeague_HallOfFame,GLOBAL(codigo),
0x2CF,719,FLAG_HIDE_ROUTE_104_RIVAL,SCRIPT/EVENT,SO_MAPAS_FORA_DA_ROM,0,2,2,,,
0x2D0,720,FLAG_HIDE_ROUTE_101_BIRCH_ZIGZAGOON_BATTLE,SCRIPT/EVENT,NUNCA_REFERENCIADA,0,0,0,,,
0x2D1,721,FLAG_HIDE_LITTLEROOT_TOWN_BIRCHS_LAB_BIRCH,SCRIPT/EVENT,NUNCA_REFERENCIADA,0,0,0,,,
0x2D2,722,FLAG_HIDE_LITTLEROOT_TOWN_MAYS_HOUSE_RIVAL_BEDROOM,SCRIPT/EVENT,EM_USO,0,4,5,LittlerootTown_MaysHouse_1F;LittlerootTown_MaysHouse_2F,MULTI_MAPA(2),
0x2D3,723,FLAG_HIDE_ROUTE_103_RIVAL,SCRIPT/EVENT,NUNCA_REFERENCIADA,0,0,0,,,
0x2D4,724,FLAG_HIDE_PETALBURG_WOODS_DEVON_EMPLOYEE,SCRIPT/EVENT,SO_MAPAS_FORA_DA_ROM,0,0,1,,,
0x2D5,725,FLAG_HIDE_PETALBURG_WOODS_AQUA_GRUNT,SCRIPT/EVENT,SO_MAPAS_FORA_DA_ROM,0,0,1,,,
0x2D6,726,FLAG_HIDE_PETALBURG_CITY_WALLY,SCRIPT/EVENT,SO_MAPAS_FORA_DA_ROM,0,2,2,,,
0x2D7,727,FLAG_HIDE_MOSSDEEP_CITY_STEVENS_HOUSE_INVISIBLE_NINJA_BOY,SCRIPT/EVENT,SO_MAPAS_FORA_DA_ROM,0,0,1,,,
0x2D8,728,FLAG_HIDE_KITAKAMI_OGERPON,SCRIPT/EVENT,EM_USO,0,2,3,Kitakami,MAPA_UNICO:Kitakami,
0x2D9,729,FLAG_HIDE_DARKTITE,SCRIPT/EVENT,EM_USO,0,0,2,RocketHideout_B3F,GLOBAL(codigo),
0x2DA,730,FLAG_GOT_SILK_SCARF,SCRIPT/EVENT,EM_USO,2,3,3,Route29,GLOBAL(codigo),HnS NormalFlags Block 2
0x2DB,731,FLAG_GOT_MYSTICWATER,SCRIPT/EVENT,EM_USO,2,3,3,CherrygroveCity,GLOBAL(codigo),
0x2DC,732,FLAG_GOT_BERRY_ROUTE_30_HOUSE,SCRIPT/EVENT,EM_USO,1,1,1,Route30_House,MAPA_UNICO:Route30_House,
0x2DD,733,FLAG_HIDE_VIOLET_CITY_EARL,SCRIPT/EVENT,EM_USO,0,2,3,VioletCity,MAPA_UNICO:VioletCity,
0x2DE,734,FLAG_HIDE_TRAINER_SCHOOL_EARL,SCRIPT/EVENT,EM_USO,0,4,3,VioletCity;VioletCity_TrainerSchool,MULTI_MAPA(2),
0x2DF,735,FLAG_VIOLET_NPC_TRADE_COMPLETED,SCRIPT/EVENT,EM_USO,2,4,4,VioletCity;VioletCity_House1,MULTI_MAPA(2),
0x2E0,736,FLAG_HOOH_BROUGHT,SCRIPT/EVENT,EM_USO,3,3,3,RuinsOfAlph_PuzzleAndRewardChambers;VioletCity,MULTI_MAPA(2),
0x2E1,737,FLAG_AERODACTYL_BROUGHT,SCRIPT/EVENT,EM_USO,4,3,4,RuinsOfAlph_PuzzleAndRewardChambers;VioletCity,GLOBAL(codigo),
0x2E2,738,FLAG_KABUTO_BROUGHT,SCRIPT/EVENT,EM_USO,5,3,4,RuinsOfAlph_PuzzleAndRewardChambers;VioletCity,GLOBAL(codigo),
0x2E3,739,FLAG_OMANYTE_BROUGHT,SCRIPT/EVENT,EM_USO,4,3,4,RuinsOfAlph_PuzzleAndRewardChambers;VioletCity,GLOBAL(codigo),
0x2E4,740,FLAG_GOT_HARD_STONE,SCRIPT/EVENT,EM_USO,2,4,4,Route36;VioletCity,MULTI_MAPA(2),
0x2E5,741,FLAG_GOT_POISON_BARB,SCRIPT/EVENT,EM_USO,2,4,4,Route32;VioletCity,MULTI_MAPA(2),
0x2E6,742,FLAG_HIDE_SUDOWOODO,SCRIPT/EVENT,EM_USO,10,5,10,Gate_GoldenrodCity_Route35;GoldenrodCity_FlowerShop;PokemonLeague_HallOfFame;Route36,MULTI_MAPA(5),
0x2E7,743,FLAG_HIDE_UNION_CAVE_LAPRAS,SCRIPT/EVENT,EM_USO,0,4,5,PokemonLeague_HallOfFame;UnionCave_B2F;VioletCity,MULTI_MAPA(3),
0x2E8,744,FLAG_GOT_CHARCOAL,SCRIPT/EVENT,EM_USO,1,3,3,AzaleaTown;AzaleaTown_House1,MULTI_MAPA(2),
0x2E9,745,FLAG_HIDE_CELEBI,SCRIPT/EVENT,EM_USO,0,6,5,AzaleaTown;IlexForest,MULTI_MAPA(2),
0x2EA,746,FLAG_HIDE_ILEX_FOREST_KURT,SCRIPT/EVENT,SO_ESCRITA,0,6,4,AzaleaTown;IlexForest,MULTI_MAPA(2),
0x2EB,747,FLAG_MOVE_TUTOR_TAUGHT_HEADBUTT,SCRIPT/EVENT,SO_ESCRITA,0,2,2,AzaleaTown,MAPA_UNICO:AzaleaTown,
0x2EC,748,FLAG_GOLDENROD_CITY_AIDE_VISITED,SCRIPT/EVENT,NUNCA_REFERENCIADA,0,0,0,,,
0x2ED,749,FLAG_SHOWN_ELM_COSMOG,SCRIPT/EVENT,EM_USO,6,3,5,GoldenrodCity;NewBarkTown_Lab,GLOBAL(codigo),Formerly FLAG_SHOWN_ELM_TOGEPI; ID preserved for existing saves
0x2EE,750,FLAG_HIDE_AZALEA_ARIADOS_LEFT,SCRIPT/EVENT,EM_USO,0,20,5,AzaleaTown;AzaleaTown_Gym,MULTI_MAPA(2),
0x2EF,751,FLAG_HIDE_AZALEA_ARIADOS_MID,SCRIPT/EVENT,EM_USO,0,20,5,AzaleaTown;AzaleaTown_Gym,MULTI_MAPA(2),
0x2F0,752,FLAG_HIDE_AZALEA_ARIADOS_RIGHT,SCRIPT/EVENT,EM_USO,0,20,5,AzaleaTown;AzaleaTown_Gym,MULTI_MAPA(2),
0x2F1,753,FLAG_GOT_RETURN,SCRIPT/EVENT,EM_USO,2,4,4,GoldenrodCity;GoldenrodCity_DepartmentStore_5F,MULTI_MAPA(2),
0x2F2,754,FLAG_GOT_FRUSTRATION,SCRIPT/EVENT,EM_USO,2,4,4,Gate_Route40_TrainerHill_Courtyard;GoldenrodCity,MULTI_MAPA(2),
0x2F3,755,FLAG_HIDE_GOLDENROD_BILL,SCRIPT/EVENT,EM_USO,0,3,4,EcruteakCity_PokemonCenter;GoldenrodCity;GoldenrodCity_BillsHouse,MULTI_MAPA(3),
0x2F4,756,FLAG_GOT_BILL_GIFTMON,SCRIPT/EVENT,EM_USO,2,6,5,GoldenrodCity;GoldenrodCity_BillsHouse,MULTI_MAPA(2),
0x2F5,757,FLAG_FIXED_TRAIN,SCRIPT/EVENT,NUNCA_REFERENCIADA,0,0,0,,,unused
0x2F6,758,FLAG_GOLDENROD_MACHOKE_1,SCRIPT/EVENT,EM_USO,2,3,3,GoldenrodCity;GoldenrodCity_DepartmentStoreBasement,MULTI_MAPA(2),
0x2F7,759,FLAG_GOLDENROD_MACHOKE_2,SCRIPT/EVENT,EM_USO,2,3,3,GoldenrodCity;GoldenrodCity_DepartmentStoreBasement,MULTI_MAPA(2),
0x2F8,760,FLAG_GOLDENROD_MACHOKE_3,SCRIPT/EVENT,EM_USO,2,3,3,GoldenrodCity;GoldenrodCity_DepartmentStoreBasement,MULTI_MAPA(2),
0x2F9,761,FLAG_GOLDENROD_NPC_TRADE_COMPLETED,SCRIPT/EVENT,EM_USO,2,4,4,GoldenrodCity;GoldenrodCity_DepartmentStore_6F,MULTI_MAPA(2),Honedge trade
0x2FA,762,FLAG_GOT_SKILL_SWAP,SCRIPT/EVENT,EM_USO,1,3,3,GoldenrodCity;GoldenrodCity_RadioTower_3F,MULTI_MAPA(2),
0x2FB,763,FLAG_HIDE_DEOXYS,SCRIPT/EVENT,EM_USO,0,2,3,,GLOBAL(codigo),
0x2FC,764,FLAG_HIDE_BIRTH_ISLAND_DEOXYS_TRIANGLE,SCRIPT/EVENT,SO_MAPAS_FORA_DA_ROM,0,2,2,,,
0x2FD,765,FLAG_GOT_MARY_BRIGHT_POWDER,SCRIPT/EVENT,EM_USO,2,4,4,GoldenrodCity;GoldenrodCity_RadioTower_4F,MULTI_MAPA(2),
0x2FE,766,FLAG_HIDE_BUG_CONTEST_BUGS,SCRIPT/EVENT,NUNCA_REFERENCIADA,0,0,0,,,
0x2FF,767,FLAG_HIDE_BUG_CONTEST_ATTENDANT_SIDE,SCRIPT/EVENT,EM_USO,0,5,3,Gate_NationalPark;NationalPark_BugContest,MULTI_MAPA(2),
0x300,768,FLAG_GOT_QUICK_CLAW,SCRIPT/EVENT,EM_USO,2,4,4,GoldenrodCity;NationalPark_Normal,MULTI_MAPA(2),
0x301,769,FLAG_GOT_MAGNET,SCRIPT/EVENT,EM_USO,2,4,4,GoldenrodCity;Route37,MULTI_MAPA(2),
0x302,770,FLAG_GOT_TM_SNATCH,SCRIPT/EVENT,EM_USO,1,3,3,EcruteakCity;Route39_FarmHouse,MULTI_MAPA(2),
0x303,771,FLAG_HIDE_BATTLEFRONTIER_ENGINEER,SCRIPT/EVENT,EM_USO,0,4,4,OlivineCity;PokemonLeague_HallOfFame;Route40,MULTI_MAPA(3),
0x304,772,FLAG_GOT_SHARP_BEAK,SCRIPT/EVENT,EM_USO,2,2,2,Route40,MAPA_UNICO:Route40,
0x305,773,FLAG_HIDE_WHIRL_ISLANDS_TENTACRUEL,SCRIPT/EVENT,EM_USO,0,9,10,EcruteakCity;EcruteakCity_Theater;GoldenrodCity_RadioTower_5F;OlivineCity,MULTI_MAPA(7),
0x306,774,FLAG_ENABLE_BAOBA_MATCH_CALL,SCRIPT/EVENT,EM_USO,0,5,6,EcruteakCity;Route39,GLOBAL(codigo),
0x307,775,FLAG_SAFARI_ZONE_WEST_EXPANSION,SCRIPT/EVENT,EM_USO,0,4,6,Route27;SafariZoneGate;SafariZone_Low_Mid;SafariZone_Top_Mid,MULTI_MAPA(4),
0x308,776,FLAG_SAFARI_ZONE_EAST_EXPANSION,SCRIPT/EVENT,EM_USO,0,3,5,SafariZoneGate;SafariZone_Low_Mid;SafariZone_Top_Mid;SaffronCity,MULTI_MAPA(4),
0x309,777,FLAG_HIDE_LAKE_OF_RAGE_GYARADOS,SCRIPT/EVENT,EM_USO,1,5,6,LakeOfRage;Mahoganytown,GLOBAL(codigo),
0x30A,778,FLAG_HIDE_LAKE_OF_RAGE_LANCE,SCRIPT/EVENT,EM_USO,0,5,4,LakeOfRage;Mahoganytown,MULTI_MAPA(2),
0x30B,779,FLAG_HIDE_MAHOGANY_TOWN_FATMAN,SCRIPT/EVENT,EM_USO,0,2,4,Mahoganytown;RocketHideout_B2F,MULTI_MAPA(2),
0x30C,780,FLAG_HIDE_MAHOGANY_TOWN_SHOP_NPCS,SCRIPT/EVENT,EM_USO,0,4,5,LakeOfRage;MahoganyTown_Shop;Mahoganytown,MULTI_MAPA(3),
0x30D,781,FLAG_HIDE_MAHOGANY_COP,SCRIPT/EVENT,EM_USO,0,2,3,Gate_Route43;Mahoganytown;RocketHideout_B2F,MULTI_MAPA(3),
0x30E,782,FLAG_HIDE_MAHOGANY_ROCKETS,SCRIPT/EVENT,EM_USO,0,2,7,Gate_Route43;Mahoganytown;RocketHideout;RocketHideout_B1F,MULTI_MAPA(6),
0x30F,783,FLAG_GOT_TM_FROM_MAHOGANY_COP,SCRIPT/EVENT,EM_USO,1,2,2,Gate_Route43;Mahoganytown,MULTI_MAPA(2),
0x310,784,FLAG_GOT_BLACK_BELT,SCRIPT/EVENT,EM_USO,2,3,3,LakeOfRage;Mahoganytown,MULTI_MAPA(2),
0x311,785,FLAG_GOT_HIDDEN_POWER,SCRIPT/EVENT,EM_USO,2,3,3,LakeOfRage_House1;Mahoganytown,MULTI_MAPA(2),
0x312,786,FLAG_GOT_SPELL_TAG,SCRIPT/EVENT,EM_USO,1,2,2,BlackthornCity;Mahoganytown,MULTI_MAPA(2),
0x313,787,FLAG_HIDE_DRAGONS_DEN_CAVERN_SILVER,SCRIPT/EVENT,EM_USO,0,1,2,DragonsDen_Cavern;Mahoganytown,MULTI_MAPA(2),
0x314,788,FLAG_HIDE_DRAGONS_DEN_CAVERN_CLAIR,SCRIPT/EVENT,EM_USO,0,4,5,DragonsDen_Cavern;DragonsDen_Shrine;Mahoganytown,MULTI_MAPA(3),unused
0x315,789,FLAG_HIDE_DRAGONS_DEN_CAVERN_LANCE,SCRIPT/EVENT,EM_USO,0,1,2,DragonsDen_Cavern;Mahoganytown,MULTI_MAPA(2),
0x316,790,FLAG_HIDE_DRAGONS_DEN_SHRINE_CLAIR,SCRIPT/EVENT,EM_USO,0,3,3,DragonsDen_Shrine;Mahoganytown,MULTI_MAPA(2),
0x317,791,FLAG_GOT_DRATINI,SCRIPT/EVENT,EM_USO,2,5,5,DragonsDen_Cavern;DragonsDen_Shrine;Mahoganytown,MULTI_MAPA(3),
0x318,792,FLAG_GOT_BLACK_GLASSES,SCRIPT/EVENT,EM_USO,2,4,4,DarkCave_NorthSide;VioletCity,MULTI_MAPA(2),
0x319,793,FLAG_GOT_TM_SANDSTORM,SCRIPT/EVENT,EM_USO,1,1,1,Route27_House,MAPA_UNICO:Route27_House,
0x31A,794,FLAG_INDIGOJUNCTION_HIDE_KANTO_GUARD,SCRIPT/EVENT,SO_ESCRITA,0,1,1,VermilionCity,MAPA_UNICO:VermilionCity,
0x31B,795,FLAG_INDIGOJUNCTION_HIDE_SILVER_GUARD,SCRIPT/EVENT,SO_ESCRITA,0,1,1,PalletTown_Lab,MAPA_UNICO:PalletTown_Lab,
0x31C,796,FLAG_HIDE_VERMILION_EUSINE_SUICUNE,SCRIPT/EVENT,EM_USO,0,3,2,VermilionCity,MAPA_UNICO:VermilionCity,HnS NormalFlags Block 3
0x31D,797,FLAG_GOT_VERMILION_HP_UP,SCRIPT/EVENT,EM_USO,1,2,2,SSAqua_1F;VermilionCity,MULTI_MAPA(2),
0x31E,798,FLAG_KURT_CRAFTED_MASTER_BALL,SCRIPT/EVENT,EM_USO,1,2,3,AzaleaTown_KurtsHouse,GLOBAL(codigo),
0x31F,799,FLAG_HIDE_VERMILION_SNORLAX,SCRIPT/EVENT,EM_USO,1,3,5,PokemonLeague_HallOfFame;SSAqua_1F;VermilionCity;VermilionCity_PokemonCenter,MULTI_MAPA(4),
0x320,800,FLAG_HIDE_LUGIA,SCRIPT/EVENT,EM_USO,1,19,7,EcruteakCity;PokemonLeague_HallOfFame;WhirlIslands_LugiaChamber,MULTI_MAPA(3),
0x321,801,FLAG_HIDE_HO_OH,SCRIPT/EVENT,EM_USO,0,13,8,EcruteakCity;PokemonLeague_HallOfFame;TinTower_RoofDay;TinTower_RoofNight,MULTI_MAPA(4),
0x322,802,FLAG_HIDE_FAN_CLUB_CLEFAIRY_DOLL,SCRIPT/EVENT,EM_USO,0,2,3,SSAqua_1F;VermilionCity_FanClub,MULTI_MAPA(2),
0x323,803,FLAG_FOUND_BOTH_VERMILION_GYM_SWITCHES,SCRIPT/EVENT,EM_USO,3,2,2,SSAqua_1F;VermilionCity_Gym,MULTI_MAPA(2),
0x324,804,FLAG_RETURNED_MACHINE_PART,SCRIPT/EVENT,EM_USO,15,5,18,CeruleanCity;Gate_SaffronCity_Route7;GoldenrodCity;GoldenrodCity_TrainStation,GLOBAL(codigo),
0x325,805,FLAG_HIDE_COPYCAT_CLEFAIRY_DOLL,SCRIPT/EVENT,EM_USO,0,2,3,SSAqua_1F;SaffronCity_CopyCatsHouse_2F,MULTI_MAPA(2),
0x326,806,FLAG_HIDE_VERDANTURF_TOWN_WANDAS_HOUSE_WALLY,SCRIPT/EVENT,EM_USO,0,2,3,MauvilleCity,MAPA_UNICO:MauvilleCity,
0x327,807,FLAG_GOT_TM_PSYCHIC,SCRIPT/EVENT,EM_USO,1,2,2,SSAqua_1F;SaffronCity_House1,MULTI_MAPA(2),
0x328,808,FLAG_GOT_HOENN_STARTER,SCRIPT/EVENT,EM_USO,0,2,4,SSAqua_1F;SaffronCity_SilphCo,MULTI_MAPA(2),
0x329,809,FLAG_GOT_UP_GRADE,SCRIPT/EVENT,EM_USO,1,2,2,SSAqua_1F;SaffronCity_SilphCo,MULTI_MAPA(2),
0x32A,810,FLAG_GOT_CLEANSE_TAG,SCRIPT/EVENT,EM_USO,1,2,2,Route5_House;SSAqua_1F,MULTI_MAPA(2),
0x32B,811,FLAG_HIDE_CERULEAN_GYM_TRAINERS,SCRIPT/EVENT,EM_USO,0,2,3,CeruleanCity_Gym;Route25;SSAqua_1F,MULTI_MAPA(3),
0x32C,812,FLAG_HIDE_CERULEAN_GYM_ROCKET,SCRIPT/EVENT,EM_USO,0,3,4,CeruleanCity_Gym;Route10_PowerPlantEntrance;SSAqua_1F,MULTI_MAPA(3),
0x32D,813,FLAG_HIDE_CERULEAN_CAPE_ROCKET,SCRIPT/EVENT,EM_USO,0,3,4,CeruleanCity_Gym;Route24;SSAqua_1F,MULTI_MAPA(3),
0x32E,814,FLAG_HIDDEN_ITEM_MACHINE_PART,SCRIPT/EVENT,EM_USO,0,3,4,CeruleanCity_Gym;Route24;SSAqua_1F,MULTI_MAPA(3),
0x32F,815,FLAG_ROUTE25_GOT_NUGGET,SCRIPT/EVENT,EM_USO,1,2,2,Route25;SSAqua_1F,MULTI_MAPA(2),
0x330,816,FLAG_HIDE_ROUTE25_MISTY,SCRIPT/EVENT,EM_USO,0,3,4,Route10_PowerPlantBackRoom;Route25;SSAqua_1F,MULTI_MAPA(3),
0x331,817,FLAG_HIDE_ROUTE25_SUICUNE,SCRIPT/EVENT,EM_USO,0,4,5,CeruleanCity_Gym;PokemonLeague_HallOfFame;Route25;SSAqua_1F,MULTI_MAPA(4),
0x332,818,FLAG_HIDE_ROUTE25_EUSINE,SCRIPT/EVENT,EM_USO,0,3,3,Route25;SSAqua_1F,MULTI_MAPA(2),
0x333,819,FLAG_HIDE_POWER_PLANT_ENGINEER,SCRIPT/EVENT,EM_USO,0,2,3,Route10_PowerPlantBackRoom;SSAqua_1F,MULTI_MAPA(2),
0x334,820,FLAG_HIDE_CELADON_EUSINE,SCRIPT/EVENT,EM_USO,0,2,3,CeladonCity_PokemonCenter;Route25;SSAqua_1F,MULTI_MAPA(3),
0x335,821,FLAG_GOT_TM_REST,SCRIPT/EVENT,EM_USO,3,4,4,CeladonCity_Apartments_RoofHouse;RintoVillage;SSAqua_1F,MULTI_MAPA(3),
0x336,822,FLAG_GOT_SUPER_ROD,SCRIPT/EVENT,EM_USO,1,2,2,BlackthornCity;SSAqua_1F,MULTI_MAPA(2),
0x337,823,FLAG_HIDE_SEAFOAM_GYMGUY,SCRIPT/EVENT,EM_USO,0,2,3,SSAqua_1F;SeafoamIslands_Gym,MULTI_MAPA(2),
0x338,824,FLAG_HIDE_CINNABAR_BLUE,SCRIPT/EVENT,EM_USO,3,2,6,CinnabarIsland;PalletTown_House2;SSAqua_1F;ViridianCity,MULTI_MAPA(5),
0x339,825,FLAG_HIDE_VIRIDIAN_BLUE,SCRIPT/EVENT,EM_USO,0,2,3,CinnabarIsland;SSAqua_1F;ViridianCity_Gym,MULTI_MAPA(3),
0x33A,826,FLAG_HIDE_ROUTE14_EUSINE,SCRIPT/EVENT,EM_USO,0,3,3,Route14;SSAqua_1F,MULTI_MAPA(2),
0x33B,827,FLAG_HIDE_ROUTE14_SUICUNE,SCRIPT/EVENT,EM_USO,0,3,4,Route14;SSAqua_1F;VermilionCity,MULTI_MAPA(3),
0x33C,828,FLAG_IN_KANTO_SAFARI_ZONE,SCRIPT/EVENT,EM_USO,2,5,4,FuchsiaCity_SafariZoneEntrance;SSAqua_1F,GLOBAL(codigo),
0x33D,829,FLAG_IS_KANTO_CHAMPION,SCRIPT/EVENT,EM_USO,4,2,6,FuchsiaCity_SafariZoneEntrance;OlivineCity;SSAqua_1F;ViridianCity_Gym,GLOBAL(codigo),
0x33E,830,FLAG_HIDE_LEAGUE_BLACKBELT,SCRIPT/EVENT,EM_USO,0,4,5,IndigoPlateau_PokemonCenter;PokemonLeague_HallOfFame;SSAqua_1F;ViridianCity_Gym,GLOBAL(codigo),
0x33F,831,FLAG_GOT_ROUTE2_NUGGET,SCRIPT/EVENT,EM_USO,1,2,2,Route2_House;SSAqua_1F,MULTI_MAPA(2),
0x340,832,FLAG_GOT_VIRIDIAN_TM_SLUDGE_BOMB,SCRIPT/EVENT,EM_USO,1,2,2,SSAqua_1F;ViridianCity,MULTI_MAPA(2),
0x341,833,FLAG_GOT_ROUTE_14_AERIAL_ACE,SCRIPT/EVENT,EM_USO,1,2,2,Route14;SSAqua_1F,MULTI_MAPA(2),
0x342,834,FLAG_HIDE_PEWTER_ROOT_FOSSIL,SCRIPT/EVENT,EM_USO,1,2,3,PewterCity_Museum_1F;SSAqua_1F,MULTI_MAPA(2),
0x343,835,FLAG_HIDE_PEWTER_CLAW_FOSSIL,SCRIPT/EVENT,EM_USO,1,2,3,PewterCity_Museum_1F;SSAqua_1F,MULTI_MAPA(2),
0x344,836,FLAG_HIDE_MTMOON_SILVER,SCRIPT/EVENT,EM_USO,0,2,3,MtMoon_Cave;SSAqua_1F,MULTI_MAPA(2),
0x345,837,FLAG_HIDE_CERULEANCAVE_GUARD,SCRIPT/EVENT,EM_USO,0,2,3,CeruleanCity;SSAqua_1F;ViridianCity_Gym,MULTI_MAPA(3),
0x346,838,FLAG_GOT_TM_STEEL_WING,SCRIPT/EVENT,EM_USO,1,2,2,Route28_House;SSAqua_1F,MULTI_MAPA(2),
0x347,839,FLAG_HIDE_LATIOS,SCRIPT/EVENT,EM_USO,0,4,5,LatiTempleLatios;PokemonLeague_HallOfFame;SSAqua_1F,MULTI_MAPA(3),
0x348,840,FLAG_HIDE_MTSILVER_RIVAL,SCRIPT/EVENT,EM_USO,0,3,7,MtSilver_SummitDay;MtSilver_SummitNight;SSAqua_1F,MULTI_MAPA(3),
0x349,841,FLAG_HIDE_LATIAS,SCRIPT/EVENT,EM_USO,0,4,5,LatiTempleLatias;PokemonLeague_HallOfFame;SSAqua_1F,MULTI_MAPA(3),
0x34A,842,FLAG_HIDE_BATTLE_FRONTIER_SUDOWOODO,SCRIPT/EVENT,EM_USO,0,1,2,BattleFrontier_OutsideEast,MAPA_UNICO:BattleFrontier_OutsideEast,
0x34B,843,FLAG_HIDE_GROUDON,SCRIPT/EVENT,EM_USO,0,5,7,EmbeddedTower;PokemonLeague_HallOfFame;Route50UnderwaterCave2;SSAqua_1F,MULTI_MAPA(5),
0x34C,844,FLAG_HIDE_KYOGRE,SCRIPT/EVENT,EM_USO,0,5,7,EmbeddedTower;PokemonLeague_HallOfFame;Route19_Cave;Route33South_UnderwaterCave,MULTI_MAPA(5),
0x34D,845,FLAG_HIDE_RAYQUAZA,SCRIPT/EVENT,EM_USO,0,3,4,EmbeddedTower;PokemonLeague_HallOfFame;SSAqua_1F,MULTI_MAPA(3),
0x34E,846,FLAG_HIDE_SEAFOAM_BLAINE,SCRIPT/EVENT,EM_USO,0,2,3,PokemonLeague_HallOfFame;SSAqua_1F;SeafoamIslands_Gym,MULTI_MAPA(3),
0x34F,847,FLAG_HIDE_ILEX_FOREST_SECOND_CELEBI,SCRIPT/EVENT,EM_USO,0,4,5,IlexForest;PokemonLeague_HallOfFame,GLOBAL(codigo),
0x350,848,FLAG_HIDE_OLIVINE_PORT_OAK,SCRIPT/EVENT,SO_ESCRITA,0,3,3,NewBarkTown_Lab,GLOBAL(codigo),
0x351,849,FLAG_HIDE_ROUTE22_GIOVANNI_SILVER,SCRIPT/EVENT,EM_USO,0,3,3,Route22,GLOBAL(codigo),
0x352,850,FLAG_POSTGAME_FEATURES,SCRIPT/EVENT,EM_USO,2,7,5,KitakamiBorder;NewBarkTown_Lab,GLOBAL(codigo),
0x353,851,FLAG_GOT_KUBFU,SCRIPT/EVENT,EM_USO,2,2,3,BlackthornCave,MAPA_UNICO:BlackthornCave,
0x354,852,FLAG_ROUTE47_EXPERT,SCRIPT/EVENT,EM_USO,2,3,6,Route47,GLOBAL(codigo),Orbs
0x355,853,FLAG_ROUTE43_EXPERT,SCRIPT/EVENT,EM_USO,2,4,6,Route43,GLOBAL(codigo),Herbs
0x356,854,FLAG_ROUTE27_EXPERT,SCRIPT/EVENT,EM_USO,2,3,6,Route27,GLOBAL(codigo),Choice Band
0x357,855,FLAG_MET_VICTINI_LADY,SCRIPT/EVENT,EM_USO,4,4,2,KitakamiRoad_House,MAPA_UNICO:KitakamiRoad_House,
0x358,856,FLAG_GOT_VICTINI,SCRIPT/EVENT,EM_USO,2,2,3,KitakamiRoad_House,MAPA_UNICO:KitakamiRoad_House,
0x359,857,FLAG_SPOKEN_VICTORYROAD_RIVAL,SCRIPT/EVENT,EM_USO,2,2,2,VictoryRoadKanto_B1F,MAPA_UNICO:VictoryRoadKanto_B1F,
0x35A,858,FLAG_RECEIVED_ODD_EGG,SCRIPT/EVENT,EM_USO,2,5,5,Route34;Route34_DayCare,GLOBAL(codigo),
0x35B,859,FLAG_HIDE_CERULEAN_GYM_POKEMON,SCRIPT/EVENT,EM_USO,0,2,3,CeruleanCity_Gym;Route25,GLOBAL(codigo),
0x35C,860,FLAG_UNUSED_35C,SCRIPT/EVENT,NUNCA_REFERENCIADA,0,0,0,,,Formerly FLAG_HIDE_NEWBARKTOWN_LAB_AIDE; freed when the lab aide stopped being hidden for the Gladion Egg hand-off
0x35D,861,FLAG_HIDE_AZALEA_TOWN_CUT_MASTER,SCRIPT/EVENT,EM_USO,0,7,6,AzaleaTown;AzaleaTown_House1;IlexForest,GLOBAL(codigo),
0x35E,862,FLAG_RAILWAY_ELECTRITE,SCRIPT/EVENT,EM_USO,0,0,2,RailwayCave_2F,GLOBAL(codigo),
0x35F,863,FLAG_HIDE_POISOTITE,SCRIPT/EVENT,EM_USO,0,0,2,FoggyForest,GLOBAL(codigo),
0x360,864,FLAG_HIDE_BATTLE_TOWER_MULTI_BATTLE_PARTNER_ALT_1,SCRIPT/EVENT,EM_USO,0,2,3,BattleFrontier_BattleTowerMultiPartnerRoom,GLOBAL(codigo),
0x361,865,FLAG_HIDE_BATTLE_TOWER_MULTI_BATTLE_PARTNER_ALT_2,SCRIPT/EVENT,EM_USO,0,2,3,BattleFrontier_BattleTowerMultiPartnerRoom,GLOBAL(codigo),
0x362,866,FLAG_ROUTE42_PSYCHITE,SCRIPT/EVENT,EM_USO,0,0,2,MtMortar_2F,GLOBAL(codigo),
0x363,867,FLAG_HIDE_LAKEOFRAGE_POLICE,SCRIPT/EVENT,NUNCA_REFERENCIADA,0,0,0,,,
0x364,868,FLAG_HIDE_MOMS_FRIEND,SCRIPT/EVENT,EM_USO,0,8,7,NewBarkTown;NewBarkTown_Lab;NewBarkTown_PlayersHouse_1F,GLOBAL(codigo),HnS NormalFlags Block 1
0x365,869,FLAG_MOM_VISITED,SCRIPT/EVENT,EM_USO,1,2,2,NewBarkTown_PlayersHouse_1F;Route30,MULTI_MAPA(2),mom gives good luck speech
0x366,870,FLAG_HIDE_SILVER_NEWBARKTOWN,SCRIPT/EVENT,EM_USO,0,6,6,NewBarkTown;Route30_MrPokemonsHouse,MULTI_MAPA(2),for beginning
0x367,871,FLAG_BLACKTHORN_ADRENALINE_ORB,SCRIPT/EVENT,EM_USO,0,0,2,BlackthornCity,MAPA_UNICO:BlackthornCity,
0x368,872,FLAG_HIDE_STARTER_CASE,SCRIPT/EVENT,EM_USO,0,2,3,NewBarkTown_Lab,MAPA_UNICO:NewBarkTown_Lab,
0x369,873,FLAG_CIANWOOD_FLYINGITE,SCRIPT/EVENT,EM_USO,0,0,2,Route47,GLOBAL(codigo),
0x36A,874,FLAG_RECEIVED_FIRST_POTION,SCRIPT/EVENT,EM_USO,0,0,1,,GLOBAL(codigo),
0x36B,875,FLAG_RECEIVED_FIRST_BALLS,SCRIPT/EVENT,EM_USO,3,8,6,CherrygroveCity;NewBarkTown_Lab,GLOBAL(codigo),
0x36C,876,FLAG_HIDE_LAB_POLICEMAN,SCRIPT/EVENT,EM_USO,0,5,6,NewBarkTown_Lab;NewBarkTown_PlayersHouse_1F;Route30_MrPokemonsHouse,MULTI_MAPA(3),
0x36D,877,FLAG_HIDE_MOMS_FRIEND2,SCRIPT/EVENT,EM_USO,0,5,4,NewBarkTown_House1;NewBarkTown_Lab,GLOBAL(codigo),
0x36E,878,FLAG_COMPLETED_KABUTO_PUZZLE,SCRIPT/EVENT,EM_USO,4,4,5,NewBarkTown;RuinsOfAlph_PuzzleAndRewardChambers,GLOBAL(codigo),
0x36F,879,FLAG_COMPLETED_HOOH_PUZZLE,SCRIPT/EVENT,EM_USO,3,4,5,NewBarkTown;RuinsOfAlph_PuzzleAndRewardChambers,GLOBAL(codigo),
0x370,880,FLAG_COMPLETED_OMANYTE_PUZZLE,SCRIPT/EVENT,EM_USO,3,4,5,NewBarkTown;RuinsOfAlph_PuzzleAndRewardChambers,GLOBAL(codigo),
0x371,881,FLAG_COMPLETED_AERODACTYL_PUZZLE,SCRIPT/EVENT,EM_USO,3,4,5,NewBarkTown;RuinsOfAlph_PuzzleAndRewardChambers,GLOBAL(codigo),
0x372,882,FLAG_GET_HEADBUTT,SCRIPT/EVENT,SO_ESCRITA,0,4,4,AzaleaTown_Gym;IlexForest,MULTI_MAPA(2),
0x373,883,FLAG_HIDE_SILVER_CHERRYGROVE,SCRIPT/EVENT,EM_USO,0,5,7,CherrygroveCity;Route30_MrPokemonsHouse,GLOBAL(codigo),
0x374,884,FLAG_HIDE_GUIDE_GENT_CHERRYGROVE,SCRIPT/EVENT,EM_USO,0,5,7,CherrygroveCity;Route30_MrPokemonsHouse,GLOBAL(codigo),
0x375,885,FLAG_HIDE_ROUTE_30_NPCS,SCRIPT/EVENT,EM_USO,0,2,4,NewBarkTown_PlayersHouse_1F;Route30,GLOBAL(codigo),
0x376,886,FLAG_DELIVERED_EGG,SCRIPT/EVENT,EM_USO,0,3,6,Route30_MrPokemonsHouse,GLOBAL(codigo),
0x377,887,FLAG_HIDE_MRPOKEMON,SCRIPT/EVENT,SO_ESCRITA,0,1,1,,GLOBAL(codigo),
0x378,888,FLAG_HIDE_BATTLE_TOWER_OPPONENT,SCRIPT/EVENT,EM_USO,0,2,5,BattleFrontier_BattleTowerBattleRoom;BattleFrontier_BattleTowerMultiBattleRoom;GoldenrodBattleArcadeBattleRoom,GLOBAL(codigo),
0x379,889,FLAG_RECEIVED_MYSTERY_EGG,SCRIPT/EVENT,EM_USO,7,4,10,NewBarkTown_Lab;Route32;VioletCity;VioletCity_PokemonCenter,GLOBAL(codigo),Formerly FLAG_RECEIVED_TOGEPI_EGG; ID preserved for existing saves
0x37A,890,FLAG_HIDE_VIOLET_CITY_GLADION,SCRIPT/EVENT,EM_USO,0,7,7,VioletCity;VioletCity_PokemonCenter,GLOBAL(codigo),Formerly FLAG_HIDE_VIOLET_CITY_AIDE; ID preserved for existing saves
0x37B,891,FLAG_HIDE_SPROUT_TOWER_SILVER,SCRIPT/EVENT,EM_USO,2,6,7,Route32;SproutTower_3F;VioletCity,MULTI_MAPA(3),
0x37C,892,FLAG_HIDE_JOHTO_GYM_LEADERS,SCRIPT/EVENT,EM_USO,0,2,3,VioletCity;VioletCity_Gym,MULTI_MAPA(2),
0x37D,893,FLAG_HIDE_AZALEA_TOWN_ROCKETS,SCRIPT/EVENT,EM_USO,4,4,8,AzaleaTown;AzaleaTown_House1;Route32;SlowpokeWell_B1F,MULTI_MAPA(4),
0x37E,894,FLAG_HIDE_AZALEA_TOWN_SLOWPOKE,SCRIPT/EVENT,EM_USO,0,4,6,AzaleaTown;AzaleaTown_KurtsHouse;SlowpokeWell_B1F,MULTI_MAPA(3),
0x37F,895,FLAG_HIDE_AZALEA_TOWN_SILVER,SCRIPT/EVENT,EM_USO,0,12,3,AzaleaTown,MAPA_UNICO:AzaleaTown,
0x380,896,FLAG_HIDE_AZALEA_TOWN_FARFETCHD,SCRIPT/EVENT,EM_USO,0,6,7,AzaleaTown;AzaleaTown_Gym;AzaleaTown_House1;IlexForest,MULTI_MAPA(4),
0x381,897,FLAG_HIDE_ILEX_FOREST_FARFETCHD,SCRIPT/EVENT,NUNCA_REFERENCIADA,0,0,0,,,
0x382,898,FLAG_HIDE_KURT_1,SCRIPT/EVENT,EM_USO,2,10,8,AzaleaTown;AzaleaTown_KurtsHouse;SlowpokeWell_B1F,MULTI_MAPA(3),
0x383,899,FLAG_HIDE_KURT_2,SCRIPT/EVENT,EM_USO,2,4,7,AzaleaTown;AzaleaTown_KurtsHouse;SlowpokeWell_B1F,MULTI_MAPA(3),
0x384,900,FLAG_HIDE_AZALEA_TOWN_WELL_ROCKET,SCRIPT/EVENT,EM_USO,0,6,5,AzaleaTown;AzaleaTown_KurtsHouse,MULTI_MAPA(2),
0x385,901,FLAG_HIDE_VIOLET_CITY_KIMONO_GIRL,SCRIPT/EVENT,EM_USO,0,6,5,VioletCity;VioletCity_PokemonCenter,MULTI_MAPA(2),
0x386,902,FLAG_HIDE_CHERRYGROVE_GUIDE_GENT_HOUSE,SCRIPT/EVENT,EM_USO,0,10,5,CherrygroveCity;CherrygroveCity_House2;Route30_MrPokemonsHouse,MULTI_MAPA(3),
0x387,903,FLAG_UNLOCKED_KURT_BALLS,SCRIPT/EVENT,NUNCA_REFERENCIADA,0,0,0,,,
0x388,904,FLAG_HIDE_AZALEA_TOWN_KURT,SCRIPT/EVENT,EM_USO,0,6,3,AzaleaTown,MAPA_UNICO:AzaleaTown,
0x389,905,FLAG_HIDE_SLOWPOKE_WELL_KURT,SCRIPT/EVENT,EM_USO,0,2,3,SlowpokeWell_B1F,MAPA_UNICO:SlowpokeWell_B1F,
0x38A,906,FLAG_HIDE_ILEX_FOREST_FARFETCHD_1,SCRIPT/EVENT,EM_USO,0,12,7,AzaleaTown;AzaleaTown_Gym;IlexForest,MULTI_MAPA(3),
0x38B,907,FLAG_HIDE_ILEX_FOREST_FARFETCHD_2,SCRIPT/EVENT,EM_USO,0,10,5,AzaleaTown;IlexForest,MULTI_MAPA(2),
0x38C,908,FLAG_HIDE_ILEX_FOREST_FARFETCHD_3,SCRIPT/EVENT,EM_USO,0,10,5,AzaleaTown;IlexForest,MULTI_MAPA(2),
0x38D,909,FLAG_HIDE_ILEX_FOREST_FARFETCHD_4,SCRIPT/EVENT,EM_USO,0,8,5,AzaleaTown;IlexForest,MULTI_MAPA(2),
0x38E,910,FLAG_HIDE_ILEX_FOREST_APPRENTICE,SCRIPT/EVENT,EM_USO,0,8,7,AzaleaTown;AzaleaTown_Gym;IlexForest,MULTI_MAPA(3),
0x38F,911,FLAG_HIDE_ILEX_FOREST_MASTER,SCRIPT/EVENT,EM_USO,0,8,5,AzaleaTown;IlexForest,MULTI_MAPA(2),
0x390,912,FLAG_HIDE_ILEX_FOREST_KIMONO,SCRIPT/EVENT,EM_USO,0,6,5,AzaleaTown;IlexForest,MULTI_MAPA(2),
0x391,913,FLAG_HIDE_GOLDENROD_ROCKET_SCOUT,SCRIPT/EVENT,EM_USO,2,3,5,GoldenrodCity;GoldenrodCity_RadioTower_2F;Mahoganytown,MULTI_MAPA(3),
0x392,914,FLAG_HIDE_GOLDENROD_ROCKETS,SCRIPT/EVENT,EM_USO,0,5,12,GoldenrodCity;GoldenrodCity_RadioTower_2F;GoldenrodCity_RadioTower_3F;GoldenrodCity_RadioTower_4F,MULTI_MAPA(8),
0x393,915,FLAG_HIDE_GOLDENROD_NPCS,SCRIPT/EVENT,EM_USO,0,7,12,GoldenrodCity;GoldenrodCity_RadioTower_1F;GoldenrodCity_RadioTower_2F;GoldenrodCity_RadioTower_3F,MULTI_MAPA(9),"Set, however has no purpose."
0x394,916,FLAG_RECEIVED_SQUIRTBOTTLE,SCRIPT/EVENT,EM_USO,6,4,9,GoldenrodCity;GoldenrodCity_FlowerShop;Route36,MULTI_MAPA(3),
0x395,917,FLAG_UNLOCKED_GOLDENROD_UNDERGROUND_DOOR,SCRIPT/EVENT,EM_USO,4,4,4,GoldenrodCity;GoldenrodCity_UndergroundTunnel,MULTI_MAPA(2),
0x396,918,FLAG_HIDE_BATTLE_TOWER_REPORTER,SCRIPT/EVENT,EM_USO,0,5,4,BattleFrontier_OutsideEast,GLOBAL(codigo),
0x397,919,FLAG_HIDE_GOLDENROD_UNDERGROUND_KIMONO,SCRIPT/EVENT,EM_USO,0,8,7,GoldenrodCity;GoldenrodCity_RadioTower_5F;GoldenrodCity_UndergroundTunnel,MULTI_MAPA(3),
0x398,920,FLAG_HIDE_GOLDENROD_UNDERGROUND_SILVER,SCRIPT/EVENT,EM_USO,0,5,4,GoldenrodCity;GoldenrodCity_UndergroundSwitches,MULTI_MAPA(2),
0x399,921,FLAG_GOLDENROD_SWITCH_1,SCRIPT/EVENT,EM_USO,3,2,1,GoldenrodCity_UndergroundSwitches,MAPA_UNICO:GoldenrodCity_UndergroundSwitches,
0x39A,922,FLAG_GOLDENROD_SWITCH_2,SCRIPT/EVENT,EM_USO,3,2,1,GoldenrodCity_UndergroundSwitches,MAPA_UNICO:GoldenrodCity_UndergroundSwitches,
0x39B,923,FLAG_GOLDENROD_SWITCH_3,SCRIPT/EVENT,EM_USO,3,2,1,GoldenrodCity_UndergroundSwitches,MAPA_UNICO:GoldenrodCity_UndergroundSwitches,
0x39C,924,FLAG_GOLDENROD_ALL_SHUTTERS_OPEN,SCRIPT/EVENT,EM_USO,2,3,1,GoldenrodCity_UndergroundSwitches,MAPA_UNICO:GoldenrodCity_UndergroundSwitches,
0x39D,925,FLAG_COMPLETED_SWITCHES,SCRIPT/EVENT,EM_USO,5,3,3,GoldenrodCity;GoldenrodCity_UndergroundSwitches,MULTI_MAPA(2),
0x39E,926,FLAG_HIDE_GOLDENROD_BEAUTY,SCRIPT/EVENT,EM_USO,0,4,5,GoldenrodCity;GoldenrodCity_RadioTower_1F,MULTI_MAPA(2),
0x39F,927,FLAG_ENABLE_RADIO,SCRIPT/EVENT,EM_USO,4,9,8,GoldenrodCity;GoldenrodCity_RadioTower_1F;GoldenrodCity_RadioTower_2F,GLOBAL(codigo),Completed the Radio Tower quiz; value retained for old saves.
0x3A0,928,FLAG_KANTO_RADIO_GOT,SCRIPT/EVENT,EM_USO,3,4,5,GoldenrodCity;LavenderTown_RadioStation;SSAqua_1F;VermilionCity,MULTI_MAPA(4),
0x3A1,929,FLAG_HIDE_RADIOTOWER_GATE,SCRIPT/EVENT,EM_USO,2,3,3,GoldenrodCity;GoldenrodCity_RadioTower_3F,MULTI_MAPA(2),
0x3A2,930,FLAG_HIDE_ROCKET_GOLDENROD_RADIOTOWER_1,SCRIPT/EVENT,EM_USO,0,5,6,GoldenrodCity;GoldenrodCity_RadioTower_1F;Mahoganytown,MULTI_MAPA(3),
0x3A3,931,FLAG_HIDE_GOLDENROD_RADIOTOWER_DIRECTOR,SCRIPT/EVENT,EM_USO,0,8,5,GoldenrodCity;GoldenrodCity_RadioTower_5F,MULTI_MAPA(2),
0x3A4,932,FLAG_HIDE_GOLDENROD_RADIOTOWER_PETREL,SCRIPT/EVENT,EM_USO,0,8,5,GoldenrodCity;GoldenrodCity_RadioTower_5F,MULTI_MAPA(2),
0x3A5,933,FLAG_HIDE_GOLDENROD_RADIOTOWER_DIRECTOR_2,SCRIPT/EVENT,EM_USO,0,8,5,GoldenrodCity;GoldenrodCity_RadioTower_5F,MULTI_MAPA(2),
0x3A6,934,FLAG_RELEASED_BEASTS,SCRIPT/EVENT,EM_USO,2,3,3,BurnedTower_B1F;EcruteakCity,MULTI_MAPA(2),
0x3A7,935,FLAG_HIDE_REGIROCK,SCRIPT/EVENT,EM_USO,0,4,6,PokemonLeague_HallOfFame;RegirockChamber,MULTI_MAPA(2),
0x3A8,936,FLAG_HIDE_REGICE,SCRIPT/EVENT,EM_USO,0,4,6,IslandCave;PokemonLeague_HallOfFame;SnowtopMountain_B1F_2,MULTI_MAPA(3),
0x3A9,937,FLAG_HIDE_REGISTEEL,SCRIPT/EVENT,EM_USO,0,4,6,PokemonLeague_HallOfFame;RailwayCave_Registeel_Room,MULTI_MAPA(2),
0x3AA,938,FLAG_AMPHAROS_HEALED,SCRIPT/EVENT,EM_USO,6,4,9,CianwoodCity;CliffEdgeGate;EcruteakCity;OlivineCity,MULTI_MAPA(5),
0x3AB,939,FLAG_HIDE_ECRUTEAK_BILL,SCRIPT/EVENT,EM_USO,0,3,4,EcruteakCity;EcruteakCity_PokemonCenter,MULTI_MAPA(2),
0x3AC,940,FLAG_HIDE_ECRUTEAK_ROCKET,SCRIPT/EVENT,EM_USO,0,4,4,EcruteakCity;EcruteakCity_Theater,MULTI_MAPA(2),
0x3AD,941,FLAG_HIDE_ECRUTEAK_CITY_THEATER_KIMONOS,SCRIPT/EVENT,EM_USO,0,8,8,EcruteakCity;EcruteakCity_Theater;NewBarkTown_Lab;TinTower_RoofDay,MULTI_MAPA(5),
0x3AE,942,FLAG_HIDE_BURNED_TOWER_NPCS,SCRIPT/EVENT,EM_USO,0,3,4,BurnedTower_1F;BurnedTower_B1F;EcruteakCity,MULTI_MAPA(3),
0x3AF,943,FLAG_HIDE_BURNED_TOWER_BEASTS,SCRIPT/EVENT,EM_USO,0,3,4,BurnedTower_B1F;EcruteakCity,MULTI_MAPA(2),
0x3B0,944,FLAG_HIDE_BURNED_TOWER_B1F_EUSINE,SCRIPT/EVENT,EM_USO,0,3,4,BurnedTower_B1F;EcruteakCity,MULTI_MAPA(2),
0x3B1,945,FLAG_HIDE_ECRUTEAK_CITY_SAGE,SCRIPT/EVENT,EM_USO,0,3,4,BurnedTower_B1F;EcruteakCity,MULTI_MAPA(2),
0x3B2,946,FLAG_CAUGHT_ENTEI,SCRIPT/EVENT,SO_ESCRITA,0,2,2,EcruteakCity,MAPA_UNICO:EcruteakCity,
0x3B3,947,FLAG_CAUGHT_RAIKOU,SCRIPT/EVENT,SO_ESCRITA,0,2,2,EcruteakCity,MAPA_UNICO:EcruteakCity,
0x3B4,948,FLAG_HIDE_ROUTE39_SHADOW,SCRIPT/EVENT,SO_ESCRITA,0,2,2,EcruteakCity,MAPA_UNICO:EcruteakCity,
0x3B5,949,FLAG_HIDE_OLIVINE_SILVER,SCRIPT/EVENT,EM_USO,2,2,2,OlivineCity,MAPA_UNICO:OlivineCity,
0x3B6,950,FLAG_HIDE_OLIVINE_CITY_GYM_JASMINE,SCRIPT/EVENT,EM_USO,0,3,4,OlivineCity;OlivineCity_Gym;OlivineCity_Lighthouse,MULTI_MAPA(3),
0x3B7,951,FLAG_HIDE_LIGHTHOUSE_JASMINE,SCRIPT/EVENT,EM_USO,0,3,4,OlivineCity;OlivineCity_Lighthouse,MULTI_MAPA(2),
0x3B8,952,FLAG_HIDE_ROUTE42_EUSINE,SCRIPT/EVENT,EM_USO,0,4,4,EcruteakCity;Route42,MULTI_MAPA(2),
0x3B9,953,FLAG_HIDE_ROUTE42_SUICUNE,SCRIPT/EVENT,EM_USO,4,3,7,CianwoodCity;EcruteakCity;Route42;Route43,MULTI_MAPA(4),
0x3BA,954,FLAG_GOT_TYROGUE,SCRIPT/EVENT,EM_USO,1,3,4,EcruteakCity;MtMortar_B1F,MULTI_MAPA(2),
0x3BB,955,FLAG_BEAT_KIYO,SCRIPT/EVENT,EM_USO,1,3,3,EcruteakCity;MtMortar_B1F,MULTI_MAPA(2),
0x3BC,956,FLAG_OLIVINE_NPC_TRADE_COMPLETED,SCRIPT/EVENT,EM_USO,1,1,3,OlivineCity_House3,MAPA_UNICO:OlivineCity_House3,
0x3BD,957,FLAG_HIDE_CIANWOOD_EUSINE,SCRIPT/EVENT,EM_USO,0,6,4,CianwoodCity;OlivineCity,MULTI_MAPA(2),
0x3BE,958,FLAG_HIDE_CIANWOOD_SUICUNE,SCRIPT/EVENT,EM_USO,0,4,4,CianwoodCity;OlivineCity,MULTI_MAPA(2),
0x3BF,959,FLAG_HIDE_ROCKETHIDEOUT_ROCKETS,SCRIPT/EVENT,EM_USO,0,7,4,Mahoganytown;RocketHideout;RocketHideout_B1F,MULTI_MAPA(3),
0x3C0,960,FLAG_ROCKETHIDEOUT_SWITCH,SCRIPT/EVENT,EM_USO,1,4,2,Mahoganytown;RocketHideout_B1F,MULTI_MAPA(2),
0x3C1,961,FLAG_HIDE_ROCKETHIDEOUT2_LANCE_DRAGONITE,SCRIPT/EVENT,EM_USO,0,7,4,Mahoganytown;RocketHideout_B1F;RocketHideout_B2F,MULTI_MAPA(3),
0x3C2,962,FLAG_HIDE_ROCKETHIDEOUT2_GATE,SCRIPT/EVENT,EM_USO,1,3,3,Mahoganytown;RocketHideout_B1F;RocketHideout_B2F,MULTI_MAPA(3),
0x3C3,963,FLAG_HIDE_ROCKETHIDEOUT_ELECTRODE1,SCRIPT/EVENT,EM_USO,0,1,2,Mahoganytown;RocketHideout_B2F,MULTI_MAPA(2),
0x3C4,964,FLAG_HIDE_ROCKETHIDEOUT_ELECTRODE2,SCRIPT/EVENT,EM_USO,0,1,2,Mahoganytown;RocketHideout_B2F,MULTI_MAPA(2),
0x3C5,965,FLAG_HIDE_ROCKETHIDEOUT_ELECTRODE3,SCRIPT/EVENT,EM_USO,0,1,2,Mahoganytown;RocketHideout_B2F,MULTI_MAPA(2),
0x3C6,966,FLAG_HIDE_ROCKETHIDEOUT3_LANCE_DRAGONITE,SCRIPT/EVENT,EM_USO,0,1,2,RocketHideout_B3F,MAPA_UNICO:RocketHideout_B3F,
0x3C7,967,FLAG_HIDE_ROCKETHIDEOUT3_SILVER,SCRIPT/EVENT,EM_USO,0,4,4,Mahoganytown;RocketHideout_B1F;RocketHideout_B3F,MULTI_MAPA(3),
0x3C8,968,FLAG_HIDE_ROCKETHIDEOUT3_GATE,SCRIPT/EVENT,EM_USO,2,3,3,Mahoganytown;RocketHideout_B1F;RocketHideout_B3F,MULTI_MAPA(3),
0x3C9,969,FLAG_GOT_PASSWORD_FROM_ETO,SCRIPT/EVENT,EM_USO,1,3,3,Mahoganytown;RocketHideout_B1F;RocketHideout_B3F,MULTI_MAPA(3),
0x3CA,970,FLAG_GOT_PASSWORD_FROM_GRUNTF,SCRIPT/EVENT,EM_USO,1,3,3,Mahoganytown;RocketHideout_B1F;RocketHideout_B3F,MULTI_MAPA(3),
0x3CB,971,FLAG_HIDE_ROCKETHIDEOUT3_PETREL,SCRIPT/EVENT,EM_USO,0,5,4,Mahoganytown;RocketHideout_B1F;RocketHideout_B3F,MULTI_MAPA(3),
0x3CC,972,FLAG_HIDE_ROCKETHIDEOUT3_GIOVANNI,SCRIPT/EVENT,EM_USO,0,4,4,Mahoganytown;RocketHideout_B1F;RocketHideout_B3F,MULTI_MAPA(3),
0x3CD,973,FLAG_HIDE_ROCKETHIDEOUT3_MURKROW,SCRIPT/EVENT,EM_USO,0,3,4,Mahoganytown;RocketHideout_B1F;RocketHideout_B3F,MULTI_MAPA(3),
0x3CE,974,FLAG_HIDE_ROCKETHIDEOUT2_MURKROWSTAIRS,SCRIPT/EVENT,EM_USO,0,4,5,Mahoganytown;RocketHideout_B1F;RocketHideout_B2F;RocketHideout_B3F,MULTI_MAPA(4),
0x3CF,975,FLAG_HIDE_ROCKETHIDEOUT2_MURKROWGATE,SCRIPT/EVENT,EM_USO,0,5,5,Mahoganytown;RocketHideout_B1F;RocketHideout_B2F;RocketHideout_B3F,MULTI_MAPA(4),
0x3D0,976,FLAG_HIDE_ROCKETHIDEOUT3_MURKROWSTAIRS,SCRIPT/EVENT,EM_USO,0,5,5,Mahoganytown;RocketHideout_B1F;RocketHideout_B2F;RocketHideout_B3F,MULTI_MAPA(4),
0x3D1,977,FLAG_HIDE_ROCKETHIDEOUT2_ARIANA_AND_GRUNT,SCRIPT/EVENT,EM_USO,0,7,5,Mahoganytown;RocketHideout_B1F;RocketHideout_B2F;RocketHideout_B3F,MULTI_MAPA(4),
0x3D2,978,FLAG_HIDE_ROCKETHIDEOUT2_ELECTRODE_1,SCRIPT/EVENT,NUNCA_REFERENCIADA,0,0,0,,,
0x3D3,979,FLAG_HIDE_ROCKETHIDEOUT2_ELECTRODE_2,SCRIPT/EVENT,NUNCA_REFERENCIADA,0,0,0,,,
0x3D4,980,FLAG_HIDE_ROCKETHIDEOUT2_ELECTRODE_3,SCRIPT/EVENT,NUNCA_REFERENCIADA,0,0,0,,,
0x3D5,981,FLAG_HIDE_ICE_PATH_KIMONO,SCRIPT/EVENT,EM_USO,0,3,4,IcePath_1F;Mahoganytown,MULTI_MAPA(2),
0x3D6,982,FLAG_BLACKTHORN_NPC_TRADE_COMPLETED,SCRIPT/EVENT,EM_USO,2,2,2,BlackthornCity_House2,MAPA_UNICO:BlackthornCity_House2,
0x3D7,983,FLAG_HIDE_TOHJO_GIOVANNI,SCRIPT/EVENT,SO_ESCRITA,0,1,1,,GLOBAL(codigo),
0x3D8,984,FLAG_HIDE_ECRUTEAK_SILVER,SCRIPT/EVENT,EM_USO,0,8,5,EcruteakCity;NewBarkTown_Lab,MULTI_MAPA(2),
0x3D9,985,FLAG_HIDE_ECRUTEAK_CITY_THEATER_NPCS,SCRIPT/EVENT,EM_USO,0,6,7,EcruteakCity;EcruteakCity_Theater;NewBarkTown_Lab;TinTower_RoofDay,MULTI_MAPA(5),
0x3DA,986,FLAG_HIDE_ECRUTEAK_CITY_THEATER_ZUKI,SCRIPT/EVENT,EM_USO,0,6,6,EcruteakCity;EcruteakCity_Theater;TinTower_RoofDay;WhirlIslands_LugiaChamber,MULTI_MAPA(4),
0x3DB,987,FLAG_HIDE_TINTOWER_GUARD,SCRIPT/EVENT,EM_USO,2,7,7,EcruteakCity;EcruteakCity_SageOffice1;EcruteakCity_Theater;GoldenrodCity_RadioTower_5F,MULTI_MAPA(5),
0x3DC,988,FLAG_HIDE_WHIRLISLANDS_GUARD,SCRIPT/EVENT,NUNCA_REFERENCIADA,0,0,0,,,
0x3DD,989,FLAG_HIDE_VICTORY_ROAD_SILVER,SCRIPT/EVENT,EM_USO,0,1,2,VictoryRoadKanto_1F,GLOBAL(codigo),
0x3DE,990,FLAG_HIDE_INDIGO_PLATEAU_SILVER,SCRIPT/EVENT,EM_USO,0,2,3,IndigoPlateau_PokemonCenter;MtMoon_Cave,GLOBAL(codigo),
0x3DF,991,FLAG_HIDE_INDIGO_PLATEAU_MARY_OAK,SCRIPT/EVENT,EM_USO,0,1,2,PokemonLeague_ChampionsRoom,GLOBAL(codigo),
0x3E0,992,FLAG_HIDE_SSAQUA_1F_GRANDPA,SCRIPT/EVENT,EM_USO,0,5,5,NewBarkTown_Lab;SSAqua_1F,GLOBAL(codigo),
0x3E1,993,FLAG_HIDE_SSAQUA_ROOM_SSE_GRANDDAUGHTER,SCRIPT/EVENT,EM_USO,0,2,3,SSAqua_1F;SSAqua_CaptainsRoom;SSAqua_RoomSSE,MULTI_MAPA(3),
0x3E2,994,FLAG_HIDE_SSAQUA_SAILOR,SCRIPT/EVENT,EM_USO,1,1,3,SSAqua_1F;SSAqua_B1F;SSAqua_RoomNW,MULTI_MAPA(3),
0x3E3,995,FLAG_HIDE_SSAQUA_CAPTAINS_ROOM_GRANDDAUGHTER,SCRIPT/EVENT,EM_USO,0,2,3,SSAqua_1F;SSAqua_CaptainsRoom,MULTI_MAPA(2),
0x3E4,996,FLAG_HIDE_SOOTOPOLIS_CITY_RAYQUAZA,SCRIPT/EVENT,EM_USO,1,0,2,SootopolisCity,GLOBAL(codigo),unused
0x3E5,997,FLAG_HIDE_SOOTOPOLIS_CITY_KYOGRE,SCRIPT/EVENT,EM_USO,0,1,2,SootopolisCity,MAPA_UNICO:SootopolisCity,unused
0x3E6,998,FLAG_HIDE_SOOTOPOLIS_CITY_GROUDON,SCRIPT/EVENT,EM_USO,0,1,2,SootopolisCity,MAPA_UNICO:SootopolisCity,unused
0x3E7,999,FLAG_HIDE_INSIDE_ALPH_NPCS,SCRIPT/EVENT,EM_USO,0,4,2,RuinsOfAlph_B1F;RuinsOfAlph_PuzzleAndRewardChambers,MULTI_MAPA(2),
0x3E8,1000,FLAG_ITEM_GARBAGEFLAG,SCRIPT/EVENT,NUNCA_REFERENCIADA,0,0,0,,,HnS ItemFlags Block 2
0x3E9,1001,FLAG_ITEM_ROUTE39_NUGGET,SCRIPT/EVENT,EM_USO,0,0,1,Route39,MAPA_UNICO:Route39,
0x3EA,1002,FLAG_ITEM_ROUTE42_ULTRA_BALL,SCRIPT/EVENT,EM_USO,0,0,1,Route42,MAPA_UNICO:Route42,
0x3EB,1003,FLAG_ITEM_ROUTE42_SHADOW_CLAW,SCRIPT/EVENT,EM_USO,0,0,1,Route42,MAPA_UNICO:Route42,
0x3EC,1004,FLAG_ITEM_UNUSED0EC,SCRIPT/EVENT,NUNCA_REFERENCIADA,0,0,0,,,Unused
0x3ED,1005,FLAG_ITEM_MTMORTAR1_REVIVE,SCRIPT/EVENT,EM_USO,0,0,1,MtMortar_1F_South,MAPA_UNICO:MtMortar_1F_South,
0x3EE,1006,FLAG_ITEM_MTMORTAR1_ELIXIR,SCRIPT/EVENT,EM_USO,0,0,1,MtMortar_1F_South,MAPA_UNICO:MtMortar_1F_South,
0x3EF,1007,FLAG_ITEM_MTMORTAR2_MAX_REPEL,SCRIPT/EVENT,EM_USO,0,0,1,MtMortar_1F_North,MAPA_UNICO:MtMortar_1F_North,
0x3F0,1008,FLAG_ITEM_MTMORTAR2_ESCAPE_ROPE,SCRIPT/EVENT,EM_USO,0,0,1,MtMortar_1F_North,MAPA_UNICO:MtMortar_1F_North,
0x3F1,1009,FLAG_ITEM_MTMORTAR2_MAX_POTION,SCRIPT/EVENT,EM_USO,0,0,1,MtMortar_1F_North,MAPA_UNICO:MtMortar_1F_North,
0x3F2,1010,FLAG_ITEM_MTMORTAR2_NUGGET,SCRIPT/EVENT,EM_USO,0,0,1,MtMortar_1F_North,MAPA_UNICO:MtMortar_1F_North,
0x3F3,1011,FLAG_ITEM_MTMORTAR2_ULTRA_BALL,SCRIPT/EVENT,EM_USO,0,0,1,MtMortar_1F_North,MAPA_UNICO:MtMortar_1F_North,
0x3F4,1012,FLAG_ITEM_MTMORTAR2_REVIVE,SCRIPT/EVENT,EM_USO,0,0,1,MtMortar_1F_North,MAPA_UNICO:MtMortar_1F_North,
0x3F5,1013,FLAG_ITEM_MTMORTAR2_KINGS_ROCK,SCRIPT/EVENT,EM_USO,0,0,1,MtMortar_1F_North,MAPA_UNICO:MtMortar_1F_North,
0x3F6,1014,FLAG_ITEM_MTMORTAR3_IRON,SCRIPT/EVENT,EM_USO,0,0,1,MtMortar_2F,MAPA_UNICO:MtMortar_2F,
0x3F7,1015,FLAG_ITEM_MTMORTAR3_MAX_REVIVE,SCRIPT/EVENT,EM_USO,0,0,1,MtMortar_2F,MAPA_UNICO:MtMortar_2F,
0x3F8,1016,FLAG_ITEM_MTMORTAR3_ETHER,SCRIPT/EVENT,EM_USO,0,0,1,MtMortar_2F,MAPA_UNICO:MtMortar_2F,
0x3F9,1017,FLAG_ITEM_MTMORTAR3_RARE_CANDY,SCRIPT/EVENT,NUNCA_REFERENCIADA,0,0,0,,,
0x3FA,1018,FLAG_ITEM_MTMORTAR3_DRAGON_SCALE,SCRIPT/EVENT,EM_USO,0,0,1,MtMortar_2F,MAPA_UNICO:MtMortar_2F,
0x3FB,1019,FLAG_ITEM_MTMORTAR3_ELIXIR,SCRIPT/EVENT,EM_USO,0,0,1,MtMortar_2F,MAPA_UNICO:MtMortar_2F,
0x3FC,1020,FLAG_ITEM_MTMORTAR4_HYPER_POTION,SCRIPT/EVENT,EM_USO,0,0,1,MtMortar_B1F,MAPA_UNICO:MtMortar_B1F,
0x3FD,1021,FLAG_ITEM_MTMORTAR4_CARBOS,SCRIPT/EVENT,EM_USO,0,0,1,MtMortar_B1F,MAPA_UNICO:MtMortar_B1F,
0x3FE,1022,FLAG_ITEM_MTMORTAR4_PP_UP,SCRIPT/EVENT,EM_USO,0,0,1,MtMortar_B1F,MAPA_UNICO:MtMortar_B1F,
0x3FF,1023,FLAG_ITEM_MTMORTAR4_MAX_ETHER,SCRIPT/EVENT,EM_USO,0,0,1,MtMortar_B1F,MAPA_UNICO:MtMortar_B1F,
0x400,1024,FLAG_ITEM_MTMORTAR4_MAX_REVIVE,SCRIPT/EVENT,EM_USO,0,0,1,MtMortar_B1F,MAPA_UNICO:MtMortar_B1F,
0x401,1025,FLAG_ITEM_LIGHTHOUSE_ETHER,SCRIPT/EVENT,EM_USO,0,0,1,OlivineCity_Lighthouse,MAPA_UNICO:OlivineCity_Lighthouse,
0x402,1026,FLAG_ITEM_LIGHTHOUSE_RARE_CANDY,SCRIPT/EVENT,EM_USO,0,0,1,OlivineCity_Lighthouse,MAPA_UNICO:OlivineCity_Lighthouse,
0x403,1027,FLAG_ITEM_LUCKY_PUNCH,SCRIPT/EVENT,EM_USO,0,0,1,Route47,MAPA_UNICO:Route47,
0x404,1028,FLAG_ITEM_LIGHTHOUSE_HYPER_POTION,SCRIPT/EVENT,EM_USO,0,0,1,OlivineCity_Lighthouse,MAPA_UNICO:OlivineCity_Lighthouse,
0x405,1029,FLAG_ITEM_LIGHTHOUSE_PROTEIN,SCRIPT/EVENT,EM_USO,0,0,1,OlivineCity_Lighthouse,MAPA_UNICO:OlivineCity_Lighthouse,
0x406,1030,FLAG_ITEM_RUINSOFALPH_LUM_BERRY_1,SCRIPT/EVENT,EM_USO,0,0,1,RuinsOfAlph_PuzzleAndRewardChambers,MAPA_UNICO:RuinsOfAlph_PuzzleAndRewardChambers,
0x407,1031,FLAG_ITEM_RUINSOFALPH_CHARCOAL,SCRIPT/EVENT,EM_USO,0,0,1,RuinsOfAlph_PuzzleAndRewardChambers,MAPA_UNICO:RuinsOfAlph_PuzzleAndRewardChambers,
0x408,1032,FLAG_ITEM_RUINSOFALPH_MAX_REVIVE_1,SCRIPT/EVENT,EM_USO,0,0,1,RuinsOfAlph_PuzzleAndRewardChambers,MAPA_UNICO:RuinsOfAlph_PuzzleAndRewardChambers,
0x409,1033,FLAG_ITEM_RUINSOFALPH_SACRED_ASH,SCRIPT/EVENT,EM_USO,0,0,1,RuinsOfAlph_PuzzleAndRewardChambers,MAPA_UNICO:RuinsOfAlph_PuzzleAndRewardChambers,
0x40A,1034,FLAG_ITEM_RUINSOFALPH_HEAL_POWDER_1,SCRIPT/EVENT,EM_USO,0,0,1,RuinsOfAlph_PuzzleAndRewardChambers,MAPA_UNICO:RuinsOfAlph_PuzzleAndRewardChambers,
0x40B,1035,FLAG_ITEM_RUINSOFALPH_ENERGY_ROOT,SCRIPT/EVENT,EM_USO,0,0,1,RuinsOfAlph_PuzzleAndRewardChambers,MAPA_UNICO:RuinsOfAlph_PuzzleAndRewardChambers,
0x40C,1036,FLAG_ITEM_RUINSOFALPH_SITRUS_BERRY_2,SCRIPT/EVENT,EM_USO,0,0,1,RuinsOfAlph_PuzzleAndRewardChambers,MAPA_UNICO:RuinsOfAlph_PuzzleAndRewardChambers,
0x40D,1037,FLAG_ITEM_RUINSOFALPH_MOON_STONE,SCRIPT/EVENT,EM_USO,0,0,1,RuinsOfAlph_PuzzleAndRewardChambers,MAPA_UNICO:RuinsOfAlph_PuzzleAndRewardChambers,
0x40E,1038,FLAG_ITEM_RUINSOFALPH_HEAL_POWDER_2,SCRIPT/EVENT,EM_USO,0,0,1,RuinsOfAlph_PuzzleAndRewardChambers,MAPA_UNICO:RuinsOfAlph_PuzzleAndRewardChambers,
0x40F,1039,FLAG_ITEM_RUINSOFALPH_ENERGY_POWDER,SCRIPT/EVENT,EM_USO,0,0,1,RuinsOfAlph_PuzzleAndRewardChambers,MAPA_UNICO:RuinsOfAlph_PuzzleAndRewardChambers,
0x410,1040,FLAG_ITEM_RUINSOFALPH_ORAN_BERRY,SCRIPT/EVENT,EM_USO,0,0,1,RuinsOfAlph_PuzzleAndRewardChambers,MAPA_UNICO:RuinsOfAlph_PuzzleAndRewardChambers,
0x411,1041,FLAG_ITEM_RUINSOFALPH_PECHA_BERRY,SCRIPT/EVENT,EM_USO,0,0,1,RuinsOfAlph_PuzzleAndRewardChambers,MAPA_UNICO:RuinsOfAlph_PuzzleAndRewardChambers,
0x412,1042,FLAG_ITEM_RUINSOFALPH_STARDUST,SCRIPT/EVENT,EM_USO,0,0,1,RuinsOfAlph_PuzzleAndRewardChambers,MAPA_UNICO:RuinsOfAlph_PuzzleAndRewardChambers,
0x413,1043,FLAG_ITEM_RUINSOFALPH_STAR_PIECE,SCRIPT/EVENT,EM_USO,0,0,1,RuinsOfAlph_PuzzleAndRewardChambers,MAPA_UNICO:RuinsOfAlph_PuzzleAndRewardChambers,
0x414,1044,FLAG_ITEM_RUINSOFALPH_LUM_BERRY_2,SCRIPT/EVENT,EM_USO,0,0,1,RuinsOfAlph_PuzzleAndRewardChambers,MAPA_UNICO:RuinsOfAlph_PuzzleAndRewardChambers,
0x415,1045,FLAG_ITEM_RUINSOFALPH_WATER_STONE,SCRIPT/EVENT,EM_USO,0,0,1,RuinsOfAlph_PuzzleAndRewardChambers,MAPA_UNICO:RuinsOfAlph_PuzzleAndRewardChambers,
0x416,1046,FLAG_ITEM_WHIRL_ISLANDS_1F_ULTRA_BALL,SCRIPT/EVENT,EM_USO,0,0,1,WhirlIslands_1F,MAPA_UNICO:WhirlIslands_1F,
0x417,1047,FLAG_ITEM_WHIRL_ISLANDS_1F_RARE_CANDY,SCRIPT/EVENT,EM_USO,0,0,1,WhirlIslands_1F,MAPA_UNICO:WhirlIslands_1F,
0x418,1048,FLAG_ITEM_WHIRL_ISLANDS_1F_FULL_RESTORE,SCRIPT/EVENT,EM_USO,0,0,1,WhirlIslands_1F,MAPA_UNICO:WhirlIslands_1F,
0x419,1049,FLAG_ITEM_WHIRL_ISLANDS_1F_GUARD_SPEC,SCRIPT/EVENT,EM_USO,0,0,1,WhirlIslands_1F,MAPA_UNICO:WhirlIslands_1F,
0x41A,1050,FLAG_ITEM_WHIRL_ISLANDS_B1F_MAX_REVIVE,SCRIPT/EVENT,EM_USO,0,0,1,WhirlIslands_Descent,MAPA_UNICO:WhirlIslands_Descent,
0x41B,1051,FLAG_ITEM_WHIRL_ISLANDS_B1F_FULL_RESTORE,SCRIPT/EVENT,EM_USO,0,0,1,WhirlIslands_Descent,MAPA_UNICO:WhirlIslands_Descent,
0x41C,1052,FLAG_ITEM_WHIRL_ISLANDS_B1F_PP_MAX,SCRIPT/EVENT,EM_USO,0,0,1,WhirlIslands_Descent,MAPA_UNICO:WhirlIslands_Descent,
0x41D,1053,FLAG_ITEM_WHIRL_ISLANDS_B2F_BIG_NUGGET,SCRIPT/EVENT,EM_USO,0,0,1,WhirlIslands_B1F,MAPA_UNICO:WhirlIslands_B1F,
0x41E,1054,FLAG_ITEM_WHIRL_ISLANDS_B2F_FULL_RESTORE,SCRIPT/EVENT,EM_USO,0,0,1,WhirlIslands_B1F,MAPA_UNICO:WhirlIslands_B1F,
0x41F,1055,FLAG_ITEM_WHIRL_ISLANDS_B2F_CARBOS,SCRIPT/EVENT,EM_USO,0,0,1,WhirlIslands_B1F,MAPA_UNICO:WhirlIslands_B1F,
0x420,1056,FLAG_ITEM_WHIRL_ISLANDS_B2F_CALCIUM,SCRIPT/EVENT,EM_USO,0,2,3,WhirlIslands_B1F,GLOBAL(codigo),
0x421,1057,FLAG_ITEM_WHIRL_ISLANDS_B2F_ESCAPE_ROPE,SCRIPT/EVENT,EM_USO,0,0,1,WhirlIslands_B1F,MAPA_UNICO:WhirlIslands_B1F,
0x422,1058,FLAG_ITEM_ROUTE47_PEARL,SCRIPT/EVENT,EM_USO,0,0,1,Route47,MAPA_UNICO:Route47,
0x423,1059,FLAG_ITEM_ROUTE47_REVIVE,SCRIPT/EVENT,EM_USO,0,0,1,Route47,MAPA_UNICO:Route47,
0x424,1060,FLAG_ITEM_ROUTE47_WHITE_FLUTE,SCRIPT/EVENT,EM_USO,0,0,1,Route47,MAPA_UNICO:Route47,
0x425,1061,FLAG_ITEM_ROUTE47_STARDUST,SCRIPT/EVENT,EM_USO,0,0,1,Route47,MAPA_UNICO:Route47,
0x426,1062,FLAG_ITEM_ROUTE43_MAX_ETHER,SCRIPT/EVENT,EM_USO,0,0,1,Route43,MAPA_UNICO:Route43,
0x427,1063,FLAG_ITEM_LAKEOFRAGE_FULL_RESTORE,SCRIPT/EVENT,EM_USO,0,0,1,LakeOfRage,MAPA_UNICO:LakeOfRage,
0x428,1064,FLAG_ITEM_LAKEOFRAGE_MAX_REVIVE,SCRIPT/EVENT,EM_USO,0,0,1,LakeOfRage,MAPA_UNICO:LakeOfRage,
0x429,1065,FLAG_ITEM_LAKEOFRAGE_RED_FLUTE,SCRIPT/EVENT,EM_USO,0,0,1,LakeOfRage,MAPA_UNICO:LakeOfRage,
0x42A,1066,FLAG_ITEM_ROUTE44_MAX_REPEL,SCRIPT/EVENT,EM_USO,0,0,1,Route44,MAPA_UNICO:Route44,
0x42B,1067,FLAG_ITEM_ROUTE44_ULTRA_BALL,SCRIPT/EVENT,EM_USO,0,0,1,Route44,MAPA_UNICO:Route44,
0x42C,1068,FLAG_ITEM_ROUTE44_ELIXIR,SCRIPT/EVENT,EM_USO,0,0,1,Route44,MAPA_UNICO:Route44,
0x42D,1069,FLAG_ITEM_ROCKETHIDEOUT1_BIG_NUGGET,SCRIPT/EVENT,EM_USO,0,0,2,RocketHideout;RocketHideout_B1F,MULTI_MAPA(2),
0x42E,1070,FLAG_ITEM_ROCKETHIDEOUT1_REVIVE,SCRIPT/EVENT,EM_USO,0,0,2,RocketHideout;RocketHideout_B1F,MULTI_MAPA(2),
0x42F,1071,FLAG_ITEM_ROCKETHIDEOUT1_HYPER_POTION,SCRIPT/EVENT,EM_USO,0,0,2,RocketHideout;RocketHideout_B1F,MULTI_MAPA(2),
0x430,1072,FLAG_ITEM_ROCKETHIDEOUT2_TM_THIEF,SCRIPT/EVENT,EM_USO,0,0,1,RocketHideout_B2F,MAPA_UNICO:RocketHideout_B2F,
0x431,1073,FLAG_ITEM_ROCKETHIDEOUT3_ICE_HEAL,SCRIPT/EVENT,EM_USO,0,0,1,RocketHideout_B3F,MAPA_UNICO:RocketHideout_B3F,
0x432,1074,FLAG_ITEM_ROCKETHIDEOUT3_PROTEIN,SCRIPT/EVENT,EM_USO,0,0,1,RocketHideout_B3F,MAPA_UNICO:RocketHideout_B3F,
0x433,1075,FLAG_ITEM_ROCKETHIDEOUT3_FULL_HEAL,SCRIPT/EVENT,EM_USO,0,0,1,RocketHideout_B3F,MAPA_UNICO:RocketHideout_B3F,
0x434,1076,FLAG_ITEM_ROCKETHIDEOUT3_GUARD_SPEC,SCRIPT/EVENT,EM_USO,0,0,1,RocketHideout_B3F,MAPA_UNICO:RocketHideout_B3F,
0x435,1077,FLAG_ITEM_ROCKETHIDEOUT3_HYPER_POTION,SCRIPT/EVENT,NUNCA_REFERENCIADA,0,0,0,,,
0x436,1078,FLAG_ITEM_ICEPATH1_HM_WATERFALL,SCRIPT/EVENT,EM_USO,0,0,1,IcePath_1F,MAPA_UNICO:IcePath_1F,
0x437,1079,FLAG_ITEM_ICEPATH1_PP_UP,SCRIPT/EVENT,EM_USO,0,0,1,IcePath_1F,MAPA_UNICO:IcePath_1F,
0x438,1080,FLAG_ITEM_ICEPATH1_PROTEIN,SCRIPT/EVENT,EM_USO,0,0,1,IcePath_1F,MAPA_UNICO:IcePath_1F,
0x439,1081,FLAG_ITEM_ICEPATH2_IRON,SCRIPT/EVENT,EM_USO,0,0,1,IcePath_B1F,MAPA_UNICO:IcePath_B1F,
0x43A,1082,FLAG_ITEM_ICEPATH2_REVIVE,SCRIPT/EVENT,EM_USO,0,0,1,IcePath_B1F,MAPA_UNICO:IcePath_B1F,
0x43B,1083,FLAG_ITEM_ICEPATH3_MAX_POTION,SCRIPT/EVENT,EM_USO,0,0,1,IcePath_B2F,MAPA_UNICO:IcePath_B2F,
0x43C,1084,FLAG_ITEM_ICEPATH3_FULL_HEAL,SCRIPT/EVENT,EM_USO,0,0,1,IcePath_B2F,MAPA_UNICO:IcePath_B2F,
0x43D,1085,FLAG_ITEM_ICEPATH3_CARBOS,SCRIPT/EVENT,EM_USO,0,0,1,IcePath_B2F,MAPA_UNICO:IcePath_B2F,
0x43E,1086,FLAG_ITEM_ICEPATH3_NEVER_MELT_ICE,SCRIPT/EVENT,EM_USO,0,0,1,IcePath_B4F,MAPA_UNICO:IcePath_B4F,
0x43F,1087,FLAG_ITEM_DRAGONSDEN2_DRAGON_FANG,SCRIPT/EVENT,EM_USO,0,0,1,DragonsDen_Cavern,MAPA_UNICO:DragonsDen_Cavern,
0x440,1088,FLAG_ITEM_DRAGONSDEN2_MAX_POTION,SCRIPT/EVENT,EM_USO,0,0,1,DragonsDen_Cavern,MAPA_UNICO:DragonsDen_Cavern,
0x441,1089,FLAG_ITEM_DRAGONSDEN2_PP_MAX,SCRIPT/EVENT,EM_USO,0,0,2,DragonsDen_Cavern,GLOBAL(codigo),
0x442,1090,FLAG_ITEM_ROUTE45_ELIXIR,SCRIPT/EVENT,EM_USO,0,0,1,Route45,MAPA_UNICO:Route45,
0x443,1091,FLAG_ITEM_ROUTE45_MAX_POTION,SCRIPT/EVENT,EM_USO,0,0,1,Route45,MAPA_UNICO:Route45,
0x444,1092,FLAG_ITEM_ROUTE45_FULL_HEAL,SCRIPT/EVENT,EM_USO,0,0,1,Route45,MAPA_UNICO:Route45,
0x445,1093,FLAG_ITEM_ROUTE45_NUGGET,SCRIPT/EVENT,EM_USO,0,0,1,Route45,MAPA_UNICO:Route45,
0x446,1094,FLAG_ITEM_ROUTE46_REVIVE,SCRIPT/EVENT,EM_USO,0,0,2,Route46,GLOBAL(codigo),
0x447,1095,FLAG_ITEM_DARKCAVE1_REVIVE,SCRIPT/EVENT,EM_USO,0,0,1,DarkCave_SouthSide,MAPA_UNICO:DarkCave_SouthSide,
0x448,1096,FLAG_ITEM_DARKCAVE1_POTION,SCRIPT/EVENT,EM_USO,0,0,1,DarkCave_SouthSide,MAPA_UNICO:DarkCave_SouthSide,
0x449,1097,FLAG_ITEM_DARKCAVE1_ELIXIR,SCRIPT/EVENT,EM_USO,0,0,1,DarkCave_SouthSide,MAPA_UNICO:DarkCave_SouthSide,
0x44A,1098,FLAG_ITEM_DARKCAVE1_MAX_REVIVE,SCRIPT/EVENT,EM_USO,0,0,1,DarkCave_SouthSide,MAPA_UNICO:DarkCave_SouthSide,
0x44B,1099,FLAG_ITEM_DARKCAVE2_BLACK_FLUTE,SCRIPT/EVENT,EM_USO,0,0,2,DarkCave_NorthSide,GLOBAL(codigo),
0x44C,1100,FLAG_ITEM_DARKCAVE2_STAR_PIECE,SCRIPT/EVENT,EM_USO,0,0,1,DarkCave_NorthSide,MAPA_UNICO:DarkCave_NorthSide,
0x44D,1101,FLAG_ITEM_OLIVINE_TM_SHOCKWAVE,SCRIPT/EVENT,EM_USO,1,1,2,OlivineCity,GLOBAL(codigo),
0x44E,1102,FLAG_ITEM_ROUTE27_MOONSTONE,SCRIPT/EVENT,EM_USO,0,0,1,Route27,MAPA_UNICO:Route27,
0x44F,1103,FLAG_ITEM_ROUTE27_SOLARBEAM,SCRIPT/EVENT,EM_USO,0,0,1,Route27,MAPA_UNICO:Route27,
0x450,1104,FLAG_ITEM_ROUTE27_RARECANDY,SCRIPT/EVENT,EM_USO,0,0,1,Route27,MAPA_UNICO:Route27,
0x451,1105,FLAG_ITEM_ROUTE27_REVIVE,SCRIPT/EVENT,EM_USO,0,0,1,Route27,MAPA_UNICO:Route27,
0x452,1106,FLAG_ITEM_TOHJOFALLS_HEART_SCALE,SCRIPT/EVENT,EM_USO,0,3,3,TohjoFalls_Cavern,GLOBAL(codigo),
0x453,1107,FLAG_ITEM_VICTORYROAD1_MAX_REVIVE,SCRIPT/EVENT,EM_USO,0,0,1,VictoryRoadKanto_B2F,MAPA_UNICO:VictoryRoadKanto_B2F,
0x454,1108,FLAG_ITEM_VICTORYROAD1_FULL_HEAL,SCRIPT/EVENT,EM_USO,0,0,1,VictoryRoadKanto_B2F,MAPA_UNICO:VictoryRoadKanto_B2F,
0x455,1109,FLAG_ITEM_VICTORYROAD1_POTION,SCRIPT/EVENT,EM_USO,0,0,1,VictoryRoadKanto_B2F,MAPA_UNICO:VictoryRoadKanto_B2F,
0x456,1110,FLAG_ITEM_VICTORYROAD2_FULL_RESTORE,SCRIPT/EVENT,EM_USO,0,0,1,VictoryRoadKanto_B1F,MAPA_UNICO:VictoryRoadKanto_B1F,
0x457,1111,FLAG_ITEM_VICTORYROAD2_HP_UP,SCRIPT/EVENT,EM_USO,0,0,1,VictoryRoadKanto_B1F,MAPA_UNICO:VictoryRoadKanto_B1F,
0x458,1112,FLAG_ITEM_VICTORYROAD2_MAX_REVIVE,SCRIPT/EVENT,EM_USO,0,0,2,VictoryRoadKanto_B1F,GLOBAL(codigo),
0x459,1113,FLAG_ITEM_VICTORYROAD3_RARE_CANDY,SCRIPT/EVENT,EM_USO,0,0,1,VictoryRoadKanto_1F,MAPA_UNICO:VictoryRoadKanto_1F,
0x45A,1114,FLAG_ITEM_VICTORYROAD3_MAX_ETHER,SCRIPT/EVENT,EM_USO,0,0,1,VictoryRoadKanto_1F,MAPA_UNICO:VictoryRoadKanto_1F,
0x45B,1115,FLAG_ITEM_VICTORYROAD3_ULTRA_BALL,SCRIPT/EVENT,EM_USO,0,0,1,VictoryRoadKanto_1F,MAPA_UNICO:VictoryRoadKanto_1F,
0x45C,1116,FLAG_ITEM_ICEPATH4_TM_BLIZZARD,SCRIPT/EVENT,EM_USO,2,2,2,IcePath_B3F;IcePath_Depths,MULTI_MAPA(2),
0x45D,1117,FLAG_ITEM_ROCKTUNNEL1_TM_FACADE,SCRIPT/EVENT,NUNCA_REFERENCIADA,0,0,0,,,
0x45E,1118,FLAG_ITEM_ROCKTUNNEL1_ELIXIR,SCRIPT/EVENT,EM_USO,0,0,1,RockTunnel_B1F,MAPA_UNICO:RockTunnel_B1F,
0x45F,1119,FLAG_ITEM_ROCKTUNNEL2_IRON,SCRIPT/EVENT,EM_USO,0,0,1,RockTunnel_1F,MAPA_UNICO:RockTunnel_1F,
0x460,1120,FLAG_ITEM_ROCKTUNNEL2_PP_UP,SCRIPT/EVENT,EM_USO,0,0,1,RockTunnel_1F,MAPA_UNICO:RockTunnel_1F,
0x461,1121,FLAG_ITEM_ROUTE10_ULTRABALL,SCRIPT/EVENT,EM_USO,0,0,1,Route10,MAPA_UNICO:Route10,
0x462,1122,FLAG_ITEM_VERMILION_OLD_SEA_MAP,SCRIPT/EVENT,EM_USO,0,0,1,VermilionCity,MAPA_UNICO:VermilionCity,
0x463,1123,FLAG_ITEM_CELADON_LEFTOVERS,SCRIPT/EVENT,NUNCA_REFERENCIADA,0,0,0,,,
0x464,1124,FLAG_ITEM_ROUTE12_ELIXIR,SCRIPT/EVENT,EM_USO,0,0,1,Route12,MAPA_UNICO:Route12,
0x465,1125,FLAG_DEFEATED_ENTEI,SCRIPT/EVENT,SO_MAPAS_FORA_DA_ROM,0,1,2,,,
0x466,1126,FLAG_DEFEATED_RAIKOU,SCRIPT/EVENT,SO_MAPAS_FORA_DA_ROM,0,1,2,,,
0x467,1127,FLAG_DEFEATED_SUICUNE,SCRIPT/EVENT,SO_MAPAS_FORA_DA_ROM,0,1,2,,,
0x468,1128,FLAG_DEFEATEDCELEBI,SCRIPT/EVENT,NUNCA_REFERENCIADA,0,0,0,,,
0x469,1129,FLAG_ITEM_ROUTE12_CALCIUM,SCRIPT/EVENT,EM_USO,0,0,1,Route12,MAPA_UNICO:Route12,
0x46A,1130,FLAG_ITEM_ROUTE13_CALCIUM,SCRIPT/EVENT,NUNCA_REFERENCIADA,0,0,0,,,
0x46B,1131,FLAG_ITEM_ROUTE15_PP_UP,SCRIPT/EVENT,EM_USO,0,0,1,Route15,MAPA_UNICO:Route15,
0x46C,1132,FLAG_ITEM_ROUTE2_CARBOS,SCRIPT/EVENT,EM_USO,0,0,1,Route2,MAPA_UNICO:Route2,
0x46D,1133,FLAG_ITEM_ROUTE2_NUGGET,SCRIPT/EVENT,EM_USO,0,0,1,Route2,MAPA_UNICO:Route2,"Unused Flag, leftover from R/S. HM08 is given to the player directly in Emerald"
0x46E,1134,FLAG_ITEM_VIRIDIANFOREST_MAX_POTION,SCRIPT/EVENT,EM_USO,0,0,1,ViridianForest,MAPA_UNICO:ViridianForest,
0x46F,1135,FLAG_ITEM_VIRIDIANFOREST_DIRE_HIT,SCRIPT/EVENT,EM_USO,0,0,1,ViridianForest,MAPA_UNICO:ViridianForest,
0x470,1136,FLAG_CAUGHT_CELEBI,SCRIPT/EVENT,EM_USO,3,3,6,AzaleaTown_KurtsHouse;IlexForest;PokemonLeague_HallOfFame,GLOBAL(codigo),
0x471,1137,FLAG_ITEM_VIRIDIANFOREST_ELIXIR,SCRIPT/EVENT,EM_USO,0,0,1,ViridianForest,MAPA_UNICO:ViridianForest,
0x472,1138,FLAG_ITEM_VIRIDIANFOREST_REVIVE,SCRIPT/EVENT,EM_USO,0,0,1,ViridianForest,MAPA_UNICO:ViridianForest,
0x473,1139,FLAG_ITEM_VIRIDIANFOREST_FULL_RESTORE,SCRIPT/EVENT,EM_USO,0,0,1,ViridianForest,MAPA_UNICO:ViridianForest,
0x474,1140,FLAG_ITEM_VIRIDIANFOREST_MAX_ETHER,SCRIPT/EVENT,EM_USO,0,0,1,ViridianForest,MAPA_UNICO:ViridianForest,
0x475,1141,FLAG_HIDE_MTSILVER_GUARD,SCRIPT/EVENT,EM_USO,0,2,3,NewBarkTown_Lab;Route28,MULTI_MAPA(2),
0x476,1142,FLAG_ITEM_ROUTE4_ULTRABALL,SCRIPT/EVENT,EM_USO,0,0,1,Route4,MAPA_UNICO:Route4,
0x477,1143,FLAG_ITEM_ROUTE4_HPUP,SCRIPT/EVENT,EM_USO,0,0,1,Route4,MAPA_UNICO:Route4,
0x478,1144,FLAG_ITEM_MTMOON_MOONSTONE,SCRIPT/EVENT,NUNCA_REFERENCIADA,0,0,0,,,
0x479,1145,FLAG_EVEN_FASTER_JOY,SCRIPT/EVENT,NUNCA_REFERENCIADA,0,0,0,,,
0x47A,1146,FLAG_ITEM_MTSILVER_FULLRESTORE,SCRIPT/EVENT,EM_USO,0,0,1,MtSilver_1F_WaterfallRoom,MAPA_UNICO:MtSilver_1F_WaterfallRoom,
0x47B,1147,FLAG_ITEM_MTSILVER_DIREHIT,SCRIPT/EVENT,EM_USO,0,0,1,MtSilver_1F_WaterfallRoom,MAPA_UNICO:MtSilver_1F_WaterfallRoom,
0x47C,1148,FLAG_ITEM_MTSILVER_ULTRABALL,SCRIPT/EVENT,EM_USO,0,0,1,MtSilver_1F_WaterfallRoom,MAPA_UNICO:MtSilver_1F_WaterfallRoom,
0x47D,1149,FLAG_ITEM_MTSILVER_MAXPOTION,SCRIPT/EVENT,EM_USO,0,0,1,MtSilver_1F_WaterfallRoom,MAPA_UNICO:MtSilver_1F_WaterfallRoom,
0x47E,1150,FLAG_ITEM_MTSILVER_SPELL_TAG,SCRIPT/EVENT,EM_USO,0,0,1,MtSilver_1F_ItemRoom,MAPA_UNICO:MtSilver_1F_ItemRoom,
0x47F,1151,FLAG_ITEM_MTSILVER_NERVERMELTICE,SCRIPT/EVENT,EM_USO,0,0,1,MtSilver_Snow,MAPA_UNICO:MtSilver_Snow,
0x480,1152,FLAG_ITEM_MTSILVER_RARECANDY,SCRIPT/EVENT,EM_USO,0,0,1,MtSilver_Snow,MAPA_UNICO:MtSilver_Snow,
0x481,1153,FLAG_ITEM_CERULEANCAVE1_MAX_ELIXIR,SCRIPT/EVENT,EM_USO,0,0,1,CeruleanCave_1F,MAPA_UNICO:CeruleanCave_1F,
0x482,1154,FLAG_ITEM_CERULEANCAVE1_RARE_CANDY,SCRIPT/EVENT,EM_USO,0,0,1,CeruleanCave_1F,MAPA_UNICO:CeruleanCave_1F,
0x483,1155,FLAG_ITEM_CERULEANCAVE1_PP_UP,SCRIPT/EVENT,EM_USO,0,0,1,CeruleanCave_1F,MAPA_UNICO:CeruleanCave_1F,
0x484,1156,FLAG_ITEM_CERULEANCAVE2_ZINC,SCRIPT/EVENT,EM_USO,0,0,1,CeruleanCave_B1F,MAPA_UNICO:CeruleanCave_B1F,
0x485,1157,FLAG_ITEM_CERULEANCAVE2_PROTEIN,SCRIPT/EVENT,EM_USO,0,0,1,CeruleanCave_B1F,MAPA_UNICO:CeruleanCave_B1F,
0x486,1158,FLAG_ITEM_CERULEANCAVE2_BIG_PEARL,SCRIPT/EVENT,EM_USO,0,0,1,CeruleanCave_B1F,MAPA_UNICO:CeruleanCave_B1F,
0x487,1159,FLAG_ITEM_CERULEANCAVE3_MAX_REVIVE,SCRIPT/EVENT,EM_USO,0,0,1,CeruleanCave_B2F,MAPA_UNICO:CeruleanCave_B2F,
0x488,1160,FLAG_ITEM_CERULEANCAVE3_ULTRA_BALL,SCRIPT/EVENT,EM_USO,0,0,1,CeruleanCave_B2F,MAPA_UNICO:CeruleanCave_B2F,
0x489,1161,FLAG_ITEM_ROUTE20_SHELL_BELL,SCRIPT/EVENT,NUNCA_REFERENCIADA,0,0,0,,,
0x48A,1162,FLAG_ITEM_ARTISAN_CAVE_B1F_HP_UP,SCRIPT/EVENT,SO_MAPAS_FORA_DA_ROM,0,0,1,,,
0x48B,1163,FLAG_ITEM_ARTISAN_CAVE_1F_CARBOS,SCRIPT/EVENT,SO_MAPAS_FORA_DA_ROM,0,0,1,,,
0x48C,1164,FLAG_ITEM_MAGMA_HIDEOUT_2F_2R_MAX_ELIXIR,SCRIPT/EVENT,SO_MAPAS_FORA_DA_ROM,0,0,1,,,
0x48D,1165,FLAG_ITEM_MAGMA_HIDEOUT_2F_2R_FULL_RESTORE,SCRIPT/EVENT,SO_MAPAS_FORA_DA_ROM,0,0,1,,,
0x48E,1166,FLAG_ITEM_MAGMA_HIDEOUT_3F_1R_NUGGET,SCRIPT/EVENT,SO_MAPAS_FORA_DA_ROM,0,0,1,,,
0x48F,1167,FLAG_ITEM_MAGMA_HIDEOUT_3F_2R_PP_MAX,SCRIPT/EVENT,SO_MAPAS_FORA_DA_ROM,0,0,1,,,
0x490,1168,FLAG_ITEM_MAGMA_HIDEOUT_4F_MAX_REVIVE,SCRIPT/EVENT,SO_MAPAS_FORA_DA_ROM,0,0,1,,,
0x491,1169,FLAG_ITEM_SAFARI_ZONE_NORTH_EAST_NUGGET,SCRIPT/EVENT,SO_MAPAS_FORA_DA_ROM,0,0,1,,,
0x492,1170,FLAG_ITEM_SAFARI_ZONE_SOUTH_EAST_BIG_PEARL,SCRIPT/EVENT,SO_MAPAS_FORA_DA_ROM,0,0,1,,,
0x493,1171,FLAG_JIRACHI,SCRIPT/EVENT,NUNCA_REFERENCIADA,0,0,0,,,
0x494,1172,FLAG_ROBERTO1,SCRIPT/EVENT,NUNCA_REFERENCIADA,0,0,0,,,
0x495,1173,FLAG_ENTEI_BATTLE_1,SCRIPT/EVENT,SO_MAPAS_FORA_DA_ROM,0,1,2,,,
0x496,1174,FLAG_ENTEI_BATTLE_2,SCRIPT/EVENT,SO_MAPAS_FORA_DA_ROM,0,1,2,,,
0x497,1175,FLAG_ENTEI_BATTLE_3,SCRIPT/EVENT,SO_MAPAS_FORA_DA_ROM,0,1,2,,,
0x498,1176,FLAG_INCREASE_DIFFICULTY,SCRIPT/EVENT,NUNCA_REFERENCIADA,0,0,0,,,
0x499,1177,FLAG_ROCKETHIDEOUT2_BATTLE,SCRIPT/EVENT,SO_ESCRITA,0,2,1,RocketHideout_B2F,MAPA_UNICO:RocketHideout_B2F,
0x49A,1178,FLAG_RAIKOU_BATTLE_1,SCRIPT/EVENT,SO_MAPAS_FORA_DA_ROM,0,1,2,,,
0x49B,1179,FLAG_LANDMARK_DRACO_CHAMBER,SCRIPT/EVENT,NUNCA_REFERENCIADA,0,0,0,,,
0x49C,1180,FLAG_RAIKOU_BATTLE_2,SCRIPT/EVENT,SO_MAPAS_FORA_DA_ROM,0,1,2,,,
0x49D,1181,FLAG_SUICUNE_BATTLE_1,SCRIPT/EVENT,SO_MAPAS_FORA_DA_ROM,0,1,2,,,
0x49E,1182,FLAG_SUICUNE_BATTLE_2,SCRIPT/EVENT,SO_MAPAS_FORA_DA_ROM,0,1,2,,,
0x49F,1183,FLAG_NO_SLOW_STAIR_MOVEMENT,SCRIPT/EVENT,NUNCA_REFERENCIADA,0,0,0,,,"Used to temporaly remove slow stair movement, as it glitches things"
0x4A0,1184,FLAG_ITEM_ROUTE_29_POTION,SCRIPT/EVENT,EM_USO,0,0,1,Route29,MAPA_UNICO:Route29,
0x4A1,1185,FLAG_ITEM_ROUTE_31_ANTIDOE,SCRIPT/EVENT,EM_USO,0,0,1,Route31,MAPA_UNICO:Route31,
0x4A2,1186,FLAG_ITEM_ROUTE_31_POKEBALL,SCRIPT/EVENT,EM_USO,0,0,1,Route31,MAPA_UNICO:Route31,
0x4A3,1187,FLAG_ITEM_VIOLET_CITY_PECHA_BERRY,SCRIPT/EVENT,EM_USO,0,0,1,VioletCity,MAPA_UNICO:VioletCity,
0x4A4,1188,FLAG_ITEM_VIOLET_CITY_RARE_CANDY,SCRIPT/EVENT,EM_USO,0,0,1,VioletCity,MAPA_UNICO:VioletCity,
0x4A5,1189,FLAG_ITEM_VIOLET_CITY_HYPER_POTION,SCRIPT/EVENT,EM_USO,0,0,1,VioletCity,MAPA_UNICO:VioletCity,
0x4A6,1190,FLAG_EXP_SHARE,SCRIPT/EVENT,SO_ESCRITA,0,4,2,NewBarkTown_Lab,MAPA_UNICO:NewBarkTown_Lab,EXP SHARE
0x4A7,1191,FLAG_ITEM_SPROUT_TOWER_PARALYZE_HEAL,SCRIPT/EVENT,EM_USO,0,0,1,SproutTower_1F,MAPA_UNICO:SproutTower_1F,
0x4A8,1192,FLAG_ITEM_SPROUT_TOWER_X_DEFEND,SCRIPT/EVENT,EM_USO,0,0,1,SproutTower_2F,MAPA_UNICO:SproutTower_2F,
0x4A9,1193,FLAG_ITEM_SPROUT_TOWER_POTION,SCRIPT/EVENT,EM_USO,0,0,1,SproutTower_3F,MAPA_UNICO:SproutTower_3F,
0x4AA,1194,FLAG_ITEM_SPROUT_TOWER_ESCAPE_ROPE,SCRIPT/EVENT,EM_USO,0,0,1,SproutTower_3F,MAPA_UNICO:SproutTower_3F,
0x4AB,1195,FLAG_GOLDENROD_APARTMENTS_SMARTSTRIKE,SCRIPT/EVENT,EM_USO,0,0,1,GoldenrodApartment,MAPA_UNICO:GoldenrodApartment,
0x4AC,1196,FLAG_GOLDENROD_SMACKDOWN,SCRIPT/EVENT,EM_USO,2,2,2,GoldenrodCity,MAPA_UNICO:GoldenrodCity,
0x4AD,1197,FLAG_HIDE_R47_CHUCK,SCRIPT/EVENT,EM_USO,0,4,5,Route47,GLOBAL(codigo),
0x4AE,1198,FLAG_ITEM_GS_BALL,SCRIPT/EVENT,EM_USO,0,0,1,RuinsOfAlph_SecretRoom,MAPA_UNICO:RuinsOfAlph_SecretRoom,
0x4AF,1199,FLAG_CLAIR_ON_TRIP,SCRIPT/EVENT,EM_USO,0,2,3,BlackthornCity_Gym;DragonsDen_Cavern,MULTI_MAPA(2),
0x4B0,1200,FLAG_ITEM_ROUTE_32_GREATBALL,SCRIPT/EVENT,EM_USO,0,0,1,Route32,MAPA_UNICO:Route32,
0x4B1,1201,FLAG_ITEM_ROUTE_32_GREATBALL2,SCRIPT/EVENT,EM_USO,0,0,1,Route32,MAPA_UNICO:Route32,
0x4B2,1202,FLAG_ITEM_ROUTE_32_POTION,SCRIPT/EVENT,EM_USO,0,0,1,Route32,MAPA_UNICO:Route32,
0x4B3,1203,FLAG_ITEM_ROUTE_32_TERRAIN_EXTENDER,SCRIPT/EVENT,EM_USO,0,0,1,Route32,MAPA_UNICO:Route32,
0x4B4,1204,FLAG_ITEM_UNION_CAVE_POTION,SCRIPT/EVENT,EM_USO,0,0,1,UnionCave_1F,MAPA_UNICO:UnionCave_1F,
0x4B5,1205,FLAG_ITEM_UNION_CAVE_GREAT_BALL,SCRIPT/EVENT,EM_USO,0,0,1,UnionCave_1F,MAPA_UNICO:UnionCave_1F,
0x4B6,1206,FLAG_ITEM_UNION_CAVE_X_ATTACK,SCRIPT/EVENT,EM_USO,0,0,1,UnionCave_1F,MAPA_UNICO:UnionCave_1F,
0x4B7,1207,FLAG_ITEM_UNION_CAVE_AWAKENING,SCRIPT/EVENT,EM_USO,0,0,1,UnionCave_1F,MAPA_UNICO:UnionCave_1F,
0x4B8,1208,FLAG_ITEM_UNION_CAVE_SECRET_POWER,SCRIPT/EVENT,EM_USO,0,0,1,UnionCave_B1F,MAPA_UNICO:UnionCave_B1F,
0x4B9,1209,FLAG_ITEM_UNION_CAVE_DAMP_ROCK,SCRIPT/EVENT,EM_USO,0,0,1,UnionCave_B1F,MAPA_UNICO:UnionCave_B1F,
0x4BA,1210,FLAG_ITEM_UNION_CAVE_ETHER,SCRIPT/EVENT,EM_USO,0,0,2,UnionCave_B2F,GLOBAL(codigo),
0x4BB,1211,FLAG_ITEM_UNION_CAVE_HYPERPOTION,SCRIPT/EVENT,EM_USO,0,0,1,UnionCave_B2F,MAPA_UNICO:UnionCave_B2F,
0x4BC,1212,FLAG_ITEM_UNION_CAVE_MAXREVIVE,SCRIPT/EVENT,EM_USO,0,0,1,UnionCave_B2F,MAPA_UNICO:UnionCave_B2F,
0x4BD,1213,FLAG_ITEM_SLOWPOKE_WELL_SUPER_POTION,SCRIPT/EVENT,EM_USO,0,0,1,SlowpokeWell_B1F,MAPA_UNICO:SlowpokeWell_B1F,
0x4BE,1214,FLAG_ITEM_SLOWPOKE_WELL_SUPER_POTION2,SCRIPT/EVENT,EM_USO,0,0,1,SlowpokeWell_B1F,MAPA_UNICO:SlowpokeWell_B1F,
0x4BF,1215,FLAG_ITEM_SLOWPOKE_WELL_GREAT_BALL,SCRIPT/EVENT,EM_USO,0,0,1,SlowpokeWell_B1F,MAPA_UNICO:SlowpokeWell_B1F,
0x4C0,1216,FLAG_ITEM_SLOWPOKE_WELL_FULL_HEAL,SCRIPT/EVENT,EM_USO,0,0,1,SlowpokeWell_B1F,MAPA_UNICO:SlowpokeWell_B1F,
0x4C1,1217,FLAG_ITEM_SLOWPOKE_WELL_KINGS_ROCK,SCRIPT/EVENT,EM_USO,0,0,1,SlowpokeWell_B2F,MAPA_UNICO:SlowpokeWell_B2F,
0x4C2,1218,FLAG_ITEM_SLOWPOKE_WELL_RAIN_DANCE,SCRIPT/EVENT,EM_USO,1,3,3,AzaleaTown;SlowpokeWell_B2F,MULTI_MAPA(2),
0x4C3,1219,FLAG_ITEM_ILEX_FOREST_ETHER,SCRIPT/EVENT,EM_USO,0,0,1,IlexForest,MAPA_UNICO:IlexForest,
0x4C4,1220,FLAG_ITEM_ILEX_FOREST_SUPER_POTION,SCRIPT/EVENT,EM_USO,0,0,1,IlexForest,MAPA_UNICO:IlexForest,
0x4C5,1221,FLAG_ITEM_ILEX_FOREST_FULL_HEAL,SCRIPT/EVENT,EM_USO,0,0,1,IlexForest,MAPA_UNICO:IlexForest,
0x4C6,1222,FLAG_ITEM_ILEX_FOREST_TM_SUNNY_DAY,SCRIPT/EVENT,EM_USO,0,0,1,IlexForest,MAPA_UNICO:IlexForest,
0x4C7,1223,FLAG_ITEM_ROUTE34_SUPERPOTION,SCRIPT/EVENT,EM_USO,0,0,1,Route34,MAPA_UNICO:Route34,
0x4C8,1224,FLAG_ITEM_ROUTE34_RARECANDY,SCRIPT/EVENT,EM_USO,0,0,1,Route34,MAPA_UNICO:Route34,
0x4C9,1225,FLAG_ITEM_ROUTE34_SOFTSAND,SCRIPT/EVENT,EM_USO,0,0,1,Route34,MAPA_UNICO:Route34,
0x4CA,1226,FLAG_ITEM_GOLDENROD_UNDERGROUND_COIN_CASE,SCRIPT/EVENT,EM_USO,0,0,1,GoldenrodCity_UndergroundTunnel,MAPA_UNICO:GoldenrodCity_UndergroundTunnel,
0x4CB,1227,FLAG_ITEM_GOLDENROD_UNDERGROUND_SUPER_POTION,SCRIPT/EVENT,EM_USO,0,0,1,GoldenrodCity_UndergroundTunnel,MAPA_UNICO:GoldenrodCity_UndergroundTunnel,
0x4CC,1228,FLAG_ITEM_NATIONAL_PARK_HERACRONITE,SCRIPT/EVENT,EM_USO,0,0,2,NationalPark_Normal,GLOBAL(codigo),
0x4CD,1229,FLAG_BOUGHT_EXP_JAR,SCRIPT/EVENT,EM_USO,2,2,2,MauvilleCity_GameCorner,MAPA_UNICO:MauvilleCity_GameCorner,
0x4CE,1230,FLAG_ITEM_GOLDENROD_UNDERGROUND_AMULET_COIN,SCRIPT/EVENT,EM_USO,0,0,1,GoldenrodCity_DepartmentStoreBasement,MAPA_UNICO:GoldenrodCity_DepartmentStoreBasement,
0x4CF,1231,FLAG_ITEM_GOLDENROD_UNDERGROUND_EXP_SHARE,SCRIPT/EVENT,EM_USO,0,0,1,GoldenrodCity_DepartmentStoreBasement,MAPA_UNICO:GoldenrodCity_DepartmentStoreBasement,
0x4D0,1232,FLAG_ITEM_GOLDENROD_UNDERGROUND_ULTRA_BALL,SCRIPT/EVENT,EM_USO,0,0,1,GoldenrodCity_DepartmentStoreBasement,MAPA_UNICO:GoldenrodCity_DepartmentStoreBasement,
0x4D1,1233,FLAG_ITEM_GOLDENROD_UNDERGROUND_ETHER,SCRIPT/EVENT,EM_USO,0,0,1,GoldenrodCity_DepartmentStoreBasement,MAPA_UNICO:GoldenrodCity_DepartmentStoreBasement,
0x4D2,1234,FLAG_ITEM_GOLDENROD_UNDERGROUND_ULTRA_BALL2,SCRIPT/EVENT,EM_USO,0,0,1,GoldenrodCity_UndergroundStorage,MAPA_UNICO:GoldenrodCity_UndergroundStorage,
0x4D3,1235,FLAG_ITEM_GOLDENROD_UNDERGROUND_TM_CALM_MIND,SCRIPT/EVENT,EM_USO,0,0,1,GoldenrodCity_UndergroundStorage,MAPA_UNICO:GoldenrodCity_UndergroundStorage,
0x4D4,1236,FLAG_ITEM_GOLDENROD_UNDERGROUND_MAX_ETHER,SCRIPT/EVENT,EM_USO,0,0,1,GoldenrodCity_UndergroundStorage,MAPA_UNICO:GoldenrodCity_UndergroundStorage,
0x4D5,1237,FLAG_ITEM_GOLDENROD_UNDERGROUND_MAX_POTION,SCRIPT/EVENT,EM_USO,0,0,1,GoldenrodCity_UndergroundSwitches,MAPA_UNICO:GoldenrodCity_UndergroundSwitches,
0x4D6,1238,FLAG_ITEM_GOLDENROD_UNDERGROUND_REVIVE,SCRIPT/EVENT,EM_USO,0,0,1,GoldenrodCity_UndergroundSwitches,MAPA_UNICO:GoldenrodCity_UndergroundSwitches,
0x4D7,1239,FLAG_ITEM_GOLDENROD_UNDERGROUND_SMOKE_BALL,SCRIPT/EVENT,EM_USO,0,0,1,GoldenrodCity_UndergroundSwitches,MAPA_UNICO:GoldenrodCity_UndergroundSwitches,
0x4D8,1240,FLAG_ITEM_ROUTE35_ROCK_TOMB,SCRIPT/EVENT,EM_USO,0,0,1,Route35,MAPA_UNICO:Route35,
0x4D9,1241,FLAG_ITEM_ROUTE35_PARALYZE_HEAL,SCRIPT/EVENT,EM_USO,0,0,1,Route35,MAPA_UNICO:Route35,
0x4DA,1242,FLAG_ITEM_ROUTE35_BIG_NUGGET,SCRIPT/EVENT,EM_USO,0,0,1,Route35,MAPA_UNICO:Route35,
0x4DB,1243,FLAG_ITEM_NATIONAL_PARK_SOOTHE_BELL,SCRIPT/EVENT,EM_USO,0,0,1,NationalPark_Normal,MAPA_UNICO:NationalPark_Normal,
0x4DC,1244,FLAG_ITEM_NATIONAL_PARK_TM_DIG,SCRIPT/EVENT,EM_USO,0,0,1,NationalPark_Normal,MAPA_UNICO:NationalPark_Normal,
0x4DD,1245,FLAG_ITEM_ECRUTEAK_RARE_CANDY,SCRIPT/EVENT,EM_USO,0,0,1,EcruteakCity,MAPA_UNICO:EcruteakCity,
0x4DE,1246,FLAG_ITEM_BELLCHIME_BIG_MUSHROOM,SCRIPT/EVENT,NUNCA_REFERENCIADA,0,0,0,,,
0x4DF,1247,FLAG_ITEM_TIN_TOWER_3F_FULL_HEAL,SCRIPT/EVENT,EM_USO,0,0,1,TinTower_3F,MAPA_UNICO:TinTower_3F,
0x4E0,1248,FLAG_ITEM_TIN_TOWER_4F_ULTRA_BALL,SCRIPT/EVENT,EM_USO,0,0,1,TinTower_4F,MAPA_UNICO:TinTower_4F,
0x4E1,1249,FLAG_ITEM_TIN_TOWER_4F_ESCAPE_ROPE,SCRIPT/EVENT,EM_USO,0,0,1,TinTower_4F,MAPA_UNICO:TinTower_4F,
0x4E2,1250,FLAG_ITEM_TIN_TOWER_4F_MAX_POTION,SCRIPT/EVENT,EM_USO,0,0,1,TinTower_4F,MAPA_UNICO:TinTower_4F,
0x4E3,1251,FLAG_ITEM_TIN_TOWER_5F_RARE_CANDY,SCRIPT/EVENT,EM_USO,0,0,1,TinTower_5F,MAPA_UNICO:TinTower_5F,
0x4E4,1252,FLAG_ITEM_TIN_TOWER_5F_MAX_POTION,SCRIPT/EVENT,EM_USO,0,0,1,TinTower_6F,MAPA_UNICO:TinTower_6F,
0x4E5,1253,FLAG_ITEM_TIN_TOWER_5F_CARBOS,SCRIPT/EVENT,EM_USO,0,0,1,TinTower_5F,MAPA_UNICO:TinTower_5F,
0x4E6,1254,FLAG_ITEM_TIN_TOWER_7F_MAX_REVIVE,SCRIPT/EVENT,EM_USO,0,0,1,TinTower_7F,MAPA_UNICO:TinTower_7F,
0x4E7,1255,FLAG_ITEM_TIN_TOWER_8F_FULL_RESTORE,SCRIPT/EVENT,EM_USO,0,0,1,TinTower_8F,MAPA_UNICO:TinTower_8F,
0x4E8,1256,FLAG_ITEM_TIN_TOWER_8F_MAX_ELIXIR,SCRIPT/EVENT,EM_USO,0,0,1,TinTower_9F,MAPA_UNICO:TinTower_9F,
0x4E9,1257,FLAG_ITEM_TIN_TOWER_8F_BIG_NUGGET,SCRIPT/EVENT,EM_USO,0,0,1,TinTower_9F,MAPA_UNICO:TinTower_9F,
0x4EA,1258,FLAG_ITEM_BURNED_TOWER_1F_HP_UP,SCRIPT/EVENT,EM_USO,0,0,1,BurnedTower_1F,MAPA_UNICO:BurnedTower_1F,
0x4EB,1259,FLAG_ITEM_BURNED_TOWER_1F_ETHER,SCRIPT/EVENT,EM_USO,0,0,1,BurnedTower_1F,MAPA_UNICO:BurnedTower_1F,
0x4EC,1260,FLAG_ITEM_BURNED_TOWER_B1F_TM_TAUNT,SCRIPT/EVENT,EM_USO,0,0,1,BurnedTower_B1F,MAPA_UNICO:BurnedTower_B1F,
0x4ED,1261,FLAG_ITEM_BURNED_TOWER_B1F_ULTRA_BALL,SCRIPT/EVENT,EM_USO,0,0,1,BurnedTower_B1F,MAPA_UNICO:BurnedTower_B1F,
0x4EE,1262,FLAG_ITEM_ROUTE38_LAX_INCENSE,SCRIPT/EVENT,EM_USO,0,0,1,Route38,MAPA_UNICO:Route38,
0x4EF,1263,FLAG_ITEM_ROUTE39_TM_DRAIN_PUNCH,SCRIPT/EVENT,EM_USO,0,0,1,Route39,MAPA_UNICO:Route39,
0x4F0,1264,FLAG_DEFEATED_VIOLET_GYM,SCRIPT/EVENT,EM_USO,8,2,5,Route32;VioletCity_Gym,GLOBAL(codigo),
0x4F1,1265,FLAG_DEFEATED_AZALEA_TOWN_GYM,SCRIPT/EVENT,EM_USO,4,2,3,AzaleaTown_Gym,GLOBAL(codigo),
0x4F2,1266,FLAG_DEFEATED_GOLDENROD_CITY_GYM,SCRIPT/EVENT,EM_USO,8,2,4,GoldenrodCity;GoldenrodCity_Gym,MULTI_MAPA(2),
0x4F3,1267,FLAG_DEFEATED_ECRUTEAK_CITY_GYM,SCRIPT/EVENT,EM_USO,6,2,3,EcruteakCity_Gym,GLOBAL(codigo),
0x4F4,1268,FLAG_DEFEATED_CIANWOOD_GYM,SCRIPT/EVENT,EM_USO,13,1,11,CianwoodCity;CianwoodGym;CianwoodPokecenter;MahoganyTown_Gym,GLOBAL(codigo),
0x4F5,1269,FLAG_DEFEATED_OLIVINE_CITY_GYM,SCRIPT/EVENT,EM_USO,16,2,5,CianwoodGym;MahoganyTown_Gym;OlivineCity_Gym,MULTI_MAPA(3),
0x4F6,1270,FLAG_DEFEATED_MAHOGANY_TOWN_GYM,SCRIPT/EVENT,EM_USO,14,2,8,CianwoodGym;IcePath_1F;MahoganyTown_Gym;OlivineCity_Gym,GLOBAL(codigo),
0x4F7,1271,FLAG_DEFEATED_BLACKTHORN_GYM,SCRIPT/EVENT,EM_USO,4,1,4,BlackthornCity_Gym;DragonsDen_Shrine,GLOBAL(codigo),
0x4F8,1272,FLAG_DEFEATED_MTSILVER_RIVAL,SCRIPT/EVENT,EM_USO,5,3,5,BattleFrontier_Mart;MtSilver_SummitDay;VermilionCity_PortInside,GLOBAL(codigo),
0x4F9,1273,FLAG_NO_SHINY,SCRIPT/EVENT,NUNCA_REFERENCIADA,0,0,0,,,
0x4FA,1274,FLAG_UNUSED_4FA,SCRIPT/EVENT,NUNCA_REFERENCIADA,0,0,0,,,Reserved legacy difficulty flag; do not reuse in existing saves.
0x4FB,1275,FLAG_DEFEATED_ELITE_4_WILL,SCRIPT/EVENT,EM_USO,0,0,1,,GLOBAL(codigo),
0x4FC,1276,FLAG_DEFEATED_ELITE_4_KOGA,SCRIPT/EVENT,EM_USO,0,0,1,,GLOBAL(codigo),
0x4FD,1277,FLAG_DEFEATED_ELITE_4_BRUNO,SCRIPT/EVENT,EM_USO,0,0,1,,GLOBAL(codigo),
0x4FE,1278,FLAG_DEFEATED_ELITE_4_KAREN,SCRIPT/EVENT,EM_USO,0,0,1,,GLOBAL(codigo),
0x4FF,1279,FLAG_HIDE_LILYCOVE_CONTEST_HALL_BLEND_MASTER,SCRIPT/EVENT,EM_USO,4,0,2,,GLOBAL(codigo),Unused Flag
0x920,2336,FLAG_SNOWTOP_ITEM_SNOWBALL,RECLAIMED_TRAINER,EM_USO,0,0,1,SnowtopMountainOutside,MAPA_UNICO:SnowtopMountainOutside,
0x921,2337,FLAG_SNOWTOP_ICE_STONE,RECLAIMED_TRAINER,EM_USO,0,0,1,SnowtopMountain,MAPA_UNICO:SnowtopMountain,
0x922,2338,FLAG_SNOWTOP_ICY_ROCK,RECLAIMED_TRAINER,EM_USO,0,0,1,SnowtopMountain_B1F,MAPA_UNICO:SnowtopMountain_B1F,
0x923,2339,FLAG_SNOWTOP_FLING,RECLAIMED_TRAINER,EM_USO,0,0,1,SnowtopMountain_B1F,MAPA_UNICO:SnowtopMountain_B1F,
0x924,2340,FLAG_SNOWTOP_CALCIUM_EX,RECLAIMED_TRAINER,NUNCA_REFERENCIADA,0,0,0,,,
0x925,2341,FLAG_SNOWTOP_REGICE_DOOR,RECLAIMED_TRAINER,EM_USO,2,2,2,SnowtopMountain_B1F,MAPA_UNICO:SnowtopMountain_B1F,
0x926,2342,FLAG_MTMORTAR_DEPTHS_FIRETITE,RECLAIMED_TRAINER,EM_USO,0,1,3,MtMortar_Depths_1,GLOBAL(codigo),
0x927,2343,FLAG_MTMORTAR_DEPTHS_FIRE_BLAST_TM,RECLAIMED_TRAINER,EM_USO,0,0,1,MtMortar_Depths_1,MAPA_UNICO:MtMortar_Depths_1,
0x928,2344,FLAG_MTMORTAR_DEPTHS_ITEM1,RECLAIMED_TRAINER,EM_USO,0,0,1,MtMortar_Depths_1,MAPA_UNICO:MtMortar_Depths_1,
0x929,2345,FLAG_MTMORTAR_DEPTHS_ITEM2,RECLAIMED_TRAINER,EM_USO,0,0,1,MtMortar_Depths_1,MAPA_UNICO:MtMortar_Depths_1,
0x92A,2346,FLAG_MTMORTAR_DEPTHS_PUZZLE1SOLVED,RECLAIMED_TRAINER,EM_USO,2,2,2,MtMortar_Depths_1,MAPA_UNICO:MtMortar_Depths_1,
0x92B,2347,FLAG_MTMORTAR_DEPTHS_HEATRANPUZZLED,RECLAIMED_TRAINER,EM_USO,2,2,2,MtMortar_Depths_1,MAPA_UNICO:MtMortar_Depths_1,
0x92C,2348,FLAG_WRONG_BUTTON_HEATRAN,RECLAIMED_TRAINER,EM_USO,2,10,2,MtMortar_Depths_1,MAPA_UNICO:MtMortar_Depths_1,
0x92D,2349,FLAG_HIDE_HEATRAN,RECLAIMED_TRAINER,EM_USO,0,3,4,MtMortar_Depths_1;MtMortar_Depths_HeatranRoom;PokemonLeague_HallOfFame,MULTI_MAPA(3),
0x92E,2350,FLAG_TM_SCALD,RECLAIMED_TRAINER,EM_USO,0,0,1,VajraPyramidOutside,MAPA_UNICO:VajraPyramidOutside,
0x92F,2351,FLAG_TM_WORK_UP,RECLAIMED_TRAINER,EM_USO,0,0,1,Route40,MAPA_UNICO:Route40,
0x930,2352,FLAG_TM_PSYSHOCK,RECLAIMED_TRAINER,EM_USO,0,0,1,BattleFactoryGrounds,MAPA_UNICO:BattleFactoryGrounds,
0x931,2353,FLAG_ILEX_BECKONING_BELL,RECLAIMED_TRAINER,EM_USO,2,2,2,IlexForest,MAPA_UNICO:IlexForest,
0x932,2354,FLAG_TM_FALSE_SWIPE,RECLAIMED_TRAINER,EM_USO,2,2,2,Gate_GoldenrodCity_Route35,MAPA_UNICO:Gate_GoldenrodCity_Route35,
0x933,2355,FLAG_POSTGAME_CAP1,RECLAIMED_TRAINER,SO_ESCRITA,0,2,2,CeruleanCave_B2F,MAPA_UNICO:CeruleanCave_B2F,
0x934,2356,FLAG_POSTGAME_CAP2,RECLAIMED_TRAINER,NUNCA_REFERENCIADA,0,0,0,,,
0x935,2357,FLAG_POSTGAME_CAP3,RECLAIMED_TRAINER,NUNCA_REFERENCIADA,0,0,0,,,
0x936,2358,FLAG_POSTGAME_CAP4,RECLAIMED_TRAINER,NUNCA_REFERENCIADA,0,0,0,,,
0x937,2359,FLAG_REPLAY_BATTLE_FORMAT_DOUBLES,RECLAIMED_TRAINER,EM_USO,1,2,1,,GLOBAL(codigo),
0x938,2360,FLAG_REPLAY_BATTLE_FORMAT_SINGLES,RECLAIMED_TRAINER,EM_USO,1,2,1,,GLOBAL(codigo),
0x939,2361,FLAG_REPLAY_TRAINER_PERFECT_IVS,RECLAIMED_TRAINER,EM_USO,3,4,1,,GLOBAL(codigo),
0x93A,2362,FLAG_REPLAY_TRAINER_MAX_EVS,RECLAIMED_TRAINER,EM_USO,3,4,1,,GLOBAL(codigo),
0x93B,2363,FLAG_REPLAY_EASY_IVS,RECLAIMED_TRAINER,EM_USO,1,0,1,,GLOBAL(codigo),
0x93C,2364,FLAG_CIANWOOD_GIMMIGHOUL,RECLAIMED_TRAINER,EM_USO,2,2,3,CianwoodHouse3,MAPA_UNICO:CianwoodHouse3,
0x93D,2365,FLAG_REPLAY_NO_INNATES,RECLAIMED_TRAINER,EM_USO,4,8,5,NewBarkTown_Lab,GLOBAL(codigo),
0x93E,2366,FLAG_HIDE_SHADOW_LUGIA,RECLAIMED_TRAINER,EM_USO,3,9,3,WhirlIslands_LugiaChamber,GLOBAL(codigo),
0x93F,2367,FLAG_HIDE_CAMERON,RECLAIMED_TRAINER,EM_USO,0,20,8,CianwoodCity;KitakamiBorder;Route28;Route34,MULTI_MAPA(5),
0x940,2368,FLAG_HIDE_RIVAL_MARILL,RECLAIMED_TRAINER,EM_USO,0,4,5,MtSilver_SummitDay;NewBarkTown_House3;Route32,MULTI_MAPA(3),
0x941,2369,FLAG_HIDE_RIVAL_AZUMARILL,RECLAIMED_TRAINER,EM_USO,0,3,4,MtSilver_SummitDay;NewBarkTown_House3,GLOBAL(codigo),
0x942,2370,FLAG_CAMERON_PHOTO1,RECLAIMED_TRAINER,EM_USO,0,2,3,RuinsOfAlph_Outside,GLOBAL(codigo),
0x943,2371,FLAG_CAMERON_PHOTO2,RECLAIMED_TRAINER,SO_ESCRITA,0,2,2,RuinsOfAlph_Outside,MAPA_UNICO:RuinsOfAlph_Outside,
0x944,2372,FLAG_CAMERON_PHOTO3,RECLAIMED_TRAINER,SO_ESCRITA,0,2,2,RuinsOfAlph_Outside,MAPA_UNICO:RuinsOfAlph_Outside,
0x945,2373,FLAG_CAMERON_PHOTO4,RECLAIMED_TRAINER,SO_ESCRITA,0,2,2,RuinsOfAlph_Outside,MAPA_UNICO:RuinsOfAlph_Outside,
0x946,2374,FLAG_CAMERON_PHOTO5,RECLAIMED_TRAINER,EM_USO,0,2,3,RuinsOfAlph_Outside,GLOBAL(codigo),
0x947,2375,FLAG_HIDE_RADIOF5DUDE,RECLAIMED_TRAINER,EM_USO,0,5,6,GoldenrodCity;GoldenrodCity_RadioTower_5F;Mahoganytown,MULTI_MAPA(3),
0x948,2376,FLAG_ROCKET_TAKEOVER_CAP,RECLAIMED_TRAINER,EM_USO,0,2,3,GoldenrodCity_RadioTower_5F,GLOBAL(codigo),
0x949,2377,FLAG_TM_STONE_EDGE,RECLAIMED_TRAINER,EM_USO,0,0,1,KitakamiWell_B1F,MAPA_UNICO:KitakamiWell_B1F,
0x94A,2378,FLAG_TM_PROTEIN_EX_WELL,RECLAIMED_TRAINER,EM_USO,0,0,1,KitakamiWell_B1F,MAPA_UNICO:KitakamiWell_B1F,
0x94B,2379,FLAG_KITAKAMIMOUNTAIN_ITEM1,RECLAIMED_TRAINER,EM_USO,0,0,1,KitakamiMountain1F,MAPA_UNICO:KitakamiMountain1F,
0x94C,2380,FLAG_KITAKAMIMOUNTAIN_ITEM2,RECLAIMED_TRAINER,EM_USO,0,0,1,KitakamiMountain2F,MAPA_UNICO:KitakamiMountain2F,
0x94D,2381,FLAG_KITAKAMIMOUNTAIN_ITEM3,RECLAIMED_TRAINER,EM_USO,0,0,1,KitakamiMountain2F,MAPA_UNICO:KitakamiMountain2F,
0x94E,2382,FLAG_KITAKAMIMOUNTAIN_ITEM4,RECLAIMED_TRAINER,EM_USO,0,0,1,KitakamiMountain3F,MAPA_UNICO:KitakamiMountain3F,
0x94F,2383,FLAG_KITAKAMIMOUNTAIN_ITEM5,RECLAIMED_TRAINER,EM_USO,0,0,1,KitakamiMountain4F,MAPA_UNICO:KitakamiMountain4F,
0x950,2384,FLAG_KITAKAMIMOUNTAIN_ITEM6,RECLAIMED_TRAINER,EM_USO,0,0,1,KitakamiMountain4F,MAPA_UNICO:KitakamiMountain4F,
0x951,2385,FLAG_RECEIVED_FOCUS_SASH,RECLAIMED_TRAINER,EM_USO,2,2,2,Kitakami_Temple_TrainingRoom,MAPA_UNICO:Kitakami_Temple_TrainingRoom,
0x952,2386,FLAG_TM_SLEEP_TALK,RECLAIMED_TRAINER,EM_USO,0,0,1,Kitakami_Temple_Bedroom,MAPA_UNICO:Kitakami_Temple_Bedroom,
0x953,2387,FLAG_OBTAINED_OGERPON_MASKS,RECLAIMED_TRAINER,EM_USO,2,2,2,Kitakami_Temple_Storage,MAPA_UNICO:Kitakami_Temple_Storage,
0x954,2388,FLAG_ITEM_PROTECTOR,RECLAIMED_TRAINER,EM_USO,0,0,1,Kitakami_Temple_Storage,MAPA_UNICO:Kitakami_Temple_Storage,
0x955,2389,FLAG_ITEM_CHOICESPECS,RECLAIMED_TRAINER,EM_USO,0,0,1,FoggyShore2,MAPA_UNICO:FoggyShore2,
0x956,2390,FLAG_SHOWN_MIRROR,RECLAIMED_TRAINER,EM_USO,4,2,2,SouthShoreHouse,MAPA_UNICO:SouthShoreHouse,
0x957,2391,FLAG_HIDE_SPROUT_BASEMENT_GUARD,RECLAIMED_TRAINER,EM_USO,2,2,3,SproutTower_1F;SproutTower_3F,MULTI_MAPA(2),
0x958,2392,FLAG_HIDE_MARSHADOW,RECLAIMED_TRAINER,EM_USO,0,3,4,PokemonLeague_HallOfFame;SproutTower_Basement,MULTI_MAPA(2),
0x959,2393,FLAG_HIDE_GHOSTITE,RECLAIMED_TRAINER,EM_USO,0,0,2,SproutTower_Basement,GLOBAL(codigo),
0x95A,2394,FLAG_HIDE_SPROUT_BASEMENT_ITEM,RECLAIMED_TRAINER,EM_USO,0,0,1,SproutTower_Basement,MAPA_UNICO:SproutTower_Basement,
0x95B,2395,FLAG_POSTBATTLE_CATCH,RECLAIMED_TRAINER,EM_USO,0,0,1,,GLOBAL(codigo),
0x95C,2396,FLAG_POSTBATTLE_CATCH_GUARANTEED,RECLAIMED_TRAINER,EM_USO,0,0,1,,GLOBAL(codigo),
0x95D,2397,FLAG_GOT_DARK_CRYSTAL,RECLAIMED_TRAINER,EM_USO,0,0,1,AbandonedRocketHideoutBackroom,MAPA_UNICO:AbandonedRocketHideoutBackroom,
0x95E,2398,FLAG_RELEASE_SHINY_ODDS,RECLAIMED_TRAINER,EM_USO,2,1,3,,GLOBAL(codigo),
0x95F,2399,FLAG_BEAT_DIRECTOR,RECLAIMED_TRAINER,EM_USO,2,2,2,GoldenrodCity_RadioTower_5F,MAPA_UNICO:GoldenrodCity_RadioTower_5F,
0x960,2400,FLAG_ROUTE41_RAZOR_CLAW,RECLAIMED_TRAINER,EM_USO,0,0,1,Route41,MAPA_UNICO:Route41,
0x961,2401,FLAG_ROUTE47_RAZOR_FANG,RECLAIMED_TRAINER,EM_USO,0,0,1,Route47,MAPA_UNICO:Route47,
0x962,2402,FLAG_HIDE_LEAF_NAMELESS,RECLAIMED_TRAINER,EM_USO,0,2,3,CeruleanCave_B2F,MAPA_UNICO:CeruleanCave_B2F,
0x963,2403,FLAG_HIDE_M_WAREHOUSE,RECLAIMED_TRAINER,NUNCA_REFERENCIADA,0,0,0,,,
0x964,2404,FLAG_ARH_PUZZLE1,RECLAIMED_TRAINER,EM_USO,6,2,2,AbandonedRocketHideout,MAPA_UNICO:AbandonedRocketHideout,
0x965,2405,FLAG_ARH_PUZZLE2,RECLAIMED_TRAINER,EM_USO,4,2,2,AbandonedRocketHideout,MAPA_UNICO:AbandonedRocketHideout,
0x966,2406,FLAG_ARH_PUZZLE3,RECLAIMED_TRAINER,EM_USO,6,2,2,AbandonedRocketHideout,MAPA_UNICO:AbandonedRocketHideout,
0x967,2407,FLAG_ARH_MIRROR_HERB,RECLAIMED_TRAINER,EM_USO,0,0,1,AbandonedRocketHideout,MAPA_UNICO:AbandonedRocketHideout,
0x968,2408,FLAG_METEOR_CAVE_BOOSTER,RECLAIMED_TRAINER,EM_USO,0,0,1,MeteorCave1,MAPA_UNICO:MeteorCave1,
0x969,2409,FLAG_METEOR_CAVE_DAZZLING_GLM,RECLAIMED_TRAINER,EM_USO,0,0,1,MeteorCave1,MAPA_UNICO:MeteorCave1,
0x96A,2410,FLAG_VISITED_BATTLE_FACTORY,RECLAIMED_TRAINER,EM_USO,1,2,4,BattleFactoryGrounds,GLOBAL(codigo),
0x96B,2411,FLAG_TOHJO_PASS_ITEM1,RECLAIMED_TRAINER,EM_USO,0,0,1,TohjoPass,MAPA_UNICO:TohjoPass,
0x96C,2412,FLAG_TOHJO_PASS_ITEM2,RECLAIMED_TRAINER,EM_USO,0,0,1,TohjoPass,MAPA_UNICO:TohjoPass,
0x96D,2413,FLAG_TOHJO_PASS_ITEM3,RECLAIMED_TRAINER,EM_USO,0,0,1,TohjoPass,MAPA_UNICO:TohjoPass,
0x96E,2414,FLAG_GOT_GRACIDEA,RECLAIMED_TRAINER,EM_USO,2,2,2,GoldenrodCity_FlowerShop,MAPA_UNICO:GoldenrodCity_FlowerShop,
0x96F,2415,FLAG_OPEN_INN_DOOR,RECLAIMED_TRAINER,EM_USO,4,2,2,DarkraiInn1,MAPA_UNICO:DarkraiInn1,
0x970,2416,FLAG_HIDE_DARKRAI,RECLAIMED_TRAINER,EM_USO,0,1,3,DarkraiInnFinalRoom,MAPA_UNICO:DarkraiInnFinalRoom,
0x971,2417,FLAG_HIDE_DARKRAI_INN_NPC,RECLAIMED_TRAINER,EM_USO,0,2,3,DarkraiInn1Ruined,MAPA_UNICO:DarkraiInn1Ruined,
0x972,2418,FLAG_GOT_DOWSING_MACHINE,RECLAIMED_TRAINER,EM_USO,2,2,2,EcruteakCity_House4,MAPA_UNICO:EcruteakCity_House4,
0x973,2419,FLAG_GOT_MAGERNA_KEY,RECLAIMED_TRAINER,EM_USO,4,2,4,GoldenrodApartment;GoldenrodBattleAracdeLobby,MULTI_MAPA(2),
0x974,2420,FLAG_GOT_MAGERNA_KEY_INTRODONE,RECLAIMED_TRAINER,EM_USO,2,2,2,GoldenrodBattleAracdeLobby,MAPA_UNICO:GoldenrodBattleAracdeLobby,
0x975,2421,FLAG_MAGERNA_DOOR_OPENED,RECLAIMED_TRAINER,EM_USO,4,2,2,GoldenrodApartment,MAPA_UNICO:GoldenrodApartment,
0x976,2422,FLAG_HIDE_MAGERNA_POLICE,RECLAIMED_TRAINER,EM_USO,0,6,3,GoldenrodApartment,MAPA_UNICO:GoldenrodApartment,
0x977,2423,FLAG_HIDE_MAD_SCIENTIST,RECLAIMED_TRAINER,EM_USO,0,2,3,GoldenrodApartment,MAPA_UNICO:GoldenrodApartment,
0x978,2424,FLAG_VAJRADESERT_ITEM1,RECLAIMED_TRAINER,EM_USO,0,0,1,VajraDesertEast,MAPA_UNICO:VajraDesertEast,
0x979,2425,FLAG_VAJRADESERT_ITEM2,RECLAIMED_TRAINER,EM_USO,0,0,1,VajraDesertEast,MAPA_UNICO:VajraDesertEast,
0x97A,2426,FLAG_VAJRADESERT_ITEM3,RECLAIMED_TRAINER,EM_USO,0,0,1,VajraDesertEast,MAPA_UNICO:VajraDesertEast,
0x97B,2427,FLAG_VAJRADESERT_ITEM4,RECLAIMED_TRAINER,EM_USO,0,0,1,VajraDesertEast,MAPA_UNICO:VajraDesertEast,
0x97C,2428,FLAG_VAJRADESERT_ITEM5,RECLAIMED_TRAINER,EM_USO,0,0,1,VajraDesertEast,MAPA_UNICO:VajraDesertEast,
0x97D,2429,FLAG_VAJRADESERT_ITEM6,RECLAIMED_TRAINER,EM_USO,0,0,1,VajraDesertEast,MAPA_UNICO:VajraDesertEast,
0x97E,2430,FLAG_MAGMARIZER,RECLAIMED_TRAINER,EM_USO,0,0,1,RintoVillage,MAPA_UNICO:RintoVillage,
0x97F,2431,FLAG_RINTO_TRADE_COMPLETE,RECLAIMED_TRAINER,EM_USO,8,2,5,RintoHouse3;VajraPyramidOutside,MULTI_MAPA(2),
0x980,2432,FLAG_VAJRAPYRAMID1_URN,RECLAIMED_TRAINER,EM_USO,2,2,2,VajraPyramidFloor1,MAPA_UNICO:VajraPyramidFloor1,
0x981,2433,FLAG_SOUTHPASSAGE_ARIANA,RECLAIMED_TRAINER,EM_USO,0,10,11,CianwoodGym;EcruteakCity_Theater;GoldenrodCity_RadioTower_5F;MahoganyTown_Gym,MULTI_MAPA(6),
0x982,2434,FLAG_VAJRAPYRAMID2_URN1,RECLAIMED_TRAINER,EM_USO,2,2,2,VajraPyramidFloor2,MAPA_UNICO:VajraPyramidFloor2,
0x983,2435,FLAG_VAJRAPYRAMID2_URN2,RECLAIMED_TRAINER,EM_USO,2,2,2,VajraPyramidFloor2,MAPA_UNICO:VajraPyramidFloor2,
0x984,2436,FLAG_VAJRAPYRAMID3_ITEMBALL,RECLAIMED_TRAINER,EM_USO,0,0,1,VajraPyramidFloor3,MAPA_UNICO:VajraPyramidFloor3,
0x985,2437,FLAG_LATITEMPLE_SWITCH1,RECLAIMED_TRAINER,EM_USO,4,4,2,LatiTempleLatias,MAPA_UNICO:LatiTempleLatias,
0x986,2438,FLAG_LATITEMPLE_SWITCH2,RECLAIMED_TRAINER,EM_USO,4,4,2,LatiTempleLatias,MAPA_UNICO:LatiTempleLatias,
0x987,2439,FLAG_LATITEMPLE_SWITCH3,RECLAIMED_TRAINER,EM_USO,4,4,2,LatiTempleLatias,MAPA_UNICO:LatiTempleLatias,
0x988,2440,FLAG_LATITEMPLE_SWITCH4,RECLAIMED_TRAINER,EM_USO,4,4,2,LatiTempleLatias,MAPA_UNICO:LatiTempleLatias,
0x989,2441,FLAG_LATITEMPLE_SWITCH5,RECLAIMED_TRAINER,EM_USO,4,4,2,LatiTempleLatias,MAPA_UNICO:LatiTempleLatias,
0x98A,2442,FLAG_CAUGHT_LATIAS,RECLAIMED_TRAINER,EM_USO,4,2,4,LatiTempleLatias;LatiTempleLobby,MULTI_MAPA(2),
0x98B,2443,FLAG_CAUGHT_LATIOS,RECLAIMED_TRAINER,EM_USO,4,2,4,LatiTempleLatios;LatiTempleLobby,MULTI_MAPA(2),
0x98C,2444,FLAG_SYS_POKEMON_GET,SYSTEM,EM_USO,11,12,13,NewBarkTown_Lab,GLOBAL(codigo),
0x98D,2445,FLAG_SYS_POKEDEX_GET,SYSTEM,EM_USO,19,5,13,CherrygroveCity;Route30_MrPokemonsHouse,GLOBAL(codigo),
0x98E,2446,FLAG_SYS_POKENAV_GET,SYSTEM,EM_USO,6,3,3,NewBarkTown_PlayersHouse_1F,GLOBAL(codigo),
0x98F,2447,FLAG_STARTED_SEASONAL_PERFUME_QUEST,SYSTEM,EM_USO,3,1,3,GoldenrodCity_FlowerShop;NewBarkTown_PlayersHouse_1F,MULTI_MAPA(2),Mom noticed Deerling/Sawsbuck's coat and mentioned the Flower Shop's perfume
0x990,2448,FLAG_SYS_GAME_CLEAR,SYSTEM,EM_USO,36,2,22,BattleFrontier_ExchangeServiceCorner;CianwoodCity;GoldenrodCity_BikeShop;Route30_House,GLOBAL(codigo),
0x991,2449,FLAG_SYS_CHAT_USED,SYSTEM,EM_USO,1,1,2,,GLOBAL(codigo),
0x992,2450,FLAG_UNLOCKED_TRENDY_SAYINGS,SYSTEM,EM_USO,2,1,2,,GLOBAL(codigo),
0x993,2451,FLAG_BADGE01_GET,SYSTEM,EM_USO,2,7,17,VioletCity_Gym,GLOBAL(codigo),
0x994,2452,FLAG_BADGE02_GET,SYSTEM,EM_USO,3,3,8,AzaleaTown_Gym,GLOBAL(codigo),
0x995,2453,FLAG_BADGE03_GET,SYSTEM,EM_USO,13,3,13,GoldenrodCity_FlowerShop;GoldenrodCity_Gym;Route36,GLOBAL(codigo),
0x996,2454,FLAG_BADGE04_GET,SYSTEM,EM_USO,12,3,15,AzaleaTown_Mart;EcruteakCity_Gym;GoldenrodCity_FlowerShop;RuinsOfAlph_Lab,GLOBAL(codigo),
0x997,2455,FLAG_BADGE05_GET,SYSTEM,EM_USO,8,2,13,BattleFrontier_ExchangeServiceCorner;BlackthornCity;CianwoodCity;CianwoodGym,GLOBAL(codigo),
0x998,2456,FLAG_BADGE06_GET,SYSTEM,EM_USO,4,3,9,BlackthornCity;GoldenrodCity_FlowerShop;OlivineCity_Gym,GLOBAL(codigo),
0x999,2457,FLAG_BADGE07_GET,SYSTEM,EM_USO,5,3,10,BlackthornCity;MahoganyTown_Gym,GLOBAL(codigo),
0x99A,2458,FLAG_BADGE08_GET,SYSTEM,EM_USO,13,2,18,BattleFrontier_BattleFactoryLobby;DragonsDen_Shrine;OlivineCity_Lighthouse;OlivineCity_PortInside,GLOBAL(codigo),
0x99B,2459,FLAG_VISITED_NEWBARK_TOWN,SYSTEM,EM_USO,1,2,4,NewBarkTown_PlayersHouse_1F,GLOBAL(codigo),
0x99C,2460,FLAG_VISITED_CHERRYGROVE_CITY,SYSTEM,EM_USO,1,7,5,CherrygroveCity,GLOBAL(codigo),
0x99D,2461,FLAG_VISITED_VIOLET_CITY,SYSTEM,EM_USO,1,3,5,VioletCity,GLOBAL(codigo),
0x99E,2462,FLAG_VISITED_AZALEA_TOWN,SYSTEM,EM_USO,1,3,5,AzaleaTown,GLOBAL(codigo),
0x99F,2463,FLAG_VISITED_GOLDENROD_CITY,SYSTEM,EM_USO,1,3,5,GoldenrodCity,GLOBAL(codigo),
0x9A0,2464,FLAG_VISITED_ECRUTEAK_CITY,SYSTEM,EM_USO,1,3,5,EcruteakCity,GLOBAL(codigo),
0x9A1,2465,FLAG_VISITED_OLIVINE_CITY,SYSTEM,EM_USO,1,3,5,OlivineCity,GLOBAL(codigo),
0x9A2,2466,FLAG_VISITED_CIANWOOD_CITY,SYSTEM,EM_USO,1,2,4,CianwoodCity,GLOBAL(codigo),
0x9A3,2467,FLAG_VISITED_SAFARI_ZONE_GATE,SYSTEM,EM_USO,1,5,5,SafariZoneGate,GLOBAL(codigo),
0x9A4,2468,FLAG_VISITED_MAHOGANY_TOWN,SYSTEM,EM_USO,1,2,4,Mahoganytown,GLOBAL(codigo),
0x9A5,2469,FLAG_VISITED_LAKE_OF_RAGE,SYSTEM,EM_USO,1,3,5,LakeOfRage,GLOBAL(codigo),25
0x9A6,2470,FLAG_VISITED_BLACKTHORN_CITY,SYSTEM,EM_USO,1,2,4,BlackthornCity,GLOBAL(codigo),
0x9A7,2471,FLAG_VISITED_INDIGO_PLATEAU,SYSTEM,EM_USO,1,3,5,IndigoPlateau_PokemonCenter,GLOBAL(codigo),
0x9A8,2472,FLAG_VISITED_SNOWTOP_MOUNTAIN,SYSTEM,EM_USO,1,3,5,SnowtopMountainOutside,GLOBAL(codigo),
0x9A9,2473,FLAG_VISITED_RINTO_VILLAGE,SYSTEM,EM_USO,1,3,5,RintoVillage,GLOBAL(codigo),
0x9AA,2474,FLAG_VISITED_BATTLE_TOWER,SYSTEM,EM_USO,1,4,6,PewterCity;TrainerHill_Courtyard,GLOBAL(codigo),
0x9AB,2475,FLAG_VISITED_CERULEAN_CITY,SYSTEM,SO_ESCRITA,0,3,3,CeruleanCity,GLOBAL(codigo),49
0x9AC,2476,FLAG_VISITED_VERMILION_CITY,SYSTEM,EM_USO,1,2,5,CianwoodGym;SaffronCity_FightingDojo;VermilionCity,GLOBAL(codigo),
0x9AD,2477,FLAG_VISITED_LAVENDER_TOWN,SYSTEM,EM_USO,0,2,3,LavenderTown,GLOBAL(codigo),
0x9AE,2478,FLAG_VISITED_CELADON_CITY,SYSTEM,EM_USO,0,2,3,CeladonCity,GLOBAL(codigo),
0x9AF,2479,FLAG_VISITED_SAFFRON_CITY,SYSTEM,EM_USO,0,2,3,SaffronCity,GLOBAL(codigo),
0x9B0,2480,FLAG_VISITED_METEOR_CAVE,SYSTEM,EM_USO,1,2,3,MeteorCave1,GLOBAL(codigo),48
0x9B1,2481,FLAG_VISITED_CINNABAR_ISLAND,SYSTEM,EM_USO,0,2,3,CinnabarIsland,GLOBAL(codigo),
0x9B2,2482,FLAG_VISITED_MT_SILVER,SYSTEM,EM_USO,1,2,3,MtSilver_Outside,GLOBAL(codigo),26
0x9B3,2483,FLAG_VISITED_RECEPTION_GATE,SYSTEM,EM_USO,1,2,3,Route26North,GLOBAL(codigo),27
0x9B4,2484,FLAG_SYS_USE_FLASH,SYSTEM,EM_USO,4,7,4,,GLOBAL(codigo),
0x9B5,2485,FLAG_SYS_USE_STRENGTH,SYSTEM,EM_USO,2,6,4,,GLOBAL(codigo),
0x9B6,2486,FLAG_SYS_WEATHER_CTRL,SYSTEM,EM_USO,1,0,1,,GLOBAL(codigo),
0x9B7,2487,FLAG_SYS_CYCLING_ROAD,SYSTEM,EM_USO,3,7,3,Gate_CeladonCity_Route16,GLOBAL(codigo),
0x9B8,2488,FLAG_SYS_SAFARI_MODE,SYSTEM,EM_USO,1,7,2,,GLOBAL(codigo),
0x9B9,2489,FLAG_SYS_CRUISE_MODE,SYSTEM,EM_USO,3,7,3,,GLOBAL(codigo),
0x9BA,2490,FLAG_STARTED_VICTINI_QUEST,SYSTEM,EM_USO,2,2,2,KitakamiRoad_House,MAPA_UNICO:KitakamiRoad_House,
0x9BB,2491,FLAG_GAVE_MOM_SEASONAL_PERFUME,SYSTEM,EM_USO,1,1,1,NewBarkTown_PlayersHouse_1F,MAPA_UNICO:NewBarkTown_PlayersHouse_1F,"Delivered the Seasonal Perfume to Mom, unlocking the seasonal grooming menu"
0x9BC,2492,FLAG_SYS_TV_HOME,SYSTEM,EM_USO,1,1,2,,GLOBAL(codigo),
0x9BD,2493,FLAG_SYS_TV_WATCH,SYSTEM,EM_USO,1,3,2,,GLOBAL(codigo),
0x9BE,2494,FLAG_SYS_TV_START,SYSTEM,EM_USO,2,0,2,,GLOBAL(codigo),
0x9BF,2495,FLAG_SYS_CHANGED_DEWFORD_TREND,SYSTEM,EM_USO,1,1,1,,GLOBAL(codigo),
0x9C0,2496,FLAG_SYS_MIX_RECORD,SYSTEM,EM_USO,1,1,2,,GLOBAL(codigo),
0x9C1,2497,FLAG_SYS_CLOCK_SET,SYSTEM,EM_USO,2,1,2,,GLOBAL(codigo),
0x9C2,2498,FLAG_SYS_NATIONAL_DEX,SYSTEM,EM_USO,2,3,2,PalletTown_Lab,GLOBAL(codigo),
0x9C3,2499,FLAG_SYS_CAVE_SHIP,SYSTEM,NUNCA_REFERENCIADA,0,0,0,,,"Unused Flag, leftover from R/S debug, presumably used by Emerald's debug too"
0x9C4,2500,FLAG_SYS_CAVE_WONDER,SYSTEM,NUNCA_REFERENCIADA,0,0,0,,,"Unused Flag, same as above"
0x9C5,2501,FLAG_SYS_CAVE_BATTLE,SYSTEM,NUNCA_REFERENCIADA,0,0,0,,,"Unused Flag, same as above"
0x9C6,2502,FLAG_SYS_SHOAL_TIDE,SYSTEM,EM_USO,0,2,1,,GLOBAL(codigo),
0x9C7,2503,FLAG_SYS_RIBBON_GET,SYSTEM,EM_USO,1,5,7,,GLOBAL(codigo),
0x9C8,2504,FLAG_LANDMARK_FLOWER_SHOP,SYSTEM,EM_USO,0,0,1,,GLOBAL(codigo),
0x9C9,2505,FLAG_LANDMARK_MR_BRINEY_HOUSE,SYSTEM,EM_USO,0,0,1,,GLOBAL(codigo),
0x9CA,2506,FLAG_LANDMARK_ABANDONED_SHIP,SYSTEM,EM_USO,0,0,1,,GLOBAL(codigo),
0x9CB,2507,FLAG_LANDMARK_SEASHORE_HOUSE,SYSTEM,EM_USO,0,0,1,,GLOBAL(codigo),
0x9CC,2508,FLAG_LANDMARK_NEW_MAUVILLE,SYSTEM,EM_USO,0,0,1,,GLOBAL(codigo),
0x9CD,2509,FLAG_LANDMARK_OLD_LADY_REST_SHOP,SYSTEM,EM_USO,0,0,1,,GLOBAL(codigo),
0x9CE,2510,FLAG_LANDMARK_TRICK_HOUSE,SYSTEM,EM_USO,0,0,1,,GLOBAL(codigo),
0x9CF,2511,FLAG_LANDMARK_WINSTRATE_FAMILY,SYSTEM,EM_USO,0,0,1,,GLOBAL(codigo),
0x9D0,2512,FLAG_LANDMARK_GLASS_WORKSHOP,SYSTEM,EM_USO,0,0,1,,GLOBAL(codigo),
0x9D1,2513,FLAG_LANDMARK_LANETTES_HOUSE,SYSTEM,EM_USO,0,0,1,,GLOBAL(codigo),
0x9D2,2514,FLAG_LANDMARK_POKEMON_DAYCARE,SYSTEM,EM_USO,0,0,1,,GLOBAL(codigo),
0x9D3,2515,FLAG_LANDMARK_SEAFLOOR_CAVERN,SYSTEM,EM_USO,0,0,2,,GLOBAL(codigo),
0x9D4,2516,FLAG_LANDMARK_BATTLE_FRONTIER,SYSTEM,EM_USO,2,1,3,,GLOBAL(codigo),
0x9D5,2517,FLAG_LANDMARK_SOUTHERN_ISLAND,SYSTEM,NUNCA_REFERENCIADA,0,0,0,,,
0x9D6,2518,FLAG_LANDMARK_FIERY_PATH,SYSTEM,EM_USO,0,0,1,,GLOBAL(codigo),
0x9D7,2519,FLAG_SYS_PC_LANETTE,SYSTEM,EM_USO,8,1,7,EcruteakCity_PokemonCenter,GLOBAL(codigo),
0x9D8,2520,FLAG_SYS_MYSTERY_EVENT_ENABLE,SYSTEM,EM_USO,2,3,3,,GLOBAL(codigo),
0x9D9,2521,FLAG_SYS_ENC_UP_ITEM,SYSTEM,EM_USO,1,3,3,,GLOBAL(codigo),
0x9DA,2522,FLAG_SYS_ENC_DOWN_ITEM,SYSTEM,EM_USO,1,3,3,,GLOBAL(codigo),
0x9DB,2523,FLAG_SYS_BRAILLE_DIG,SYSTEM,EM_USO,1,1,1,,GLOBAL(codigo),
0x9DC,2524,FLAG_SYS_REGIROCK_PUZZLE_COMPLETED,SYSTEM,EM_USO,1,1,1,,GLOBAL(codigo),
0x9DD,2525,FLAG_SYS_BRAILLE_REGICE_COMPLETED,SYSTEM,EM_USO,1,0,1,,GLOBAL(codigo),
0x9DE,2526,FLAG_SYS_REGISTEEL_PUZZLE_COMPLETED,SYSTEM,EM_USO,1,1,1,,GLOBAL(codigo),
0x9DF,2527,FLAG_ENABLE_SHIP_SOUTHERN_ISLAND,SYSTEM,EM_USO,2,2,3,,GLOBAL(codigo),
0x9E0,2528,FLAG_LANDMARK_POKEMON_LEAGUE,SYSTEM,EM_USO,1,0,1,,GLOBAL(codigo),
0x9E1,2529,FLAG_LANDMARK_ISLAND_CAVE,SYSTEM,EM_USO,0,0,1,,GLOBAL(codigo),
0x9E2,2530,FLAG_LANDMARK_DESERT_RUINS,SYSTEM,EM_USO,0,0,1,,GLOBAL(codigo),
0x9E3,2531,FLAG_LANDMARK_FOSSIL_MANIACS_HOUSE,SYSTEM,EM_USO,0,0,1,,GLOBAL(codigo),
0x9E4,2532,FLAG_LANDMARK_SCORCHED_SLAB,SYSTEM,EM_USO,0,0,1,,GLOBAL(codigo),
0x9E5,2533,FLAG_LANDMARK_ANCIENT_TOMB,SYSTEM,EM_USO,0,0,1,,GLOBAL(codigo),
0x9E6,2534,FLAG_LANDMARK_TUNNELERS_REST_HOUSE,SYSTEM,EM_USO,0,0,1,,GLOBAL(codigo),
0x9E7,2535,FLAG_LANDMARK_HUNTERS_HOUSE,SYSTEM,EM_USO,0,0,1,,GLOBAL(codigo),
0x9E8,2536,FLAG_LANDMARK_SEALED_CHAMBER,SYSTEM,EM_USO,0,0,1,,GLOBAL(codigo),
0x9E9,2537,FLAG_SYS_TV_LATIAS_LATIOS,SYSTEM,EM_USO,1,4,3,,GLOBAL(codigo),
0x9EA,2538,FLAG_LANDMARK_SKY_PILLAR,SYSTEM,EM_USO,0,0,2,,GLOBAL(codigo),
0x9EB,2539,FLAG_SYS_SHOAL_ITEM,SYSTEM,EM_USO,0,1,1,,GLOBAL(codigo),
0x9EC,2540,FLAG_SYS_B_DASH,SYSTEM,EM_USO,3,3,4,NewBarkTown_PlayersHouse_1F,GLOBAL(codigo),RECEIVED Running Shoes
0x9ED,2541,FLAG_SYS_CTRL_OBJ_DELETE,SYSTEM,EM_USO,4,33,8,BattleFrontier_OutsideEast;FarawayIsland_Interior;TinTower_RoofDay;WhirlIslands_LugiaChamber,GLOBAL(codigo),
0x9EE,2542,FLAG_SYS_RESET_RTC_ENABLE,SYSTEM,EM_USO,1,2,1,,GLOBAL(codigo),
0x9EF,2543,FLAG_LANDMARK_BERRY_MASTERS_HOUSE,SYSTEM,EM_USO,0,0,1,,GLOBAL(codigo),
0x9F0,2544,FLAG_SYS_TOWER_SILVER,SYSTEM,EM_USO,5,1,6,BattleFrontier_Lounge3,GLOBAL(codigo),
0x9F1,2545,FLAG_SYS_TOWER_GOLD,SYSTEM,EM_USO,4,1,6,,GLOBAL(codigo),
0x9F2,2546,FLAG_SYS_DOME_SILVER,SYSTEM,EM_USO,2,0,3,BattleFrontier_Lounge3,GLOBAL(codigo),
0x9F3,2547,FLAG_SYS_DOME_GOLD,SYSTEM,EM_USO,1,0,3,,GLOBAL(codigo),
0x9F4,2548,FLAG_SYS_PALACE_SILVER,SYSTEM,EM_USO,2,0,3,BattleFrontier_Lounge3,GLOBAL(codigo),
0x9F5,2549,FLAG_SYS_PALACE_GOLD,SYSTEM,EM_USO,1,0,2,,GLOBAL(codigo),
0x9F6,2550,FLAG_SYS_ARENA_SILVER,SYSTEM,EM_USO,2,0,3,BattleFrontier_Lounge3,GLOBAL(codigo),
0x9F7,2551,FLAG_SYS_ARENA_GOLD,SYSTEM,EM_USO,1,0,2,,GLOBAL(codigo),
0x9F8,2552,FLAG_SYS_FACTORY_SILVER,SYSTEM,EM_USO,2,0,3,BattleFrontier_Lounge3,GLOBAL(codigo),
0x9F9,2553,FLAG_SYS_FACTORY_GOLD,SYSTEM,EM_USO,1,0,2,,GLOBAL(codigo),
0x9FA,2554,FLAG_SYS_PIKE_SILVER,SYSTEM,EM_USO,2,0,3,BattleFrontier_Lounge3,GLOBAL(codigo),
0x9FB,2555,FLAG_SYS_PIKE_GOLD,SYSTEM,EM_USO,1,0,2,,GLOBAL(codigo),
0x9FC,2556,FLAG_SYS_PYRAMID_SILVER,SYSTEM,EM_USO,2,0,3,BattleFrontier_Lounge3,GLOBAL(codigo),
0x9FD,2557,FLAG_SYS_PYRAMID_GOLD,SYSTEM,EM_USO,1,0,2,,GLOBAL(codigo),
0x9FE,2558,FLAG_SYS_FRONTIER_PASS,SYSTEM,EM_USO,4,2,5,,GLOBAL(codigo),
0x9FF,2559,FLAG_MAP_SCRIPT_CHECKED_DEOXYS,SYSTEM,NUNCA_REFERENCIADA,0,0,0,,,
0xA00,2560,FLAG_DEOXYS_ROCK_COMPLETE,SYSTEM,EM_USO,1,1,1,,GLOBAL(codigo),
0xA01,2561,FLAG_ENABLE_SHIP_BIRTH_ISLAND,SYSTEM,EM_USO,1,1,2,,GLOBAL(codigo),
0xA02,2562,FLAG_ENABLE_SHIP_FARAWAY_ISLAND,SYSTEM,EM_USO,1,1,2,,GLOBAL(codigo),
0xA03,2563,FLAG_SHOWN_BOX_WAS_FULL_MESSAGE,SYSTEM,EM_USO,1,4,3,,GLOBAL(codigo),
0xA04,2564,FLAG_ARRIVED_ON_FARAWAY_ISLAND,SYSTEM,SO_ESCRITA,0,1,1,FarawayIsland_Entrance,MAPA_UNICO:FarawayIsland_Entrance,
0xA05,2565,FLAG_ARRIVED_AT_MARINE_CAVE_EMERGE_SPOT,SYSTEM,NUNCA_REFERENCIADA,0,0,0,,,
0xA06,2566,FLAG_ARRIVED_AT_TERRA_CAVE_ENTRANCE,SYSTEM,NUNCA_REFERENCIADA,0,0,0,,,
0xA07,2567,FLAG_SYS_MYSTERY_GIFT_ENABLE,SYSTEM,EM_USO,2,3,2,,GLOBAL(codigo),
0xA08,2568,FLAG_ENTERED_MIRAGE_TOWER,SYSTEM,NUNCA_REFERENCIADA,0,0,0,,,
0xA09,2569,FLAG_LANDMARK_ALTERING_CAVE,SYSTEM,EM_USO,0,0,2,,GLOBAL(codigo),
0xA0A,2570,FLAG_LANDMARK_DESERT_UNDERPASS,SYSTEM,EM_USO,0,0,2,,GLOBAL(codigo),
0xA0B,2571,FLAG_LANDMARK_ARTISAN_CAVE,SYSTEM,EM_USO,0,0,1,,GLOBAL(codigo),
0xA0C,2572,FLAG_ENABLE_SHIP_NAVEL_ROCK,SYSTEM,EM_USO,1,1,2,,GLOBAL(codigo),
0xA0D,2573,FLAG_ARRIVED_AT_NAVEL_ROCK,SYSTEM,NUNCA_REFERENCIADA,0,0,0,,,
0xA0E,2574,FLAG_LANDMARK_TRAINER_HILL,SYSTEM,EM_USO,0,0,1,,GLOBAL(codigo),
0xA0F,2575,FLAG_ALL_INNATES_UNLOCKED,SYSTEM,EM_USO,7,9,7,NewBarkTown_Lab,GLOBAL(codigo),
0xA10,2576,FLAG_RECEIVED_POKEDEX_FROM_BIRCH,SYSTEM,EM_USO,0,0,1,,GLOBAL(codigo),
0xA11,2577,FLAG_BADGE09_GET,SYSTEM,EM_USO,1,3,3,PewterCity_Gym,GLOBAL(codigo),
0xA12,2578,FLAG_BADGE10_GET,SYSTEM,EM_USO,1,3,3,CeruleanCity_Gym,GLOBAL(codigo),
0xA13,2579,FLAG_BADGE11_GET,SYSTEM,EM_USO,1,3,3,VermilionCity_Gym,GLOBAL(codigo),
0xA14,2580,FLAG_BADGE12_GET,SYSTEM,EM_USO,1,3,3,CeladonCity_Gym,GLOBAL(codigo),
0xA15,2581,FLAG_BADGE13_GET,SYSTEM,SO_ESCRITA,0,3,3,SaffronCity_Gym,GLOBAL(codigo),
0xA16,2582,FLAG_BADGE14_GET,SYSTEM,SO_ESCRITA,0,3,3,FuchsiaCity_Gym,GLOBAL(codigo),
0xA17,2583,FLAG_BADGE15_GET,SYSTEM,SO_ESCRITA,0,2,2,,GLOBAL(codigo),
0xA18,2584,FLAG_BADGE16_GET,SYSTEM,EM_USO,1,3,4,Route19;ViridianCity_Gym,GLOBAL(codigo),
0xA19,2585,FLAG_IS_CHAMPION,SYSTEM,EM_USO,40,2,40,AbandonedRocketHideoutBackroom;BlackthornCity_Gym;DarkCave_NorthSide;EcruteakCity_Theater,GLOBAL(codigo),Seems to be related to linking.
0xA1A,2586,FLAG_NURSE_UNION_ROOM_REMINDER,SYSTEM,EM_USO,1,2,2,,GLOBAL(codigo),
0xA1B,2587,FLAG_SYS_PC_BILL,SYSTEM,EM_USO,2,2,4,GoldenrodCity;GoldenrodCity_BillsHouse,MULTI_MAPA(2),Unused Flag
0xA1C,2588,FLAG_SYS_LAKE_OF_RAGE_TIDE,SYSTEM,SO_LEITURA,2,0,2,LakeOfRage,MAPA_UNICO:LakeOfRage,Unused Flag
0xA1D,2589,FLAG_RECEIVED_BADGE_5,SYSTEM,EM_USO,0,6,8,CianwoodGym;MahoganyTown_Gym;OlivineCity_Gym,GLOBAL(codigo),
0xA1E,2590,FLAG_RECEIVED_BADGE_6,SYSTEM,EM_USO,0,6,7,CianwoodGym;MahoganyTown_Gym;OlivineCity_Gym,GLOBAL(codigo),
0xA1F,2591,FLAG_RECEIVED_BADGE_7,SYSTEM,EM_USO,0,6,7,CianwoodGym;MahoganyTown_Gym;OlivineCity_Gym,GLOBAL(codigo),
0xA20,2592,FLAG_GOLDEN_COLOSSEUM,SYSTEM,NUNCA_REFERENCIADA,0,0,0,,,Permission to enter goldenrod underground colosseum
0xA21,2593,FLAG_NEVER_TURNED_OFF_HARD,SYSTEM,NUNCA_REFERENCIADA,0,0,0,,,If player never chose normal mode during important battles
0xA22,2594,FLAG_TRAINER_LEVELSCALING,SYSTEM,SO_ESCRITA,0,2,2,Route36,MAPA_UNICO:Route36,
0xA23,2595,FLAG_WILD_LEVELSCALING,SYSTEM,SO_ESCRITA,0,2,2,Route36,MAPA_UNICO:Route36,
0xA24,2596,FLAG_BEAT_STEVEN_KITAKAMI,SYSTEM,EM_USO,0,2,4,Kitakami_Houses;Route47,MULTI_MAPA(2),
0xA25,2597,FLAG_CHOICEBAND_KITAKAMI,SYSTEM,EM_USO,0,0,1,KitakamiMountain,MAPA_UNICO:KitakamiMountain,Kitakami mountain itemball
0xA26,2598,FLAG_HIDE_MAREANIES,SYSTEM,EM_USO,0,2,3,GoldenrodShore;OlivineCity,MULTI_MAPA(2),Hacky workaround for sequence skip with goldenrod shore
0xA27,2599,FLAG_PREVENT_OVERWORLD_SPEEDUP,SYSTEM,EM_USO,1,0,1,,GLOBAL(codigo),
0xA28,2600,FLAG_HIDE_UXIE,SYSTEM,EM_USO,0,3,4,AcuityCavern;PokemonLeague_HallOfFame,MULTI_MAPA(2),
0xA29,2601,FLAG_HIDE_AZELF,SYSTEM,EM_USO,0,3,4,PokemonLeague_HallOfFame;ValorCavern,MULTI_MAPA(2),
0xA2A,2602,FLAG_HIDE_MESPRIT,SYSTEM,EM_USO,0,3,4,PokemonLeague_HallOfFame;VerityCavern,MULTI_MAPA(2),
0xA2B,2603,FLAG_HIDE_NEWBARK_RIVALMARILL,SYSTEM,EM_USO,0,4,6,NewBarkTown;NewBarkTown_Lab,MULTI_MAPA(2),
0xA2C,2604,FLAG_NO_WHITEOUT,SYSTEM,EM_USO,0,4,5,NewBarkTown,GLOBAL(codigo),
0xA2D,2605,FLAG_HIDE_CRESSELIA,SYSTEM,EM_USO,0,2,4,LakeOfRageCresseliaDen;PokemonLeague_HallOfFame,MULTI_MAPA(2),
0xA2E,2606,FLAG_HIDE_RIVAL_VIOLETGATEHOUSE,SYSTEM,EM_USO,0,5,4,Gate_Route31_VioletCity,GLOBAL(codigo),
0xA2F,2607,FLAG_PICKED_ZIGZAGOON,SYSTEM,EM_USO,4,2,4,CherrygroveCity,MAPA_UNICO:CherrygroveCity,
0xA30,2608,FLAG_PICKED_RATTATA,SYSTEM,EM_USO,4,2,4,CherrygroveCity,MAPA_UNICO:CherrygroveCity,
0xA31,2609,FLAG_VIOLET_NUGGET,SYSTEM,EM_USO,0,0,1,VioletCity,MAPA_UNICO:VioletCity,
0xA32,2610,FLAG_HIDE_ROUTE32_RIVAL,SYSTEM,EM_USO,0,2,3,Route32,MAPA_UNICO:Route32,
0xA33,2611,FLAG_HIDE_TUESCANY,SYSTEM,EM_USO,0,3,4,Route29;VioletCity_Gym,GLOBAL(codigo),
0xA34,2612,FLAG_HIDE_ROUTE34_RIVAL,SYSTEM,EM_USO,0,0,1,Route34,MAPA_UNICO:Route34,
0xA35,2613,FLAG_DESTINYKNOT_GIFT,SYSTEM,EM_USO,2,2,2,Route34_DayCare,MAPA_UNICO:Route34_DayCare,
0xA36,2614,FLAG_DERBY_NICKNAME,SYSTEM,EM_USO,0,0,1,,GLOBAL(codigo),
0xA37,2615,FLAG_DERBY_RESET,SYSTEM,EM_USO,0,0,1,,GLOBAL(codigo),
0xA38,2616,FLAG_RUINSOFALPH_NATUREPOWER,SYSTEM,EM_USO,0,0,1,RuinsOfAlph_Outside,MAPA_UNICO:RuinsOfAlph_Outside,
0xA39,2617,FLAG_HIDE_GROD_APARTMENTS_GUARD,SYSTEM,EM_USO,0,2,3,GoldenrodApartment,MAPA_UNICO:GoldenrodApartment,After showing rotom
0xA3A,2618,FLAG_ROCKET_ARCADE_SILVERPRINT,SYSTEM,EM_USO,0,0,1,,GLOBAL(codigo),
0xA3B,2619,FLAG_ROCKET_ARCADE_GOLDPRINT,SYSTEM,EM_USO,0,0,1,,GLOBAL(codigo),
0xA3C,2620,FLAG_ROCKET_DOUBLEDOWN,SYSTEM,EM_USO,0,0,1,,GLOBAL(codigo),
0xA3D,2621,FLAG_HIDE_LARVESTA,SYSTEM,EM_USO,0,3,4,DeepIlexForest;PokemonLeague_HallOfFame,MULTI_MAPA(2),
0xA3E,2622,FLAG_TM_GYRO_BALL,SYSTEM,EM_USO,0,0,1,RailwayCave,MAPA_UNICO:RailwayCave,
0xA3F,2623,FLAG_TM_HEX,SYSTEM,EM_USO,2,2,2,EcruteakCity_House3,MAPA_UNICO:EcruteakCity_House3,
0xA40,2624,FLAG_FLAME_ORB,SYSTEM,EM_USO,0,0,1,AzaleaTown,MAPA_UNICO:AzaleaTown,
0xA41,2625,FLAG_TM_ROCKSLIDE_FOUND,SYSTEM,EM_USO,0,0,1,Route49,MAPA_UNICO:Route49,
0xA42,2626,FLAG_TM_BULLDOZE,SYSTEM,EM_USO,0,0,1,VajraDesert,MAPA_UNICO:VajraDesert,
0xA43,2627,FLAG_TM_SAFETY_GOGGLES,SYSTEM,EM_USO,0,0,1,VajraDesert,MAPA_UNICO:VajraDesert,
0xA44,2628,FLAG_HYPERPOTION_DESERT,SYSTEM,EM_USO,0,0,1,VajraDesert,MAPA_UNICO:VajraDesert,
0xA45,2629,FLAG_SUS_DESERT_DOOR,SYSTEM,EM_USO,2,2,2,VajraDesert,MAPA_UNICO:VajraDesert,
0xA46,2630,FLAG_ICEPATH_BOULDER1,SYSTEM,SO_LEITURA,2,0,3,IcePath_B1F;IcePath_B2F,MULTI_MAPA(2),
0xA47,2631,FLAG_ICEPATH_BOULDER2,SYSTEM,SO_LEITURA,2,0,3,IcePath_B1F;IcePath_B2F,MULTI_MAPA(2),
0xA48,2632,FLAG_ICEPATH_BOULDER3,SYSTEM,SO_LEITURA,2,0,3,IcePath_B1F;IcePath_B2F,MULTI_MAPA(2),
0xA49,2633,FLAG_ICEPATH_BOULDER4,SYSTEM,SO_LEITURA,2,0,3,IcePath_B1F;IcePath_B2F,MULTI_MAPA(2),
0xA4A,2634,FLAG_SYS_HIDDEN_GROTTO_FIRST_VISIT,SYSTEM,EM_USO,2,4,2,,GLOBAL(codigo),
0xA4B,2635,FLAG_SNOWTOP_FROST_BREATH_TM,SYSTEM,EM_USO,0,0,1,SnowtopMountainOutside,MAPA_UNICO:SnowtopMountainOutside,
0x1000,4096,FLAG_OBTAINED_SOULDEW,CUSTOM,EM_USO,2,2,2,LatiTempleSouldewRoom,MAPA_UNICO:LatiTempleSouldewRoom,
0x1001,4097,FLAG_TM_POISON_JAB,CUSTOM,EM_USO,0,0,1,Route50,MAPA_UNICO:Route50,
0x1002,4098,FLAG_ROUTE50_ITEM1,CUSTOM,EM_USO,0,0,1,Route50,MAPA_UNICO:Route50,
0x1003,4099,FLAG_ROUTE50_ITEM2,CUSTOM,EM_USO,0,0,1,Route50,MAPA_UNICO:Route50,
0x1004,4100,FLAG_HIDE_VIRIZION,CUSTOM,EM_USO,2,3,4,PokemonLeague_HallOfFame;Route50,MULTI_MAPA(2),
0x1005,4101,FLAG_TM_AURORA_VEIL,CUSTOM,EM_USO,0,0,1,SnowtopMountainOutside,MAPA_UNICO:SnowtopMountainOutside,
0x1006,4102,FLAG_TM_THUNDER_WAVE,CUSTOM,EM_USO,0,0,1,Route41,MAPA_UNICO:Route41,
0x1007,4103,FLAG_METEORCAVE2_BIG_ROOT,CUSTOM,EM_USO,0,0,1,MeteorCave2,MAPA_UNICO:MeteorCave2,
0x1008,4104,FLAG_METEORCAVE2_BOOSTER,CUSTOM,EM_USO,0,0,1,MeteorCave2,MAPA_UNICO:MeteorCave2,
0x1009,4105,FLAG_HIDE_IRONVALIANT,CUSTOM,EM_USO,0,3,4,MeteorCave2;PokemonLeague_HallOfFame,MULTI_MAPA(2),
0x100A,4106,FLAG_RAGINGDOOR,CUSTOM,EM_USO,4,2,2,MeteorCave1_LegendaryRoom,MAPA_UNICO:MeteorCave1_LegendaryRoom,
0x100B,4107,FLAG_GOUGINGDOOR,CUSTOM,EM_USO,4,2,2,MeteorCave1_LegendaryRoom,MAPA_UNICO:MeteorCave1_LegendaryRoom,
0x100C,4108,FLAG_WALKINGDOOR,CUSTOM,EM_USO,4,2,2,MeteorCave1_LegendaryRoom,MAPA_UNICO:MeteorCave1_LegendaryRoom,
0x100D,4109,FLAG_HIDE_RAGINGBOLT,CUSTOM,EM_USO,0,2,3,MeteorCave1_LegendaryRoom,MAPA_UNICO:MeteorCave1_LegendaryRoom,
0x100E,4110,FLAG_HIDE_GOUGINGFIRE,CUSTOM,EM_USO,0,2,3,MeteorCave1_LegendaryRoom,MAPA_UNICO:MeteorCave1_LegendaryRoom,
0x100F,4111,FLAG_HIDE_WALKINGWAKE,CUSTOM,EM_USO,0,2,3,MeteorCave1_LegendaryRoom,MAPA_UNICO:MeteorCave1_LegendaryRoom,
0x1010,4112,FLAG_HIDE_FLUTTERMANE,CUSTOM,EM_USO,0,3,4,MeteorCave1;PokemonLeague_HallOfFame,MULTI_MAPA(2),
0x1011,4113,FLAG_ALL_PASTMONS,CUSTOM,EM_USO,4,2,2,MeteorCave1,MAPA_UNICO:MeteorCave1,
0x1012,4114,FLAG_ALL_FUTUREMONS,CUSTOM,EM_USO,4,2,2,MeteorCave2,MAPA_UNICO:MeteorCave2,
0x1013,4115,FLAG_LEAVESDOOR,CUSTOM,EM_USO,4,2,2,MeteorCave2_LegendaryRoom,MAPA_UNICO:MeteorCave2_LegendaryRoom,
0x1014,4116,FLAG_BOULDERDOOR,CUSTOM,EM_USO,4,2,2,MeteorCave2_LegendaryRoom,MAPA_UNICO:MeteorCave2_LegendaryRoom,
0x1015,4117,FLAG_CROWNDOOR,CUSTOM,EM_USO,4,2,2,MeteorCave2_LegendaryRoom,MAPA_UNICO:MeteorCave2_LegendaryRoom,
0x1016,4118,FLAG_HIDE_IRONLEAVES,CUSTOM,EM_USO,0,2,3,MeteorCave2_LegendaryRoom,MAPA_UNICO:MeteorCave2_LegendaryRoom,
0x1017,4119,FLAG_HIDE_IRONBOULDER,CUSTOM,EM_USO,0,2,3,MeteorCave2_LegendaryRoom,MAPA_UNICO:MeteorCave2_LegendaryRoom,
0x1018,4120,FLAG_HIDE_IRONCROWN,CUSTOM,EM_USO,0,2,3,MeteorCave2_LegendaryRoom,MAPA_UNICO:MeteorCave2_LegendaryRoom,
0x1019,4121,FLAG_HIDE_COBALION,CUSTOM,EM_USO,0,6,3,RailwayCave_3F,MAPA_UNICO:RailwayCave_3F,
0x101A,4122,FLAG_HIDE_TERRAKION,CUSTOM,EM_USO,0,6,3,DarkCave_NorthSide,MAPA_UNICO:DarkCave_NorthSide,
0x101B,4123,FLAG_CAUGHT_TERRAKION,CUSTOM,EM_USO,2,3,3,DarkCave_NorthSide;PokemonLeague_HallOfFame,MULTI_MAPA(2),
0x101C,4124,FLAG_CAUGHT_COBALION,CUSTOM,EM_USO,2,3,3,PokemonLeague_HallOfFame;RailwayCave_3F,MULTI_MAPA(2),
0x101D,4125,FLAG_NATIONAL_DEX_MIGRATION_COMPLETE,CUSTOM,EM_USO,1,2,3,,GLOBAL(codigo),
0x101E,4126,FLAG_INFINITE_HELD_ITEMS_MIGRATION_COMPLETE,CUSTOM,EM_USO,9,9,4,,GLOBAL(codigo),
0x101F,4127,FLAG_HIDE_ZERAORA,CUSTOM,EM_USO,0,6,3,TrainerHill_Courtyard,MAPA_UNICO:TrainerHill_Courtyard,
0x1020,4128,FLAG_CAUGHT_ZERAORA,CUSTOM,EM_USO,4,3,5,BattleFrontier_BattleTowerLobby;PokemonLeague_HallOfFame;TrainerHill_Courtyard,MULTI_MAPA(3),
0x1021,4129,FLAG_BATTLE_CAFE_DIANCIE_RECEIVED,CUSTOM,EM_USO,2,2,2,BattleCafe,MAPA_UNICO:BattleCafe,
0x1022,4130,FLAG_BATTLE_CAFE_ARTICUNO_RECEIVED,CUSTOM,EM_USO,6,2,4,BattleCafe,GLOBAL(codigo),
0x1023,4131,FLAG_BATTLE_CAFE_ZAPDOS_RECEIVED,CUSTOM,EM_USO,6,2,4,BattleCafe,GLOBAL(codigo),
0x1024,4132,FLAG_BATTLE_CAFE_MOLTRES_RECEIVED,CUSTOM,EM_USO,6,2,4,BattleCafe,GLOBAL(codigo),
0x1025,4133,FLAG_BATTLE_CAFE_DIANCIE_READY,CUSTOM,EM_USO,2,4,2,BattleCafe,MAPA_UNICO:BattleCafe,
0x1026,4134,FLAG_VISITED_ROUTE50,CUSTOM,EM_USO,1,3,5,BattleCafe,GLOBAL(codigo),
0x1027,4135,FLAG_BATTLE_CAFE_TORNADUS_RECEIVED,CUSTOM,EM_USO,7,2,4,BattleCafe,GLOBAL(codigo),
0x1028,4136,FLAG_BATTLE_CAFE_THUNDURUS_RECEIVED,CUSTOM,EM_USO,7,2,4,BattleCafe,GLOBAL(codigo),
0x1029,4137,FLAG_BATTLE_CAFE_LANDORUS_RECEIVED,CUSTOM,EM_USO,7,2,4,BattleCafe,GLOBAL(codigo),
0x102A,4138,FLAG_BATTLE_CAFE_ENAMORUS_RECEIVED,CUSTOM,EM_USO,7,2,4,BattleCafe,GLOBAL(codigo),
0x102B,4139,FLAG_HIDE_SPEAR_PILLAR_DIALGA_PORTAL,CUSTOM,EM_USO,0,3,4,PokemonLeague_HallOfFame;SpearPillarTop,MULTI_MAPA(2),
0x102C,4140,FLAG_HIDE_SPEAR_PILLAR_PALKIA_PORTAL,CUSTOM,EM_USO,0,3,4,PokemonLeague_HallOfFame;SpearPillarTop,MULTI_MAPA(2),
0x102D,4141,FLAG_HIDE_SPEAR_PILLAR_GIRATINA_PORTAL,CUSTOM,EM_USO,0,3,4,PokemonLeague_HallOfFame;SpearPillarTop,MULTI_MAPA(2),
0x102E,4142,FLAG_HIDE_SPEAR_PILLAR_TIME_GEAR,CUSTOM,EM_USO,0,3,4,PokemonLeague_HallOfFame;SpearPillarTop,MULTI_MAPA(2),
0x102F,4143,FLAG_BATTLE_CAFE_ENDLESS_CHALLENGE_UNLOCKED,CUSTOM,EM_USO,8,2,2,BattleCafe,MAPA_UNICO:BattleCafe,
0x1030,4144,FLAG_BATTLE_CAFE_ENDLESS_RUSH_UNLOCKED,CUSTOM,EM_USO,8,2,2,BattleCafe,MAPA_UNICO:BattleCafe,
0x1031,4145,FLAG_BATTLE_FACILITY_NO_INNATES,CUSTOM,EM_USO,3,7,3,,GLOBAL(codigo),
0x1032,4146,FLAG_BATTLE_CAFE_MIRAIDON_RECEIVED,CUSTOM,EM_USO,4,2,4,BattleCafe,GLOBAL(codigo),
0x1033,4147,FLAG_BATTLE_CAFE_KORAIDON_RECEIVED,CUSTOM,EM_USO,4,2,4,BattleCafe,GLOBAL(codigo),
0x1034,4148,FLAG_BATTLE_CAFE_TAPU_KOKO_RECEIVED,CUSTOM,EM_USO,4,1,4,BattleCafe,GLOBAL(codigo),
0x1035,4149,FLAG_BATTLE_CAFE_TAPU_LELE_RECEIVED,CUSTOM,EM_USO,4,1,4,BattleCafe,GLOBAL(codigo),
0x1036,4150,FLAG_BATTLE_CAFE_TAPU_BULU_RECEIVED,CUSTOM,EM_USO,4,1,4,BattleCafe,GLOBAL(codigo),
0x1037,4151,FLAG_BATTLE_CAFE_TAPU_FINI_RECEIVED,CUSTOM,EM_USO,4,1,4,BattleCafe,GLOBAL(codigo),
0x1038,4152,FLAG_ROUTE31_EXPERT_QUALIFIED,CUSTOM,EM_USO,5,4,4,Route31,GLOBAL(codigo),
0x1039,4153,FLAG_GOLDENRODSHORE_EXPERT_QUALIFIED,CUSTOM,EM_USO,2,4,4,GoldenrodShore,GLOBAL(codigo),
0x103A,4154,FLAG_ROUTE43_EXPERT_QUALIFIED,CUSTOM,EM_USO,3,4,4,Route43,GLOBAL(codigo),
0x103B,4155,FLAG_ROUTE47_EXPERT_QUALIFIED,CUSTOM,EM_USO,2,4,4,Route47,GLOBAL(codigo),
0x103C,4156,FLAG_ROUTE27_EXPERT_QUALIFIED,CUSTOM,EM_USO,2,4,4,Route27,GLOBAL(codigo),
0x103D,4157,FLAG_TM_PICKUP_MIGRATION_COMPLETE,CUSTOM,EM_USO,1,2,2,,GLOBAL(codigo),
0x103E,4158,FLAG_HIDE_CIANWOOD_GLADION,CUSTOM,EM_USO,0,2,10,CherrygroveCity;CianwoodCity,MULTI_MAPA(2),
0x103F,4159,FLAG_GLADION_VICTORY_ROAD_DONE,CUSTOM,EM_USO,1,2,4,ReceptionGate,MAPA_UNICO:ReceptionGate,
0x1040,4160,FLAG_EVENT_ULTRABEAST_BLACKTHORN,CUSTOM,EM_USO,1,3,11,BlackthornCity;OlivineCity_House1,GLOBAL(codigo),
0x1041,4161,FLAG_NO_CATCHING,CUSTOM,EM_USO,0,0,7,,GLOBAL(codigo),
0x1042,4162,FLAG_EVENT_ULTRABEAST_MAHOGANY,CUSTOM,EM_USO,1,3,9,Mahoganytown;OlivineCity_House1,GLOBAL(codigo),
0x1043,4163,FLAG_EVENT_ULTRABEAST_CHERRYGROVE,CUSTOM,EM_USO,4,4,10,CherrygroveCity;OlivineCity_House1,GLOBAL(codigo),
0x1044,4164,FLAG_EVENT_ULTRABEAST_NEWBARK,CUSTOM,EM_USO,5,4,12,NewBarkTown;NewBarkTown_Lab;NewBarkTown_PlayersHouse_1F;OlivineCity_House1,GLOBAL(codigo),
0x1045,4165,FLAG_EVENT_NECROZMA_ALTAR_UNLOCKED,CUSTOM,EM_USO,2,2,7,OlivineCity_House1;OlivineCity_PortInside,GLOBAL(codigo),
0x1046,4166,FLAG_VISITED_SUN_MOON_ALTAR,CUSTOM,EM_USO,1,1,2,SunMoonAltar,GLOBAL(codigo),
0x1500,5376,FLAG_0x1500,LIVRE,NUNCA_REFERENCIADA,0,0,0,,,
0x1508,5384,FLAG_ROUTE32_GROTTO,DAILY,EM_USO,0,16,3,HiddenGrotto_Route32,MAPA_UNICO:HiddenGrotto_Route32,
0x1509,5385,FLAG_DAILY_CONTEST_LOBBY_RECEIVED_BERRY,DAILY,EM_USO,2,2,1,,GLOBAL(codigo),
0x150A,5386,FLAG_DAILY_SECRET_BASE,DAILY,EM_USO,1,1,1,,GLOBAL(codigo),
0x150B,5387,FLAG_DAILY_BUG_CONTEST_COMPLETED,DAILY,SO_LEITURA,2,0,1,Gate_NationalPark,MAPA_UNICO:Gate_NationalPark,Unused Flag
0x150C,5388,FLAG_DAILY_BUG_DONE,DAILY,EM_USO,0,1,2,Gate_NationalPark,GLOBAL(codigo),Daily bug catching contest completed
0x150D,5389,FLAG_GOLDENROD_SHORE_GROTTO,DAILY,EM_USO,0,16,3,HiddenGrotto_Goldenrod_Shore,MAPA_UNICO:HiddenGrotto_Goldenrod_Shore,
0x150E,5390,FLAG_ROUTE35_GROTTO,DAILY,EM_USO,0,16,3,HiddenGrotto_Route35,MAPA_UNICO:HiddenGrotto_Route35,
0x150F,5391,FLAG_ILEX_GROTTO,DAILY,EM_USO,0,16,3,HiddenGrotto_Ilex,MAPA_UNICO:HiddenGrotto_Ilex,
0x1510,5392,FLAG_ROUTE33_GROTTO,DAILY,EM_USO,0,16,3,HiddenGrotto_Route33,MAPA_UNICO:HiddenGrotto_Route33,
0x1511,5393,FLAG_ROUTE44_GROTTO,DAILY,EM_USO,0,16,3,HiddenGrotto_Route44,MAPA_UNICO:HiddenGrotto_Route44,
0x1512,5394,FLAG_DAILY_PICKED_LOTO_TICKET,DAILY,EM_USO,2,2,2,GoldenrodCity_RadioTower_1F,MAPA_UNICO:GoldenrodCity_RadioTower_1F,
0x1513,5395,FLAG_DAILY_ROUTE_114_RECEIVED_BERRY,DAILY,NUNCA_REFERENCIADA,0,0,0,,,
0x1514,5396,FLAG_DAILY_ROUTE_111_RECEIVED_BERRY,DAILY,NUNCA_REFERENCIADA,0,0,0,,,
0x1515,5397,FLAG_DAILY_BERRY_MASTER_RECEIVED_BERRY,DAILY,EM_USO,1,1,1,Route30_House,MAPA_UNICO:Route30_House,
0x1516,5398,FLAG_DAILY_ROUTE_120_RECEIVED_BERRY,DAILY,NUNCA_REFERENCIADA,0,0,0,,,
0x1517,5399,FLAG_DAILY_LILYCOVE_RECEIVED_BERRY,DAILY,NUNCA_REFERENCIADA,0,0,0,,,
0x1518,5400,FLAG_DAILY_FLOWER_SHOP_RECEIVED_BERRY,DAILY,EM_USO,2,2,2,GoldenrodCity_FlowerShop,MAPA_UNICO:GoldenrodCity_FlowerShop,
0x1519,5401,FLAG_DAILY_BERRY_MASTERS_WIFE,DAILY,EM_USO,1,1,1,Route30_House,MAPA_UNICO:Route30_House,"Route 30 Berry Master's wife: one rare Berry a day, post-Hall of Fame (.claude/KURT_BALL_CRAFT_DESIGN.md section 5.4). Was allocated and never used by anything"
0x151A,5402,FLAG_DAILY_SOOTOPOLIS_RECEIVED_BERRY,DAILY,NUNCA_REFERENCIADA,0,0,0,,,
0x151B,5403,FLAG_LAKEOFRAGE_GROTTO,DAILY,EM_USO,0,16,3,HiddenGrotto_Lakeofrage,MAPA_UNICO:HiddenGrotto_Lakeofrage,
0x151C,5404,FLAG_DAILY_APPRENTICE_LEAVES,DAILY,EM_USO,3,1,3,BattleFrontier_BattleTowerLobby,GLOBAL(codigo),
0x151D,5405,FLAG_ROUTE47_GROTTO,DAILY,EM_USO,0,16,3,HiddenGrotto_Route47,MAPA_UNICO:HiddenGrotto_Route47,
0x151E,5406,FLAG_ROUTE38_GROTTO,DAILY,EM_USO,0,16,3,HiddenGrotto_Route38,MAPA_UNICO:HiddenGrotto_Route38,
0x151F,5407,FLAG_CANDY_KITAKAMI,DAILY,EM_USO,2,2,2,Kitakami_Houses,MAPA_UNICO:Kitakami_Houses,
0x1520,5408,FLAG_VAJRA_DESERT_WEST_GROTTO,DAILY,EM_USO,0,16,3,HiddenGrotto_Unused,MAPA_UNICO:HiddenGrotto_Unused,
0x1521,5409,FLAG_DAILY_KURT_FREE_BALLS,DAILY,EM_USO,2,4,2,AzaleaTown_KurtsHouse,MAPA_UNICO:AzaleaTown_KurtsHouse,
0x1522,5410,FLAG_DAILY_BUENA_PASSWORD,DAILY,EM_USO,2,2,2,GoldenrodCity_RadioTower_2F,MAPA_UNICO:GoldenrodCity_RadioTower_2F,
0x1523,5411,FLAG_GOT_HAIRCUT,DAILY,EM_USO,2,2,2,GoldenrodCity_UndergroundTunnel,MAPA_UNICO:GoldenrodCity_UndergroundTunnel,Unused Flag
0x1524,5412,FLAG_DAILY_BATTLE_CAFE_ATHENA,DAILY,EM_USO,2,2,2,BattleCafe,MAPA_UNICO:BattleCafe,
0x1525,5413,FLAG_DAILY_BATTLE_CAFE_DOVES,DAILY,EM_USO,2,2,2,BattleCafe,MAPA_UNICO:BattleCafe,
0x1526,5414,FLAG_DAILY_BATTLE_CAFE_ELTON,DAILY,EM_USO,2,2,2,BattleCafe,MAPA_UNICO:BattleCafe,
0x1527,5415,FLAG_DAILY_BATTLE_CAFE_NEM,DAILY,EM_USO,2,2,2,BattleCafe,MAPA_UNICO:BattleCafe,
0x1528,5416,FLAG_DAILY_BATTLE_CAFE_BAI,DAILY,EM_USO,2,2,2,BattleCafe,MAPA_UNICO:BattleCafe,
0x1529,5417,FLAG_DAILY_BATTLE_CAFE_DRAC,DAILY,EM_USO,2,2,2,BattleCafe,MAPA_UNICO:BattleCafe,
0x152A,5418,FLAG_DAILY_BATTLE_CAFE_SIMPLI,DAILY,EM_USO,2,2,2,BattleCafe,MAPA_UNICO:BattleCafe,
0x152B,5419,FLAG_DAILY_BATTLE_CAFE_TYLARIE,DAILY,EM_USO,2,2,2,BattleCafe,MAPA_UNICO:BattleCafe,
0x152C,5420,FLAG_DAILY_BATTLE_CAFE_CHALLENGE_WON,DAILY,EM_USO,2,2,2,BattleCafe,MAPA_UNICO:BattleCafe,
0x152D,5421,FLAG_DAILY_BATTLE_CAFE_RUSH_WON,DAILY,EM_USO,2,2,2,BattleCafe,MAPA_UNICO:BattleCafe,
0x152E,5422,FLAG_DAILY_BATTLE_CAFE_SUPER_RUSH_WON,DAILY,EM_USO,4,2,2,BattleCafe,MAPA_UNICO:BattleCafe,
0x152F,5423,FLAG_DAILY_BATTLE_CAFE_SUPER_CHALLENGE_WON,DAILY,EM_USO,4,2,2,BattleCafe,MAPA_UNICO:BattleCafe,
0x1530,5424,FLAG_GOT_GROOMED,DAILY,EM_USO,1,2,2,NewBarkTown_PlayersHouse_1F,GLOBAL(codigo),"Mom's Grooming service, once per day"
0x1531,5425,FLAG_DAILY_ALTAR_RIFT,DAILY,EM_USO,1,1,3,SunMoonAltar,GLOBAL(codigo),Today's rift at the altar has been used
0x1532,5426,FLAG_DAILY_REMATCH_LUSAMINE,DAILY,EM_USO,1,1,1,SunMoonAltar,MAPA_UNICO:SunMoonAltar,"Lusamine rematch at the altar, once a day"
0x1533,5427,FLAG_DAILY_REMATCH_KUKUI,DAILY,EM_USO,2,2,2,CherrygroveCity,MAPA_UNICO:CherrygroveCity,Kukui rematch on the Cherrygrove beach
0x1534,5428,FLAG_DAILY_REMATCH_LILLIE,DAILY,EM_USO,2,2,2,CherrygroveCity,MAPA_UNICO:CherrygroveCity,Lillie rematch on the Cherrygrove beach
0x1535,5429,FLAG_DAILY_REMATCH_GLADION,DAILY,EM_USO,1,1,1,CianwoodCity,MAPA_UNICO:CianwoodCity,Gladion rematch in Cianwood
0x1536,5430,FLAG_DAILY_KURT_NEW_DAY,DAILY,EM_USO,2,2,3,AzaleaTown_KurtsHouse,GLOBAL(codigo),VAR_KURT_TODAY has been reset for today
0x1537,5431,FLAG_UNUSED_0x94F,DAILY,NUNCA_REFERENCIADA,0,0,0,,,Unused Flag
0x1538,5432,FLAG_UNUSED_0x950,DAILY,NUNCA_REFERENCIADA,0,0,0,,,Unused Flag
0x1539,5433,FLAG_UNUSED_0x951,DAILY,NUNCA_REFERENCIADA,0,0,0,,,Unused Flag
0x153A,5434,FLAG_UNUSED_0x952,DAILY,NUNCA_REFERENCIADA,0,0,0,,,Unused Flag
0x153B,5435,FLAG_UNUSED_0x953,DAILY,NUNCA_REFERENCIADA,0,0,0,,,Unused Flag
0x153C,5436,FLAG_UNUSED_0x954,DAILY,NUNCA_REFERENCIADA,0,0,0,,,Unused Flag
0x153D,5437,FLAG_UNUSED_0x955,DAILY,NUNCA_REFERENCIADA,0,0,0,,,Unused Flag
0x153E,5438,FLAG_UNUSED_0x956,DAILY,NUNCA_REFERENCIADA,0,0,0,,,Unused Flag
0x153F,5439,FLAG_UNUSED_0x957,DAILY,NUNCA_REFERENCIADA,0,0,0,,,Unused Flag
0x1540,5440,FLAG_UNUSED_0x958,DAILY,NUNCA_REFERENCIADA,0,0,0,,,Unused Flag
0x1541,5441,FLAG_UNUSED_0x959,DAILY,NUNCA_REFERENCIADA,0,0,0,,,Unused Flag
0x1542,5442,FLAG_UNUSED_0x95A,DAILY,NUNCA_REFERENCIADA,0,0,0,,,Unused Flag
0x1543,5443,FLAG_UNUSED_0x95B,DAILY,NUNCA_REFERENCIADA,0,0,0,,,Unused Flag
0x1544,5444,FLAG_UNUSED_0x95C,DAILY,NUNCA_REFERENCIADA,0,0,0,,,Unused Flag
0x1545,5445,FLAG_UNUSED_0x95D,DAILY,NUNCA_REFERENCIADA,0,0,0,,,Unused Flag
0x1546,5446,FLAG_UNUSED_0x95E,DAILY,NUNCA_REFERENCIADA,0,0,0,,,Unused Flag
0x1547,5447,FLAG_UNUSED_0x95F,DAILY,NUNCA_REFERENCIADA,0,0,0,,,Unused Flag
0x2A92,10898,FLAG_R39_NORTH_ROCKY_HELMET,DAILY,EM_USO,2,2,2,Gate_Route39North,MAPA_UNICO:Gate_Route39North,
0x4000,16384,FLAG_HIDE_MAP_NAME_POPUP,SPECIAL(EWRAM),EM_USO,1,4,3,,GLOBAL(codigo),
0x4001,16385,FLAG_DONT_TRANSITION_MUSIC,SPECIAL(EWRAM),EM_USO,2,2,3,,GLOBAL(codigo),
0x4002,16386,FLAG_ENABLE_MULTI_CORRIDOR_DOOR,SPECIAL(EWRAM),EM_USO,1,4,2,BattleFrontier_BattleTowerMultiCorridor,GLOBAL(codigo),
0x4003,16387,FLAG_SPECIAL_FLAG_UNUSED_0x4003,SPECIAL(EWRAM),NUNCA_REFERENCIADA,0,0,0,,,Unused Flag
0x4004,16388,FLAG_STORING_ITEMS_IN_PYRAMID_BAG,SPECIAL(EWRAM),EM_USO,6,6,6,BattleFrontier_BattlePyramidLobby,GLOBAL(codigo),
0x4005,16389,FLAG_SAFE_FOLLOWER_MOVEMENT,SPECIAL(EWRAM),EM_USO,7,17,9,,GLOBAL(codigo),"When set, applymovement does not put the follower inside a pokeball"
0x5000,20480,TESTING_FLAG_SLEEP_CLAUSE,TESTING,EM_USO,0,0,1,,GLOBAL(codigo),
0x5001,20481,TESTING_FLAG_INVERSE_BATTLE,TESTING,EM_USO,0,0,2,,GLOBAL(codigo),
0x5002,20482,TESTING_FLAG_TRAINER_SLIDES,TESTING,EM_USO,1,0,2,,GLOBAL(codigo),
0x5003,20483,TESTING_FLAG_UNUSED_3,TESTING,NUNCA_REFERENCIADA,0,0,0,,,
0x5004,20484,TESTING_FLAG_UNUSED_4,TESTING,NUNCA_REFERENCIADA,0,0,0,,,
0x5005,20485,TESTING_FLAG_UNUSED_5,TESTING,NUNCA_REFERENCIADA,0,0,0,,,
0x5006,20486,TESTING_FLAG_UNUSED_6,TESTING,NUNCA_REFERENCIADA,0,0,0,,,
0x5007,20487,TESTING_FLAG_UNUSED_7,TESTING,NUNCA_REFERENCIADA,0,0,0,,,
